曲A(前),曲B(後),繋ぎ公演数,全公演での発生割合,繋ぎツアー数,全ツアーでの発生割合
over driver,Master Volume,10,0.009182736455463728,4,0.0975609756097561
Tettoutetsubi Yonayona Drive,Sugar Song to Bitter Step,45,0.04132231404958678,3,0.07317073170731707
Hakoniwa Rock Show,Full Color Program,39,0.03581267217630854,3,0.07317073170731707
23:25,Linear Blue wo Kikinagara,25,0.02295684113865932,3,0.07317073170731707
Sanpo Saki My Life,MR. Andy,9,0.008264462809917356,3,0.07317073170731707
Ride on Time,Galileo no Showcase,36,0.03305785123966942,3,0.07317073170731707
Clover,Full Color Program,32,0.02938475665748393,3,0.07317073170731707
crazy birthday,Bachigai Hummingbird,15,0.013774104683195593,3,0.07317073170731707
Sakura no Ato (all quartets lead to the?),crazy birthday,16,0.014692378328741965,3,0.07317073170731707
Aerial Alien,Atorakushon ga Hajimaru (they call it “NO.6”),51,0.046831955922865015,3,0.07317073170731707
Orion wo Nazoru,Hikari Nodokeki Haru no Hi ni,34,0.031221303948576674,3,0.07317073170731707
WINDOW Akeru,Shoegazer Speaker,59,0.05417814508723599,3,0.07317073170731707
Full Color Program,23:25,16,0.014692378328741965,3,0.07317073170731707
Hakoniwa Rock Show,Galileo no Showcase,36,0.03305785123966942,3,0.07317073170731707
Counter Identity,Orion wo Nazoru,32,0.02938475665748393,3,0.07317073170731707
Seku x Kara x Shisonzuuru,flat song,31,0.028466483011937556,2,0.04878048780487805
Karakuri Karukare,Sentimental Period,20,0.018365472910927456,2,0.04878048780487805
Silent Libre Mirage,"10% roll, 10% romance",26,0.023875114784205693,2,0.04878048780487805
23:25,cody beats,5,0.004591368227731864,2,0.04878048780487805
flat song,over driver,31,0.028466483011937556,2,0.04878048780487805
Orion wo Nazoru,23:25,18,0.01652892561983471,2,0.04878048780487805
fake town baby,Tettoutetsubi Yonayona Drive,16,0.014692378328741965,2,0.04878048780487805
"10% roll, 10% romance",Cheap Cheap Endroll,50,0.04591368227731864,2,0.04878048780487805
Little Time Stop,Seku x Kara x Shisonzuuru,32,0.02938475665748393,2,0.04878048780487805
1/6 no Yume Tabibito 2002,Why I'm Me,14,0.012855831037649219,2,0.04878048780487805
Hanabi,1/6 no Yume Tabibito 2002,14,0.012855831037649219,2,0.04878048780487805
Boku wa Kimi ni Naritai,Hanabi,14,0.012855831037649219,2,0.04878048780487805
Toushindai no Chikyu,Chandelier Waltz,23,0.021120293847566574,2,0.04878048780487805
Yoru ga Yureteiru,Boku wa Kimi ni Naritai,14,0.012855831037649219,2,0.04878048780487805
Siren in the Spy,Full Color Program,14,0.012855831037649219,2,0.04878048780487805
"10% roll, 10% romance",kaleido proud fiesta,18,0.01652892561983471,2,0.04878048780487805
Galileo no Showcase,Sora no Tobikata,7,0.006427915518824609,2,0.04878048780487805
Sentimental Period,Galileo no Showcase,33,0.030303030303030304,2,0.04878048780487805
Tengoku to Jigoku,"Catch up, latency",6,0.005509641873278237,2,0.04878048780487805
Deirai Kyousou Gakudan,Full Color Program,10,0.009182736455463728,2,0.04878048780487805
Tengoku to Jigoku,mix juice no Iutouri,37,0.03397612488521579,2,0.04878048780487805
Phantom Joke,Instrumental Jam,42,0.03856749311294766,2,0.04878048780487805
Sugar Song to Bitter Step,Bachigai Hummingbird,51,0.046831955922865015,2,0.04878048780487805
Tettoutetsubi Yonayona Drive,Chaos ga Kiwamaru,35,0.03213957759412305,2,0.04878048780487805
Pandemic Sudden Death,Tettoutetsubi Yonayona Drive,25,0.02295684113865932,2,0.04878048780487805
3 minutes replay,"kid, I like quartet",26,0.023875114784205693,2,0.04878048780487805
Linear Blue wo Kikinagara,Atorakushon ga Hajimaru (they call it “NO.6”),4,0.0036730945821854912,2,0.04878048780487805
Invisible Sensation,Tengoku to Jigoku,5,0.004591368227731864,2,0.04878048780487805
Sakura no Ato (all quartets lead to the?),Cheap Cheap Endroll,4,0.0036730945821854912,2,0.04878048780487805
"Majority Report (darling, I love you)","Minority Report (darling, I love you)",48,0.0440771349862259,2,0.04878048780487805
Tettoutetsubi Yonayona Drive,23:25,37,0.03397612488521579,2,0.04878048780487805
Galileo no Showcase,Airabuniju,4,0.0036730945821854912,2,0.04878048780487805
Ride on Time,Counter Identity,12,0.011019283746556474,2,0.04878048780487805
Full Color Program,MR. Andy,35,0.03213957759412305,2,0.04878048780487805
Childhood Supernova,"kid, I like quartet",5,0.004591368227731864,2,0.04878048780487805
Hakoniwa Rock Show,cody beats,15,0.013774104683195593,2,0.04878048780487805
Pistol Galaxy,Gyakuten Sayonara,31,0.028466483011937556,2,0.04878048780487805
"kid, I like quartet",MR. Andy,29,0.02662993572084481,2,0.04878048780487805
23:25,"Majority Report (darling, I love you)",9,0.008264462809917356,2,0.04878048780487805
over driver,Pistol Galaxy,32,0.02938475665748393,2,0.04878048780487805
Sugar Song to Bitter Step,Orion wo Nazoru,12,0.011019283746556474,2,0.04878048780487805
Gyakuten Sayonara,Boku wa Kimi ni Naritai,31,0.028466483011937556,2,0.04878048780487805
Boku wa Kimi ni Naritai,Snow Loop,31,0.028466483011937556,2,0.04878048780487805
Bachigai Hummingbird,Linear Blue wo Kikinagara,23,0.021120293847566574,2,0.04878048780487805
Messenger From Zen Sekai,23:25,12,0.011019283746556474,2,0.04878048780487805
Kimi wa Tomodachi,Ride on Time,25,0.02295684113865932,2,0.04878048780487805
Chandelier Waltz,Kimi wa Tomodachi,25,0.02295684113865932,2,0.04878048780487805
Linear Blue wo Kikinagara,Chandelier Waltz,27,0.024793388429752067,2,0.04878048780487805
Nonfiction Compass,Sangatsu Monogatari,25,0.02295684113865932,2,0.04878048780487805
Sangatsu Monogatari,Mikazuki no Yoru no Mannaka,25,0.02295684113865932,2,0.04878048780487805
"kid, I like quartet",Linear Blue wo Kikinagara,25,0.02295684113865932,2,0.04878048780487805
crazy birthday,"kid, I like quartet",25,0.02295684113865932,2,0.04878048780487805
like coffee no Omajinai,crazy birthday,25,0.02295684113865932,2,0.04878048780487805
Bachigai Hummingbird,like coffee no Omajinai,25,0.02295684113865932,2,0.04878048780487805
Kimi no Hitomi ni Koishi Tenai,Galileo no Showcase,16,0.014692378328741965,2,0.04878048780487805
Full Color Program,Bachigai Hummingbird,20,0.018365472910927456,2,0.04878048780487805
to the CIDER ROAD,Tameiki shooting the MOON,26,0.023875114784205693,2,0.04878048780487805
Tameiki shooting the MOON,cody beats,25,0.02295684113865932,2,0.04878048780487805
cody beats,Love Song wa Totsuzen ni? ~What is the name of that mystery??~,25,0.02295684113865932,2,0.04878048780487805
Love Song wa Totsuzen ni? ~What is the name of that mystery??~,Serenade ga Tomaranai,25,0.02295684113865932,2,0.04878048780487805
Serenade ga Tomaranai,Miss. Sandy,25,0.02295684113865932,2,0.04878048780487805
Miss. Sandy,Counter Identity,25,0.02295684113865932,2,0.04878048780487805
Hikari Nodokeki Haru no Hi ni,Itsuka no Shounen,25,0.02295684113865932,2,0.04878048780487805
Itsuka no Shounen,Cross Heart 1 Gousen (Advantage In a Long Time),25,0.02295684113865932,2,0.04878048780487805
Sawarenai Uta,Nonfiction Compass,13,0.011937557392102846,2,0.04878048780487805
Chandelier Waltz,Tettoutetsubi Yonayona Drive,12,0.011019283746556474,2,0.04878048780487805
Chandelier Waltz,Cheap Cheap Endroll,42,0.03856749311294766,2,0.04878048780487805
Sawarenai Uta,Love Song wa Totsuzen ni? ~What is the name of that mystery??~,31,0.028466483011937556,2,0.04878048780487805
Hatch I need,Mermaid Scandalous,25,0.02295684113865932,2,0.04878048780487805
Koko de Atta ga Kemonomichi,Nonfiction Compass,31,0.028466483011937556,2,0.04878048780487805
Mikazuki no Yoru no Mannaka,Santa Claus wa Juutai-chuu,31,0.028466483011937556,2,0.04878048780487805
Santa Claus wa Juutai-chuu,Snow Reverse,32,0.02938475665748393,2,0.04878048780487805
Signal ABC,Radial Night Chaser,31,0.028466483011937556,2,0.04878048780487805
Radial Night Chaser,"I wanna believe, Yoru o Iku",31,0.028466483011937556,2,0.04878048780487805
"I wanna believe, Yoru o Iku",Micro Paradiso!,31,0.028466483011937556,2,0.04878048780487805
Micro Paradiso!,5-bu-go no Stardust,31,0.028466483011937556,2,0.04878048780487805
5-bu-go no Stardust,Sawarenai Uta,31,0.028466483011937556,2,0.04878048780487805
Sentimental Period,Ride on Time,2,0.0018365472910927456,2,0.04878048780487805
Sugar Song to Bitter Step,Full Color Program,19,0.017447199265381085,2,0.04878048780487805
Orion wo Nazoru,Full Color Program,11,0.010101010101010102,2,0.04878048780487805
Sora no Tobikata,"kid, I like quartet",4,0.0036730945821854912,2,0.04878048780487805
Bachigai Hummingbird,cody beats,8,0.0073461891643709825,2,0.04878048780487805
Clover,Bachigai Hummingbird,5,0.004591368227731864,2,0.04878048780487805
Hakoniwa Rock Show,Scarsdale,8,0.0073461891643709825,2,0.04878048780487805
CAPACITY Koeru,Bachigai Hummingbird,20,0.018365472910927456,2,0.04878048780487805
mouth to mouse(sent you),Signal ABC,15,0.013774104683195593,2,0.04878048780487805
Shupurehikouru ~Sekai ga Owaru Mae ni~,Worldwide Supergirl,17,0.015610651974288337,2,0.04878048780487805
harmonized finale,Galileo no Showcase,12,0.011019283746556474,2,0.04878048780487805
Snow Loop,Koko de Atta ga Kemonomichi,31,0.028466483011937556,2,0.04878048780487805
Cross Heart 1 Gousen (Advantage In a Long Time),Hakoniwa Rock Show,26,0.023875114784205693,2,0.04878048780487805
Sanpo Saki My Life,"kid, I like quartet",11,0.010101010101010102,2,0.04878048780487805
Mekator Jikuu Tankentai,Nani ka ga Kawari So,38,0.03489439853076217,2,0.04878048780487805
Orion wo Nazoru,Nagareboshi wo Uchi Otose,37,0.03397612488521579,2,0.04878048780487805
Orchestra o Mi ni Ikou,Instrumental Jam,18,0.01652892561983471,2,0.04878048780487805
Sora no Tobikata,Deirai Kyousou Gakudan,13,0.011937557392102846,2,0.04878048780487805
Nagareboshi wo Uchi Otose,Hakoniwa Rock Show,37,0.03397612488521579,2,0.04878048780487805
Hakoniwa Rock Show,to the CIDER ROAD,37,0.03397612488521579,2,0.04878048780487805
Sora no Tobikata,Full Color Program,4,0.0036730945821854912,2,0.04878048780487805
Airabuniju,Full Color Program,7,0.006427915518824609,2,0.04878048780487805
Orchestra o Mi ni Ikou,fake town baby,14,0.012855831037649219,2,0.04878048780487805
to the CIDER ROAD,Kimi ga Otona ni Natte Shimau Mae ni,37,0.03397612488521579,2,0.04878048780487805
Itsuka no Shounen,MR. Andy,12,0.011019283746556474,2,0.04878048780487805
Tettoutetsubi Yonayona Drive,"kid, I like quartet",31,0.028466483011937556,2,0.04878048780487805
Kimi ga Otona ni Natte Shimau Mae ni,Mekator Jikuu Tankentai,37,0.03397612488521579,2,0.04878048780487805
Nani ka ga Kawari So,Chandelier Waltz,37,0.03397612488521579,2,0.04878048780487805
Tasogare in the Spy,Siren in the Spy,37,0.03397612488521579,2,0.04878048780487805
Karakuri Karukare,23:25,5,0.004591368227731864,2,0.04878048780487805
Chandelier Waltz,Momai termination,37,0.03397612488521579,2,0.04878048780487805
Momai termination,WINDOW Akeru,37,0.03397612488521579,2,0.04878048780487805
Shoegazer Speaker,harmonized finale,37,0.03397612488521579,2,0.04878048780487805
harmonized finale,Tengoku to Jigoku,40,0.03673094582185491,2,0.04878048780487805
Tengoku to Jigoku,Karakuri Karukare,37,0.03397612488521579,2,0.04878048780487805
Karakuri Karukare,Sakura no Ato (all quartets lead to the?),17,0.015610651974288337,2,0.04878048780487805
Bachigai Hummingbird,instant EGOIST,37,0.03397612488521579,2,0.04878048780487805
instant EGOIST,Tettoutetsubi Yonayona Drive,36,0.03305785123966942,2,0.04878048780487805
Messenger From Zen Sekai,Coffee Cup Syndrome,24,0.02203856749311295,2,0.04878048780487805
Sora no Tobikata,Mizu to Ame ni Tsuite,3,0.0027548209366391185,2,0.04878048780487805
Galileo no Showcase,"kid, I like quartet",4,0.0036730945821854912,2,0.04878048780487805
Siren in the Spy,Orion wo Nazoru,38,0.03489439853076217,2,0.04878048780487805
Full Color Program,Protract Countdown,16,0.014692378328741965,2,0.04878048780487805
Clover,Orchestra o Mi ni Ikou,48,0.0440771349862259,2,0.04878048780487805
Invisible Sensation,Bachigai Hummingbird,34,0.031221303948576674,2,0.04878048780487805
Kimi no Moto e,Chandelier Waltz,9,0.008264462809917356,2,0.04878048780487805
Master Volume,Kimi no Moto e,5,0.004591368227731864,2,0.04878048780487805
Bachigai Hummingbird,Yoru ga Yureteiru,14,0.012855831037649219,2,0.04878048780487805
cody beats,Orion wo Nazoru,14,0.012855831037649219,2,0.04878048780487805
cody beats,Deirai Kyousou Gakudan,4,0.0036730945821854912,2,0.04878048780487805
Atorakushon ga Hajimaru (they call it “NO.6”),Sugar Song to Bitter Step,19,0.017447199265381085,2,0.04878048780487805
cody beats,Galileo no Showcase,26,0.023875114784205693,2,0.04878048780487805
WINDOW Akeru,Master Volume,26,0.023875114784205693,2,0.04878048780487805
Drum Solo,Invisible Sensation,22,0.020202020202020204,2,0.04878048780487805
Atorakushon ga Hajimaru (they call it “NO.6”),Serenade ga Tomaranai,2,0.0018365472910927456,1,0.024390243902439025
Linear Blue wo Kikinagara,Boku wa Kimi ni Naritai,1,0.0009182736455463728,1,0.024390243902439025
Sanpo Saki My Life,Orion wo Nazoru,25,0.02295684113865932,1,0.024390243902439025
Cheap Cheap Endroll,Sugar Song to Bitter Step,25,0.02295684113865932,1,0.024390243902439025
"Nigatsu, Hakuchu no Nagareboshi to Hikoukigumo",Airabuniju,2,0.0018365472910927456,1,0.024390243902439025
Orion wo Nazoru,kaleido proud fiesta,27,0.024793388429752067,1,0.024390243902439025
Hitori Omou wa Ame no Naka,"Nigatsu, Hakuchu no Nagareboshi to Hikoukigumo",1,0.0009182736455463728,1,0.024390243902439025
kaleido proud fiesta,to the CIDER ROAD,25,0.02295684113865932,1,0.024390243902439025
mouth to mouse(sent you),Messenger From Zen Sekai,1,0.0009182736455463728,1,0.024390243902439025
Worldwide Supergirl,Master Volume,4,0.0036730945821854912,1,0.024390243902439025
Full Color Program,Kimi no Hitomi ni Koishi Tenai,2,0.0018365472910927456,1,0.024390243902439025
Kimi no Hitomi ni Koishi Tenai,Hatch I need,2,0.0018365472910927456,1,0.024390243902439025
Sakura no Ato (all quartets lead to the?),Haru ga Kite Bokura,2,0.0018365472910927456,1,0.024390243902439025
Boku wa Kimi ni Naritai,Tettoutetsubi Yonayona Drive,1,0.0009182736455463728,1,0.024390243902439025
Love Song wa Totsuzen ni? ~What is the name of that mystery??~,Worldwide Supergirl,16,0.014692378328741965,1,0.024390243902439025
Sekai wa Fancy,23:25,1,0.0009182736455463728,1,0.024390243902439025
Deirai Kyousou Gakudan,Childhood Supernova,1,0.0009182736455463728,1,0.024390243902439025
Protract Countdown,Deirai Kyousou Gakudan,1,0.0009182736455463728,1,0.024390243902439025
23:25,Protract Countdown,1,0.0009182736455463728,1,0.024390243902439025
to the CIDER ROAD,"10% roll, 10% romance",25,0.02295684113865932,1,0.024390243902439025
Full Color Program,Love Song wa Totsuzen ni? ~What is the name of that mystery??~,16,0.014692378328741965,1,0.024390243902439025
Mermaid Scandalous,Orion wo Nazoru,2,0.0018365472910927456,1,0.024390243902439025
Sugar Song to Bitter Step,Light Flat,1,0.0009182736455463728,1,0.024390243902439025
Sayonara Dai Kyu Wakusei,Sawarenai Uta,1,0.0009182736455463728,1,0.024390243902439025
Airabuniju,Mizu to Ame ni Tsuite,1,0.0009182736455463728,1,0.024390243902439025
Ryusei no Squall,Full Color Program,17,0.015610651974288337,1,0.024390243902439025
Sangatsu Monogatari,Sawarenai Uta,1,0.0009182736455463728,1,0.024390243902439025
Sawarenai Uta,kaleido proud fiesta,2,0.0018365472910927456,1,0.024390243902439025
kaleido proud fiesta,Tettoutetsubi Yonayona Drive,2,0.0018365472910927456,1,0.024390243902439025
Sugar Song to Bitter Step,Sangatsu Monogatari,1,0.0009182736455463728,1,0.024390243902439025
Nonfiction Compass,Tettoutetsubi Yonayona Drive,2,0.0018365472910927456,1,0.024390243902439025
Sayonara Summer Time Machine,Signal ABC,3,0.0027548209366391185,1,0.024390243902439025
Mizu to Ame ni Tsuite,Counter Identity,1,0.0009182736455463728,1,0.024390243902439025
Counter Identity,WINDOW Akeru,1,0.0009182736455463728,1,0.024390243902439025
Bachigai Hummingbird,Fiction Freak Crisis,1,0.0009182736455463728,1,0.024390243902439025
Fiction Freak Crisis,Linear Blue wo Kikinagara,1,0.0009182736455463728,1,0.024390243902439025
Linear Blue wo Kikinagara,Serenade ga Tomaranai,3,0.0027548209366391185,1,0.024390243902439025
Sawarenai Uta,Atorakushon ga Hajimaru (they call it “NO.6”),2,0.0018365472910927456,1,0.024390243902439025
Atorakushon ga Hajimaru (they call it “NO.6”),Tettoutetsubi Yonayona Drive,2,0.0018365472910927456,1,0.024390243902439025
Chaos ga Kiwamaru,harmonized finale,1,0.0009182736455463728,1,0.024390243902439025
Tettoutetsubi Yonayona Drive,Sakura no Ato (all quartets lead to the?),4,0.0036730945821854912,1,0.024390243902439025
Coffee Cup Syndrome,Sentimental Period,2,0.0018365472910927456,1,0.024390243902439025
Master Volume,Ride on Time,5,0.004591368227731864,1,0.024390243902439025
Silent Libre Mirage,Own Civilization (nano‐mile met),25,0.02295684113865932,1,0.024390243902439025
CAPACITY Koeru,Silent Libre Mirage,25,0.02295684113865932,1,0.024390243902439025
Chandelier Waltz,CAPACITY Koeru,26,0.023875114784205693,1,0.024390243902439025
Sekai wa Fancy,Chandelier Waltz,25,0.02295684113865932,1,0.024390243902439025
Hakoniwa Rock Show,Sekai wa Fancy,25,0.02295684113865932,1,0.024390243902439025
harmonized finale,Hakoniwa Rock Show,25,0.02295684113865932,1,0.024390243902439025
Haru ga Kite Bokura,Chandelier Waltz,4,0.0036730945821854912,1,0.024390243902439025
like coffee no Omajinai,Sakura no Ato (all quartets lead to the?),9,0.008264462809917356,1,0.024390243902439025
Friday Novels,like coffee no Omajinai,7,0.006427915518824609,1,0.024390243902439025
Ride on Time,Sentimental Period,2,0.0018365472910927456,1,0.024390243902439025
Toushindai no Chikyu,Sayonara Dai Kyu Wakusei,1,0.0009182736455463728,1,0.024390243902439025
Sentimental Period,Clover,6,0.005509641873278237,1,0.024390243902439025
Mizu to Ame ni Tsuite,WINDOW Akeru,5,0.004591368227731864,1,0.024390243902439025
Messenger From Zen Sekai,Mizu to Ame ni Tsuite,5,0.004591368227731864,1,0.024390243902439025
Hitori Omou wa Ame no Naka,Messenger From Zen Sekai,1,0.0009182736455463728,1,0.024390243902439025
Full Color Program,Hitori Omou wa Ame no Naka,3,0.0027548209366391185,1,0.024390243902439025
Deirai Kyousou Gakudan,Ryusei Kouro,6,0.005509641873278237,1,0.024390243902439025
Deirai Kyousou Gakudan,Toushindai no Chikyu,5,0.004591368227731864,1,0.024390243902439025
Counter Identity,"Nigatsu, Hakuchu no Nagareboshi to Hikoukigumo",3,0.0027548209366391185,1,0.024390243902439025
WINDOW Akeru,Counter Identity,8,0.0073461891643709825,1,0.024390243902439025
Otonoba Chukan Shiken,Tengoku to Jigoku,8,0.0073461891643709825,1,0.024390243902439025
Galileo no Showcase,Light Flat,8,0.0073461891643709825,1,0.024390243902439025
Toushindai no Chikyu,Another World,1,0.0009182736455463728,1,0.024390243902439025
Kimi no Moto e,Master Volume,10,0.009182736455463728,1,0.024390243902439025
Drum Solo,Tettoutetsubi Yonayona Drive,2,0.0018365472910927456,1,0.024390243902439025
Tettoutetsubi Yonayona Drive,Sayonara Summer Time Machine,1,0.0009182736455463728,1,0.024390243902439025
Chandelier Waltz,Kimi no Moto e,10,0.009182736455463728,1,0.024390243902439025
Kimi no Moto e,Sayonara Summer Time Machine,1,0.0009182736455463728,1,0.024390243902439025
Dareka ga Wasurete iru Kamoshirenai Bokura ni Daijina 001 no Koto,Snow Answer,1,0.0009182736455463728,1,0.024390243902439025
Nano Size Skywalk,Sanpo Saki My Life,25,0.02295684113865932,1,0.024390243902439025
Snow Answer,"kid, I like quartet",1,0.0009182736455463728,1,0.024390243902439025
Worldwide Supergirl,Nano Size Skywalk,25,0.02295684113865932,1,0.024390243902439025
Kimi wa Iiko,mouth to mouse(sent you),1,0.0009182736455463728,1,0.024390243902439025
Hakoniwa Rock Show,23:25,4,0.0036730945821854912,1,0.024390243902439025
Yayoichou Lonely Planet,Worldwide Supergirl,25,0.02295684113865932,1,0.024390243902439025
Own Civilization (nano‐mile met),Radial Night Chaser,25,0.02295684113865932,1,0.024390243902439025
Pandemic Sudden Death,Snow Answer,12,0.011019283746556474,1,0.024390243902439025
Snow Answer,Drum Solo,10,0.009182736455463728,1,0.024390243902439025
5-bu-go no Stardust,Yayoichou Lonely Planet,25,0.02295684113865932,1,0.024390243902439025
Sugar Song to Bitter Step,Otonoba Chukan Shiken,15,0.013774104683195593,1,0.024390243902439025
Otonoba Chukan Shiken,Invisible Sensation,12,0.011019283746556474,1,0.024390243902439025
5-bu-go no Stardust,Messenger From Zen Sekai,1,0.0009182736455463728,1,0.024390243902439025
MR. Andy,Ride on Time,1,0.0009182736455463728,1,0.024390243902439025
fake town baby,5-bu-go no Stardust,25,0.02295684113865932,1,0.024390243902439025
MR. Andy,Hakoniwa Rock Show,7,0.006427915518824609,1,0.024390243902439025
Scarsdale,Searchlight,1,0.0009182736455463728,1,0.024390243902439025
Radial Night Chaser,fake town baby,25,0.02295684113865932,1,0.024390243902439025
Searchlight,Bachigai Hummingbird,1,0.0009182736455463728,1,0.024390243902439025
Master Volume,Chandelier Waltz,1,0.0009182736455463728,1,0.024390243902439025
Scarsdale,"Yuunagi, Ensemble",1,0.0009182736455463728,1,0.024390243902439025
to the CIDER ROAD,Sakura no Ato (all quartets lead to the?),1,0.0009182736455463728,1,0.024390243902439025
"kid, I like quartet",Sanpo Saki My Life,10,0.009182736455463728,1,0.024390243902439025
Sakura no Ato (all quartets lead to the?),Bachigai Hummingbird,28,0.025711662075298437,1,0.024390243902439025
Atorakushon ga Hajimaru (they call it “NO.6”),"10% roll, 10% romance",3,0.0027548209366391185,1,0.024390243902439025
"10% roll, 10% romance",mix juice no Iutouri,2,0.0018365472910927456,1,0.024390243902439025
mix juice no Iutouri,Master Volume,2,0.0018365472910927456,1,0.024390243902439025
Master Volume,Invisible Sensation,2,0.0018365472910927456,1,0.024390243902439025
crazy birthday,Sakura no Ato (all quartets lead to the?),26,0.023875114784205693,1,0.024390243902439025
"Catch up, latency",Seihitsu Kanbi Akigure Jojou,2,0.0018365472910927456,1,0.024390243902439025
Karakuri Karukare,crazy birthday,25,0.02295684113865932,1,0.024390243902439025
Seihitsu Kanbi Akigure Jojou,harmonized finale,2,0.0018365472910927456,1,0.024390243902439025
harmonized finale,Orchestra o Mi ni Ikou,2,0.0018365472910927456,1,0.024390243902439025
Orion wo Nazoru,Haru ga Kite Bokura,4,0.0036730945821854912,1,0.024390243902439025
Dareka ga Wasurete iru Kamoshirenai Bokura ni Daijina 001 no Koto,Sora no Tobikata,1,0.0009182736455463728,1,0.024390243902439025
Linear Blue wo Kikinagara,Dareka ga Wasurete iru Kamoshirenai Bokura ni Daijina 001 no Koto,18,0.01652892561983471,1,0.024390243902439025
Chandelier Waltz,Sakura no Ato (all quartets lead to the?),5,0.004591368227731864,1,0.024390243902439025
Bachigai Hummingbird,MR. Andy,10,0.009182736455463728,1,0.024390243902439025
"10% roll, 10% romance",Dareka ga Wasurete iru Kamoshirenai Bokura ni Daijina 001 no Koto,26,0.023875114784205693,1,0.024390243902439025
Haru ga Kite Bokura,Sawarenai Uta,1,0.0009182736455463728,1,0.024390243902439025
Scarsdale,Haru ga Kite Bokura,1,0.0009182736455463728,1,0.024390243902439025
Sugar Song to Bitter Step,Scarsdale,1,0.0009182736455463728,1,0.024390243902439025
Pandemic Sudden Death,Drum Solo,1,0.0009182736455463728,1,0.024390243902439025
Coffee Cup Syndrome,Karakuri Karukare,13,0.011937557392102846,1,0.024390243902439025
Karakuri Karukare,Childhood Supernova,13,0.011937557392102846,1,0.024390243902439025
MR. Andy,23:25,33,0.030303030303030304,1,0.024390243902439025
Childhood Supernova,Kirai = Kirai,13,0.011937557392102846,1,0.024390243902439025
Kirai = Kirai,meet the world time,13,0.011937557392102846,1,0.024390243902439025
meet the world time,Ride on Time,13,0.011937557392102846,1,0.024390243902439025
Sawarenai Uta,MR. Andy,17,0.015610651974288337,1,0.024390243902439025
Kimi no Hitomi ni Koishi Tenai,Linear Blue wo Kikinagara,2,0.0018365472910927456,1,0.024390243902439025
Mizu to Ame ni Tsuite,Karakuri Karukare,2,0.0018365472910927456,1,0.024390243902439025
Sora no Tobikata,23:25,2,0.0018365472910927456,1,0.024390243902439025
Kimi wa Iiko,Bokutachi no Shippai,1,0.0009182736455463728,1,0.024390243902439025
Kimi wa Iiko,Sayonara Summer Time Machine,3,0.0027548209366391185,1,0.024390243902439025
Cheap Cheap Endroll,Friday Novels,2,0.0018365472910927456,1,0.024390243902439025
Mermaid Scandalous,Invisible Sensation,21,0.01928374655647383,1,0.024390243902439025
Tettoutetsubi Yonayona Drive,Cheap Cheap Endroll,10,0.009182736455463728,1,0.024390243902439025
Invisible Sensation,Friday Novels,20,0.018365472910927456,1,0.024390243902439025
Friday Novels,Karakuri Karukare,20,0.018365472910927456,1,0.024390243902439025
instant EGOIST,Full Color Program,2,0.0018365472910927456,1,0.024390243902439025
Karakuri Karukare,Nihil Pip Viper,20,0.018365472910927456,1,0.024390243902439025
Nihil Pip Viper,Dizzy Trickster,20,0.018365472910927456,1,0.024390243902439025
Dizzy Trickster,Sesshoku Vigilante,20,0.018365472910927456,1,0.024390243902439025
Sesshoku Vigilante,Yoru ga Yureteiru,20,0.018365472910927456,1,0.024390243902439025
Yoru ga Yureteiru,Natsukage Tail Light,20,0.018365472910927456,1,0.024390243902439025
Natsukage Tail Light,Orchestra o Mi ni Ikou,20,0.018365472910927456,1,0.024390243902439025
Orchestra o Mi ni Ikou,Phantom Joke,21,0.01928374655647383,1,0.024390243902439025
Instrumental Jam,Sekai wa Fancy,20,0.018365472910927456,1,0.024390243902439025
Chandelier Waltz,Master Volume,7,0.006427915518824609,1,0.024390243902439025
Sekai wa Fancy,Slow Curve wa Utenai (that made me crazy),20,0.018365472910927456,1,0.024390243902439025
Slow Curve wa Utenai (that made me crazy),Tengoku to Jigoku,21,0.01928374655647383,1,0.024390243902439025
Sugar Song to Bitter Step,101-kaime no Prologue,22,0.020202020202020204,1,0.024390243902439025
101-kaime no Prologue,crazy birthday,20,0.018365472910927456,1,0.024390243902439025
crazy birthday,Otonoba Chukan Shiken,20,0.018365472910927456,1,0.024390243902439025
Otonoba Chukan Shiken,Haru ga Kite Bokura,20,0.018365472910927456,1,0.024390243902439025
Snow Reverse,"kid, I like quartet",2,0.0018365472910927456,1,0.024390243902439025
Bachigai Hummingbird,Protract Countdown,8,0.0073461891643709825,1,0.024390243902439025
Sekai wa Fancy,Bachigai Hummingbird,1,0.0009182736455463728,1,0.024390243902439025
Karakuri Karukare,MR. Andy,5,0.004591368227731864,1,0.024390243902439025
Dareka ga Wasurete iru Kamoshirenai Bokura ni Daijina 001 no Koto,Snow Reverse,1,0.0009182736455463728,1,0.024390243902439025
Ride on Time,Master Volume,18,0.01652892561983471,1,0.024390243902439025
Master Volume,Sora no Tobikata,13,0.011937557392102846,1,0.024390243902439025
Sora no Tobikata,Yoru ga Yureteiru,13,0.011937557392102846,1,0.024390243902439025
Bachigai Hummingbird,Sawarenai Uta,17,0.015610651974288337,1,0.024390243902439025
Linear Blue wo Kikinagara,fake town baby,18,0.01652892561983471,1,0.024390243902439025
fake town baby,Cross Heart 1 Gousen (Advantage In a Long Time),24,0.02203856749311295,1,0.024390243902439025
Cross Heart 1 Gousen (Advantage In a Long Time),flat song,24,0.02203856749311295,1,0.024390243902439025
flat song,Nonfiction Compass,24,0.02203856749311295,1,0.024390243902439025
Nonfiction Compass,Mekator Jikuu Tankentai,23,0.021120293847566574,1,0.024390243902439025
WINDOW Akeru,Kirai = Kirai,17,0.015610651974288337,1,0.024390243902439025
Scarsdale,WINDOW Akeru,17,0.015610651974288337,1,0.024390243902439025
Mikazuki no Yoru no Mannaka,Scarsdale,17,0.015610651974288337,1,0.024390243902439025
Mekator Jikuu Tankentai,Pandemic Sudden Death,23,0.021120293847566574,1,0.024390243902439025
Pandemic Sudden Death,Bokura no Sono Saki,12,0.011019283746556474,1,0.024390243902439025
Bokura no Sono Saki,Drum Solo,9,0.008264462809917356,1,0.024390243902439025
Drum Solo,Silent Libre Mirage,20,0.018365472910927456,1,0.024390243902439025
Sentimental Period,Mikazuki no Yoru no Mannaka,17,0.015610651974288337,1,0.024390243902439025
Dareka ga Wasurete iru Kamoshirenai Bokura ni Daijina 001 no Koto,Sugar Song to Bitter Step,24,0.02203856749311295,1,0.024390243902439025
Sugar Song to Bitter Step,23:25,15,0.013774104683195593,1,0.024390243902439025
23:25,Invisible Sensation,12,0.011019283746556474,1,0.024390243902439025
Invisible Sensation,RUNNERS HIGH REPRISE,24,0.02203856749311295,1,0.024390243902439025
RUNNERS HIGH REPRISE,Chandelier Waltz,24,0.02203856749311295,1,0.024390243902439025
Sekai wa Fancy,Sakura no Ato (all quartets lead to the?),3,0.0027548209366391185,1,0.024390243902439025
Light Flat,Sentimental Period,9,0.008264462809917356,1,0.024390243902439025
Karakuri Karukare,"kid, I like quartet",1,0.0009182736455463728,1,0.024390243902439025
Sayonara Summer Time Machine,Sentimental Period,4,0.0036730945821854912,1,0.024390243902439025
"kid, I like quartet",Toushindai no Chikyu,1,0.0009182736455463728,1,0.024390243902439025
Toushindai no Chikyu,Hakoniwa Rock Show,2,0.0018365472910927456,1,0.024390243902439025
Simple Simple Anecdote,Hatch I need,20,0.018365472910927456,1,0.024390243902439025
"Yuunagi, Ensemble",Bachigai Hummingbird,1,0.0009182736455463728,1,0.024390243902439025
Chandelier Waltz,Sayonara Summer Time Machine,3,0.0027548209366391185,1,0.024390243902439025
Shoegazer Speaker,Linear Blue wo Kikinagara,18,0.01652892561983471,1,0.024390243902439025
MR. Andy,Shoegazer Speaker,24,0.02203856749311295,1,0.024390243902439025
Sanpo Saki My Life,Tettoutetsubi Yonayona Drive,24,0.02203856749311295,1,0.024390243902439025
Sayonara Summer Time Machine,Airabuniju,1,0.0009182736455463728,1,0.024390243902439025
Yoru ga Yureteiru,Kimagure Zattou,13,0.011937557392102846,1,0.024390243902439025
Kimagure Zattou,Hakoniwa Rock Show,13,0.011937557392102846,1,0.024390243902439025
cody beats,Airabuniju,13,0.011937557392102846,1,0.024390243902439025
Airabuniju,MR. Andy,15,0.013774104683195593,1,0.024390243902439025
23:25,Snow Reverse,14,0.012855831037649219,1,0.024390243902439025
Snow Reverse,Sentimental Period,13,0.011937557392102846,1,0.024390243902439025
Galileo no Showcase,Coffee Cup Syndrome,1,0.0009182736455463728,1,0.024390243902439025
Deirai Kyousou Gakudan,"kid, I like quartet",1,0.0009182736455463728,1,0.024390243902439025
Dareka ga Wasurete iru Kamoshirenai Bokura ni Daijina 001 no Koto,Deirai Kyousou Gakudan,1,0.0009182736455463728,1,0.024390243902439025
Deirai Kyousou Gakudan,Karakuri Karukare,5,0.004591368227731864,1,0.024390243902439025
Dareka ga Wasurete iru Kamoshirenai Bokura ni Daijina 001 no Koto,Love Song wa Totsuzen ni? ~What is the name of that mystery??~,1,0.0009182736455463728,1,0.024390243902439025
Airabuniju,Linear Blue wo Kikinagara,1,0.0009182736455463728,1,0.024390243902439025
Kirai = Kirai,Bachigai Hummingbird,17,0.015610651974288337,1,0.024390243902439025
Sentimental Period,Gyakuten Sayonara,1,0.0009182736455463728,1,0.024390243902439025
Sawarenai Uta,Sayonara Summer Time Machine,1,0.0009182736455463728,1,0.024390243902439025
Sentimental Period,Itsuka no Shounen,2,0.0018365472910927456,1,0.024390243902439025
cody beats,Sawarenai Uta,1,0.0009182736455463728,1,0.024390243902439025
Mikazuki no Yoru no Mannaka,Chandelier Waltz,1,0.0009182736455463728,1,0.024390243902439025
Bokura no Sono Saki,Mikazuki no Yoru no Mannaka,1,0.0009182736455463728,1,0.024390243902439025
23:25,Bokura no Sono Saki,1,0.0009182736455463728,1,0.024390243902439025
Counter Identity,23:25,1,0.0009182736455463728,1,0.024390243902439025
Snow Reverse,Tarareba Watagashi,8,0.0073461891643709825,1,0.024390243902439025
Tarareba Watagashi,Sora no Tobikata,3,0.0027548209366391185,1,0.024390243902439025
Sora no Tobikata,Signal ABC,3,0.0027548209366391185,1,0.024390243902439025
Scarsdale,Counter Identity,1,0.0009182736455463728,1,0.024390243902439025
meet the world time,Hakoniwa Rock Show,1,0.0009182736455463728,1,0.024390243902439025
3 minutes replay,23:25,1,0.0009182736455463728,1,0.024390243902439025
Countdown,instant EGOIST,1,0.0009182736455463728,1,0.024390243902439025
Light Flat,Sanpo Saki My Life,6,0.005509641873278237,1,0.024390243902439025
Linear Blue wo Kikinagara,5-bu-go no Stardust,1,0.0009182736455463728,1,0.024390243902439025
Coffee Cup Syndrome,Full Color Program,2,0.0018365472910927456,1,0.024390243902439025
harmonized finale,Sakura no Ato (all quartets lead to the?),1,0.0009182736455463728,1,0.024390243902439025
fake town baby,Orion wo Nazoru,1,0.0009182736455463728,1,0.024390243902439025
MIDNIGHT JUNGLE,like coffee no Omajinai,1,0.0009182736455463728,1,0.024390243902439025
like coffee no Omajinai,Shupurehikouru ~Sekai ga Owaru Mae ni~,1,0.0009182736455463728,1,0.024390243902439025
5-bu-go no Stardust,Tettoutetsubi Yonayona Drive,1,0.0009182736455463728,1,0.024390243902439025
Counter Identity,Childhood Supernova,1,0.0009182736455463728,1,0.024390243902439025
cody beats,Siren in the Spy,4,0.0036730945821854912,1,0.024390243902439025
Toushindai no Chikyu,Counter Identity,2,0.0018365472910927456,1,0.024390243902439025
Mikansei Daisy,Toushindai no Chikyu,2,0.0018365472910927456,1,0.024390243902439025
Shupurehikouru ~Sekai ga Owaru Mae ni~,Instrumental Jam,1,0.0009182736455463728,1,0.024390243902439025
Instrumental Jam,23:25,1,0.0009182736455463728,1,0.024390243902439025
Full Color Program,mouth to mouse(sent you),2,0.0018365472910927456,1,0.024390243902439025
23:25,"Minority Report (darling, I love you)",1,0.0009182736455463728,1,0.024390243902439025
UNO Story,cody beats,4,0.0036730945821854912,1,0.024390243902439025
Protract Countdown,Yoru ga Yureteiru,4,0.0036730945821854912,1,0.024390243902439025
"Catch up, latency",Mikansei Daisy,1,0.0009182736455463728,1,0.024390243902439025
CAPACITY Koeru,"kid, I like quartet",1,0.0009182736455463728,1,0.024390243902439025
Ryusei Kouro,Sugar Song to Bitter Step,1,0.0009182736455463728,1,0.024390243902439025
Instrumental Jam,Ryusei Kouro,1,0.0009182736455463728,1,0.024390243902439025
Hikari Nodokeki Haru no Hi ni,"kid, I like quartet",1,0.0009182736455463728,1,0.024390243902439025
Drum Solo,Otonoba Chukan Shiken,1,0.0009182736455463728,1,0.024390243902439025
Sugar Song to Bitter Step,BUSTER DICE MISERY,1,0.0009182736455463728,1,0.024390243902439025
BUSTER DICE MISERY,Chandelier Waltz,1,0.0009182736455463728,1,0.024390243902439025
Snow Reverse,Sugar Song to Bitter Step,4,0.0036730945821854912,1,0.024390243902439025
Why I'm Me,Serenade ga Tomaranai,4,0.0036730945821854912,1,0.024390243902439025
Love Song wa Totsuzen ni? ~What is the name of that mystery??~,Snow Reverse,4,0.0036730945821854912,1,0.024390243902439025
Tettoutetsubi Yonayona Drive,Love Song wa Totsuzen ni? ~What is the name of that mystery??~,4,0.0036730945821854912,1,0.024390243902439025
Signal ABC,Tettoutetsubi Yonayona Drive,4,0.0036730945821854912,1,0.024390243902439025
Otonoba Chukan Shiken,Signal ABC,4,0.0036730945821854912,1,0.024390243902439025
Chandelier Waltz,Otonoba Chukan Shiken,4,0.0036730945821854912,1,0.024390243902439025
Serenade ga Tomaranai,Chandelier Waltz,4,0.0036730945821854912,1,0.024390243902439025
"Minority Report (darling, I love you)",Tengoku to Jigoku,1,0.0009182736455463728,1,0.024390243902439025
Mikansei Daisy,Tettoutetsubi Yonayona Drive,1,0.0009182736455463728,1,0.024390243902439025
Master Volume,Sentimental Period,23,0.021120293847566574,1,0.024390243902439025
23:25,WINDOW Akeru,1,0.0009182736455463728,1,0.024390243902439025
Shupurehikouru ~Sekai ga Owaru Mae ni~,"kid, I like quartet",1,0.0009182736455463728,1,0.024390243902439025
Dareka ga Wasurete iru Kamoshirenai Bokura ni Daijina 001 no Koto,Shupurehikouru ~Sekai ga Owaru Mae ni~,1,0.0009182736455463728,1,0.024390243902439025
meet the world time,23:25,10,0.009182736455463728,1,0.024390243902439025
Yoru ga Yureteiru,MR. Andy,10,0.009182736455463728,1,0.024390243902439025
Tarareba Watagashi,mouth to mouse(sent you),3,0.0027548209366391185,1,0.024390243902439025
Ride on Time,WINDOW Akeru,2,0.0018365472910927456,1,0.024390243902439025
Sentimental Period,Messenger From Zen Sekai,1,0.0009182736455463728,1,0.024390243902439025
Master Volume,Light Flat,3,0.0027548209366391185,1,0.024390243902439025
Sanpo Saki My Life,Light Flat,1,0.0009182736455463728,1,0.024390243902439025
to the CIDER ROAD,CAPACITY Koeru,2,0.0018365472910927456,1,0.024390243902439025
Chandelier Waltz,to the CIDER ROAD,3,0.0027548209366391185,1,0.024390243902439025
Karakuri Karukare,Chandelier Waltz,3,0.0027548209366391185,1,0.024390243902439025
Sayonara Summer Time Machine,Karakuri Karukare,3,0.0027548209366391185,1,0.024390243902439025
crazy birthday,Sayonara Summer Time Machine,2,0.0018365472910927456,1,0.024390243902439025
Ryusei no Squall,Karakuri Karukare,2,0.0018365472910927456,1,0.024390243902439025
Sanpo Saki My Life,Snow Reverse,4,0.0036730945821854912,1,0.024390243902439025
mix juice no Iutouri,BUSTER DICE MISERY,3,0.0027548209366391185,1,0.024390243902439025
Clover,5-bu-go no Stardust,1,0.0009182736455463728,1,0.024390243902439025
Orion wo Nazoru,BUSTER DICE MISERY,4,0.0036730945821854912,1,0.024390243902439025
Dareka ga Wasurete iru Kamoshirenai Bokura ni Daijina 001 no Koto,Coffee Cup Syndrome,1,0.0009182736455463728,1,0.024390243902439025
Coffee Cup Syndrome,"kid, I like quartet",2,0.0018365472910927456,1,0.024390243902439025
Orion wo Nazoru,Pandemic Sudden Death,3,0.0027548209366391185,1,0.024390243902439025
Miss. Sandy,Orion wo Nazoru,3,0.0027548209366391185,1,0.024390243902439025
5-bu-go no Stardust,Coffee Cup Syndrome,1,0.0009182736455463728,1,0.024390243902439025
cody beats,Karakuri Karukare,2,0.0018365472910927456,1,0.024390243902439025
Snow Reverse,Mizu to Ame ni Tsuite,1,0.0009182736455463728,1,0.024390243902439025
Deirai Kyousou Gakudan,cody beats,2,0.0018365472910927456,1,0.024390243902439025
Itsuka no Shounen,Deirai Kyousou Gakudan,3,0.0027548209366391185,1,0.024390243902439025
Counter Identity,Itsuka no Shounen,2,0.0018365472910927456,1,0.024390243902439025
Gyakuten Sayonara,WINDOW Akeru,3,0.0027548209366391185,1,0.024390243902439025
Galileo no Showcase,Gyakuten Sayonara,4,0.0036730945821854912,1,0.024390243902439025
Mizu to Ame ni Tsuite,"Yuunagi, Ensemble",3,0.0027548209366391185,1,0.024390243902439025
Full Color Program,"Majority Report (darling, I love you)",1,0.0009182736455463728,1,0.024390243902439025
"Minority Report (darling, I love you)",like coffee no Omajinai,1,0.0009182736455463728,1,0.024390243902439025
like coffee no Omajinai,23:25,3,0.0027548209366391185,1,0.024390243902439025
WINDOW Akeru,Itsuka no Shounen,1,0.0009182736455463728,1,0.024390243902439025
Messenger From Zen Sekai,Toushindai no Chikyu,3,0.0027548209366391185,1,0.024390243902439025
Toushindai no Chikyu,"kid, I like quartet",1,0.0009182736455463728,1,0.024390243902439025
Dareka ga Wasurete iru Kamoshirenai Bokura ni Daijina 001 no Koto,Toushindai no Chikyu,2,0.0018365472910927456,1,0.024390243902439025
Master Volume,Karakuri Karukare,2,0.0018365472910927456,1,0.024390243902439025
Sayonara Dai Kyu Wakusei,Another World,2,0.0018365472910927456,1,0.024390243902439025
Gyakuten Sayonara,Ride on Time,1,0.0009182736455463728,1,0.024390243902439025
Itsuka no Shounen,cody beats,1,0.0009182736455463728,1,0.024390243902439025
Dareka ga Wasurete iru Kamoshirenai Bokura ni Daijina 001 no Koto,Childhood Supernova,1,0.0009182736455463728,1,0.024390243902439025
Deirai Kyousou Gakudan,Sanpo Saki My Life,2,0.0018365472910927456,1,0.024390243902439025
Full Color Program,Sora no Tobikata,2,0.0018365472910927456,1,0.024390243902439025
Mizu to Ame ni Tsuite,Hakoniwa Rock Show,1,0.0009182736455463728,1,0.024390243902439025
"Majority Report (darling, I love you)",Miss. Sandy,1,0.0009182736455463728,1,0.024390243902439025
Snow Answer,Silent Libre Mirage,1,0.0009182736455463728,1,0.024390243902439025
Chandelier Waltz,Bachigai Hummingbird,4,0.0036730945821854912,1,0.024390243902439025
Hakoniwa Rock Show,MR. Andy,3,0.0027548209366391185,1,0.024390243902439025
cody beats,MR. Andy,8,0.0073461891643709825,1,0.024390243902439025
Toushindai no Chikyu,Instrumental Jam,1,0.0009182736455463728,1,0.024390243902439025
Cheap Cheap Endroll,Chandelier Waltz,3,0.0027548209366391185,1,0.024390243902439025
Ai wa Kitto,Full Color Program,2,0.0018365472910927456,1,0.024390243902439025
Sanpo Saki My Life,Sora no Tobikata,8,0.0073461891643709825,1,0.024390243902439025
Toushindai no Chikyu,Mizu to Ame ni Tsuite,3,0.0027548209366391185,1,0.024390243902439025
mix juice no Iutouri,Worldwide Supergirl,1,0.0009182736455463728,1,0.024390243902439025
Worldwide Supergirl,Atorakushon ga Hajimaru (they call it “NO.6”),1,0.0009182736455463728,1,0.024390243902439025
Chandelier Waltz,MIDNIGHT JUNGLE,1,0.0009182736455463728,1,0.024390243902439025
23:25,Pandemic Sudden Death,5,0.004591368227731864,1,0.024390243902439025
Toushindai no Chikyu,Full Color Program,1,0.0009182736455463728,1,0.024390243902439025
Miss. Sandy,23:25,5,0.004591368227731864,1,0.024390243902439025
Mizu to Ame ni Tsuite,Sentimental Period,5,0.004591368227731864,1,0.024390243902439025
Coffee Cup Syndrome,Mizu to Ame ni Tsuite,1,0.0009182736455463728,1,0.024390243902439025
Clover,Coffee Cup Syndrome,1,0.0009182736455463728,1,0.024390243902439025
"Nigatsu, Hakuchu no Nagareboshi to Hikoukigumo",cody beats,2,0.0018365472910927456,1,0.024390243902439025
Karakuri Karukare,Sayonara Dai Kyu Wakusei,5,0.004591368227731864,1,0.024390243902439025
Light Flat,Full Color Program,3,0.0027548209366391185,1,0.024390243902439025
Momai termination,Tettoutetsubi Yonayona Drive,1,0.0009182736455463728,1,0.024390243902439025
"Catch up, latency",Momai termination,1,0.0009182736455463728,1,0.024390243902439025
Mikansei Daisy,Scarsdale,7,0.006427915518824609,1,0.024390243902439025
Snow Reverse,Full Color Program,2,0.0018365472910927456,1,0.024390243902439025
cody beats,Hakoniwa Rock Show,2,0.0018365472910927456,1,0.024390243902439025
Tarareba Watagashi,UNO Story,1,0.0009182736455463728,1,0.024390243902439025
Counter Identity,Boku wa Kimi ni Naritai,7,0.006427915518824609,1,0.024390243902439025
Boku wa Kimi ni Naritai,Bokura no Sono Saki,7,0.006427915518824609,1,0.024390243902439025
Bokura no Sono Saki,CAPACITY Koeru,7,0.006427915518824609,1,0.024390243902439025
Scarsdale,Orion wo Nazoru,7,0.006427915518824609,1,0.024390243902439025
Bachigai Hummingbird,"Catch up, latency",1,0.0009182736455463728,1,0.024390243902439025
Tengoku to Jigoku,Friday Novels,3,0.0027548209366391185,1,0.024390243902439025
Dareka ga Wasurete iru Kamoshirenai Bokura ni Daijina 001 no Koto,Hikari Nodokeki Haru no Hi ni,1,0.0009182736455463728,1,0.024390243902439025
Cyborg 99%,Tettoutetsubi Yonayona Drive,1,0.0009182736455463728,1,0.024390243902439025
"Catch up, latency",Cyborg 99%,1,0.0009182736455463728,1,0.024390243902439025
Galileo no Showcase,Invisible Sensation,1,0.0009182736455463728,1,0.024390243902439025
Instrumental Jam,Galileo no Showcase,1,0.0009182736455463728,1,0.024390243902439025
Full Color Program,"Yuunagi, Ensemble",3,0.0027548209366391185,1,0.024390243902439025
"Yuunagi, Ensemble",Toushindai no Chikyu,4,0.0036730945821854912,1,0.024390243902439025
Clover,Hitori Omou wa Ame no Naka,1,0.0009182736455463728,1,0.024390243902439025
Hitori Omou wa Ame no Naka,Ride on Time,1,0.0009182736455463728,1,0.024390243902439025
Bokura no Sono Saki,Instrumental Jam,2,0.0018365472910927456,1,0.024390243902439025
Instrumental Jam,Silent Libre Mirage,3,0.0027548209366391185,1,0.024390243902439025
Sora no Tobikata,cody beats,7,0.006427915518824609,1,0.024390243902439025
Kimi no Moto e,Sanpo Saki My Life,7,0.006427915518824609,1,0.024390243902439025
"kid, I like quartet",Kimi no Moto e,8,0.0073461891643709825,1,0.024390243902439025
Karakuri Karukare,Hakoniwa Rock Show,3,0.0027548209366391185,1,0.024390243902439025
Sugar Song to Bitter Step,"Majority Report (darling, I love you)",2,0.0018365472910927456,1,0.024390243902439025
"Majority Report (darling, I love you)",Tameiki shooting the MOON,1,0.0009182736455463728,1,0.024390243902439025
Tameiki shooting the MOON,like coffee no Omajinai,1,0.0009182736455463728,1,0.024390243902439025
23:25,Kimi wa Tomodachi,1,0.0009182736455463728,1,0.024390243902439025
Kimi wa Tomodachi,Instrumental Jam,1,0.0009182736455463728,1,0.024390243902439025
Instrumental Jam,crazy birthday,1,0.0009182736455463728,1,0.024390243902439025
crazy birthday,Drum Solo,1,0.0009182736455463728,1,0.024390243902439025
Tettoutetsubi Yonayona Drive,crazy birthday,3,0.0027548209366391185,1,0.024390243902439025
Snow Answer,Tettoutetsubi Yonayona Drive,1,0.0009182736455463728,1,0.024390243902439025
Linear Blue wo Kikinagara,Snow Answer,1,0.0009182736455463728,1,0.024390243902439025
Sayonara Dai Kyu Wakusei,Toushindai no Chikyu,1,0.0009182736455463728,1,0.024390243902439025
Karakuri Karukare,Tettoutetsubi Yonayona Drive,1,0.0009182736455463728,1,0.024390243902439025
Sawarenai Uta,Karakuri Karukare,1,0.0009182736455463728,1,0.024390243902439025
"kid, I like quartet",Serenade ga Tomaranai,2,0.0018365472910927456,1,0.024390243902439025
Tengoku to Jigoku,"kid, I like quartet",1,0.0009182736455463728,1,0.024390243902439025
Dizzy Trickster,Tengoku to Jigoku,1,0.0009182736455463728,1,0.024390243902439025
Chandelier Waltz,"Majority Report (darling, I love you)",2,0.0018365472910927456,1,0.024390243902439025
Sentimental Period,Sayonara Dai Kyu Wakusei,8,0.0073461891643709825,1,0.024390243902439025
Full Color Program,Searchlight,1,0.0009182736455463728,1,0.024390243902439025
Full Color Program,WINDOW Akeru,1,0.0009182736455463728,1,0.024390243902439025
Sanpo Saki My Life,Full Color Program,10,0.009182736455463728,1,0.024390243902439025
Another World,Sentimental Period,9,0.008264462809917356,1,0.024390243902439025
Snow Answer,Instrumental Jam,1,0.0009182736455463728,1,0.024390243902439025
"8-Gatsu, Hirunaka no Nagareboshi to Hikouki-Gumo",Toushindai no Chikyu,1,0.0009182736455463728,1,0.024390243902439025
Boku wa Kimi ni Naritai,"kid, I like quartet",2,0.0018365472910927456,1,0.024390243902439025
Full Color Program,Toushindai no Chikyu,3,0.0027548209366391185,1,0.024390243902439025
Bachigai Hummingbird,Chandelier Waltz,3,0.0027548209366391185,1,0.024390243902439025
WINDOW Akeru,Karakuri Karukare,3,0.0027548209366391185,1,0.024390243902439025
Shoegazer Speaker,Tengoku to Jigoku,6,0.005509641873278237,1,0.024390243902439025
Clover,Light Flat,6,0.005509641873278237,1,0.024390243902439025
23:25,Scarsdale,12,0.011019283746556474,1,0.024390243902439025
Tarareba Watagashi,Bokutachi no Shippai,1,0.0009182736455463728,1,0.024390243902439025
Bokutachi no Shippai,Signal ABC,2,0.0018365472910927456,1,0.024390243902439025
MR. Andy,Sora no Tobikata,3,0.0027548209366391185,1,0.024390243902439025
Tengoku to Jigoku,fake town baby,7,0.006427915518824609,1,0.024390243902439025
Mikansei Daisy,"kid, I like quartet",2,0.0018365472910927456,1,0.024390243902439025
Karakuri Karukare,Ai wa Kitto,1,0.0009182736455463728,1,0.024390243902439025
Gyakuten Sayonara,Sanpo Saki My Life,1,0.0009182736455463728,1,0.024390243902439025
Ride on Time,Snow Reverse,3,0.0027548209366391185,1,0.024390243902439025
WINDOW Akeru,Hakoniwa Rock Show,1,0.0009182736455463728,1,0.024390243902439025
Galileo no Showcase,Childhood Supernova,2,0.0018365472910927456,1,0.024390243902439025
Sanpo Saki My Life,Master Volume,6,0.005509641873278237,1,0.024390243902439025
Childhood Supernova,Full Color Program,1,0.0009182736455463728,1,0.024390243902439025
Dareka ga Wasurete iru Kamoshirenai Bokura ni Daijina 001 no Koto,Boku wa Kimi ni Naritai,2,0.0018365472910927456,1,0.024390243902439025
Sayonara Summer Time Machine,Kimi no Moto e,5,0.004591368227731864,1,0.024390243902439025
Worldwide Supergirl,Sayonara Summer Time Machine,13,0.011937557392102846,1,0.024390243902439025
Silent Libre Mirage,Sekai wa Fancy,6,0.005509641873278237,1,0.024390243902439025
harmonized finale,Instrumental Jam,6,0.005509641873278237,1,0.024390243902439025
WINDOW akeru,harmonized finale,6,0.005509641873278237,1,0.024390243902439025
Yuuutsu wa Princess,WINDOW akeru,6,0.005509641873278237,1,0.024390243902439025
City peel,Yuuutsu wa Princess,6,0.005509641873278237,1,0.024390243902439025
like coffee no Omajinai,City peel,6,0.005509641873278237,1,0.024390243902439025
Sekai wa Fancy,like coffee no Omajinai,6,0.005509641873278237,1,0.024390243902439025
Atorakushon ga Hajimaru (they call it “NO.6”),Silent Libre Mirage,6,0.005509641873278237,1,0.024390243902439025
Full Color Program,Shupurehikouru ~Sekai ga Owaru Mae ni~,1,0.0009182736455463728,1,0.024390243902439025
"kid, I like quartet",Atorakushon ga Hajimaru (they call it “NO.6”),6,0.005509641873278237,1,0.024390243902439025
kaleido proud fiesta,3 minutes replay,6,0.005509641873278237,1,0.024390243902439025
Santa Claus wa Juutai-chuu,Otonoba Chukan Shiken,6,0.005509641873278237,1,0.024390243902439025
Sora no Tobikata,Sanpo Saki My Life,2,0.0018365472910927456,1,0.024390243902439025
Hitori Omou wa Ame no Naka,Sora no Tobikata,3,0.0027548209366391185,1,0.024390243902439025
MR. Andy,Itsuka no Shounen,3,0.0027548209366391185,1,0.024390243902439025
Instrumental Jam,Boujaku no Charisma,6,0.005509641873278237,1,0.024390243902439025
Boujaku no Charisma,Simple Simple Anecdote,6,0.005509641873278237,1,0.024390243902439025
Simple Simple Anecdote,Chandelier Waltz,6,0.005509641873278237,1,0.024390243902439025
Chandelier Waltz,Houkago Marriage,6,0.005509641873278237,1,0.024390243902439025
Houkago Marriage,Kimi no Hitomi ni Koishi Tenai,6,0.005509641873278237,1,0.024390243902439025
Kimi no Hitomi ni Koishi Tenai,Chaos ga Kiwamaru,7,0.006427915518824609,1,0.024390243902439025
Sakura no Ato (all quartets lead to the?),Countdown,1,0.0009182736455463728,1,0.024390243902439025
Dareka ga Wasurete iru Kamoshirenai Bokura ni Daijina 001 no Koto,Mikansei Daisy,1,0.0009182736455463728,1,0.024390243902439025
Own Civilization (nano‐mile met),Dizzy Trickster,2,0.0018365472910927456,1,0.024390243902439025
Dizzy Trickster,Sekai wa Fancy,1,0.0009182736455463728,1,0.024390243902439025
Sakura no Ato (all quartets lead to the?),Serenade ga Tomaranai,5,0.004591368227731864,1,0.024390243902439025
Sawarenai Uta,Phrase Bottle Bye Bye,1,0.0009182736455463728,1,0.024390243902439025
Phrase Bottle Bye Bye,Tettoutetsubi Yonayona Drive,1,0.0009182736455463728,1,0.024390243902439025
Chaos ga Kiwamaru,Kimi no Hitomi ni Koishi Tenai,4,0.0036730945821854912,1,0.024390243902439025
"Majority Report (darling, I love you)",Linear Blue wo Kikinagara,1,0.0009182736455463728,1,0.024390243902439025
MR. Andy,Messenger From Zen Sekai,14,0.012855831037649219,1,0.024390243902439025
Full Color Program,5-bu-go no Stardust,6,0.005509641873278237,1,0.024390243902439025
Light Flat,Bachigai Hummingbird,1,0.0009182736455463728,1,0.024390243902439025
Sentimental Period,Deirai Kyousou Gakudan,4,0.0036730945821854912,1,0.024390243902439025
like coffee no Omajinai,Linear Blue wo Kikinagara,6,0.005509641873278237,1,0.024390243902439025
Clover,"kid, I like quartet",1,0.0009182736455463728,1,0.024390243902439025
RUNNERS HIGH REPRISE,Atorakushon ga Hajimaru (they call it “NO.6”),1,0.0009182736455463728,1,0.024390243902439025
Dareka ga Wasurete iru Kamoshirenai Bokura ni Daijina 001 no Koto,5-bu-go no Stardust,1,0.0009182736455463728,1,0.024390243902439025
5-bu-go no Stardust,"kid, I like quartet",1,0.0009182736455463728,1,0.024390243902439025
Chandelier Waltz,Friday Novels,2,0.0018365472910927456,1,0.024390243902439025
Love Song wa Totsuzen ni? ~What is the name of that mystery??~,Orion wo Nazoru,2,0.0018365472910927456,1,0.024390243902439025
Sentimental Period,Toushindai no Chikyu,5,0.004591368227731864,1,0.024390243902439025
Dareka ga Wasurete iru Kamoshirenai Bokura ni Daijina 001 no Koto,Clover,1,0.0009182736455463728,1,0.024390243902439025
Protract Countdown,Full Color Program,1,0.0009182736455463728,1,0.024390243902439025
Sayonara Summer Time Machine,Chandelier Waltz,8,0.0073461891643709825,1,0.024390243902439025
Snow Reverse,WINDOW Akeru,5,0.004591368227731864,1,0.024390243902439025
Nonfiction Compass,Kimi no Moto e,1,0.0009182736455463728,1,0.024390243902439025
Deirai Kyousou Gakudan,Sentimental Period,5,0.004591368227731864,1,0.024390243902439025
"Yuunagi, Ensemble",Hakoniwa Rock Show,5,0.004591368227731864,1,0.024390243902439025
Sora no Tobikata,Toushindai no Chikyu,3,0.0027548209366391185,1,0.024390243902439025
mix juice no Iutouri,RUNNERS HIGH REPRISE,1,0.0009182736455463728,1,0.024390243902439025
Counter Identity,Protract Countdown,1,0.0009182736455463728,1,0.024390243902439025
Sanpo Saki My Life,cody beats,9,0.008264462809917356,1,0.024390243902439025
Sawarenai Uta,Sekai wa Fancy,1,0.0009182736455463728,1,0.024390243902439025
"kid, I like quartet",like coffee no Omajinai,3,0.0027548209366391185,1,0.024390243902439025
Kimi no Moto e,Childhood Supernova,1,0.0009182736455463728,1,0.024390243902439025
Millennium Happy Chainsaw Edge,Galileo no Showcase,1,0.0009182736455463728,1,0.024390243902439025
Worldwide Supergirl,Millennium Happy Chainsaw Edge,1,0.0009182736455463728,1,0.024390243902439025
Chaos ga Kiwamaru,Worldwide Supergirl,1,0.0009182736455463728,1,0.024390243902439025
Sekai wa Fancy,Tettoutetsubi Yonayona Drive,1,0.0009182736455463728,1,0.024390243902439025
kaleido proud fiesta,Serenade ga Tomaranai,1,0.0009182736455463728,1,0.024390243902439025
Kimagure Zattou,Bachigai Hummingbird,1,0.0009182736455463728,1,0.024390243902439025
Mikansei Daisy,Hakoniwa Rock Show,1,0.0009182736455463728,1,0.024390243902439025
Sentimental Period,Sora no Tobikata,3,0.0027548209366391185,1,0.024390243902439025
Shupurehikouru ~Sekai ga Owaru Mae ni~,Full Color Program,1,0.0009182736455463728,1,0.024390243902439025
Full Color Program,crazy birthday,1,0.0009182736455463728,1,0.024390243902439025
Gyakuten Sayonara,"kid, I like quartet",2,0.0018365472910927456,1,0.024390243902439025
Scarsdale,Kimagure Zattou,1,0.0009182736455463728,1,0.024390243902439025
Drum Solo,Bachigai Hummingbird,6,0.005509641873278237,1,0.024390243902439025
Full Color Program,Drum Solo,6,0.005509641873278237,1,0.024390243902439025
Chaos ga Kiwamaru,Ride on Time,1,0.0009182736455463728,1,0.024390243902439025
Kimi no Moto e,Protract Countdown,9,0.008264462809917356,1,0.024390243902439025
Galileo no Showcase,Full Color Program,30,0.027548209366391185,1,0.024390243902439025
Worldwide Supergirl,Galileo no Showcase,16,0.014692378328741965,1,0.024390243902439025
23:25,Shupurehikouru ~Sekai ga Owaru Mae ni~,16,0.014692378328741965,1,0.024390243902439025
Mikansei Daisy,Orion wo Nazoru,8,0.0073461891643709825,1,0.024390243902439025
Sentimental Period,Mikansei Daisy,16,0.014692378328741965,1,0.024390243902439025
Protract Countdown,Sentimental Period,17,0.015610651974288337,1,0.024390243902439025
Bokura no Sono Saki,Kimi no Moto e,9,0.008264462809917356,1,0.024390243902439025
Master Volume,Linear Blue wo Kikinagara,1,0.0009182736455463728,1,0.024390243902439025
Scarsdale,Bokura no Sono Saki,9,0.008264462809917356,1,0.024390243902439025
Messenger From Zen Sekai,Scarsdale,9,0.008264462809917356,1,0.024390243902439025
Counter Identity,Messenger From Zen Sekai,9,0.008264462809917356,1,0.024390243902439025
MR. Andy,Counter Identity,17,0.015610651974288337,1,0.024390243902439025
Boku wa Kimi ni Naritai,CAPACITY Koeru,9,0.008264462809917356,1,0.024390243902439025
cody beats,Boku wa Kimi ni Naritai,9,0.008264462809917356,1,0.024390243902439025
Galileo no Showcase,Toushindai no Chikyu,4,0.0036730945821854912,1,0.024390243902439025
Orion wo Nazoru,Sugar Song to Bitter Step,8,0.0073461891643709825,1,0.024390243902439025
Bachigai Hummingbird,"Majority Report (darling, I love you)",9,0.008264462809917356,1,0.024390243902439025
Miss. Sandy,Linear Blue wo Kikinagara,1,0.0009182736455463728,1,0.024390243902439025
Linear Blue wo Kikinagara,Pandemic Sudden Death,1,0.0009182736455463728,1,0.024390243902439025
Sugar Song to Bitter Step,Tettoutetsubi Yonayona Drive,9,0.008264462809917356,1,0.024390243902439025
Cheap Cheap Endroll,Tengoku to Jigoku,5,0.004591368227731864,1,0.024390243902439025
Tengoku to Jigoku,MIDNIGHT JUNGLE,2,0.0018365472910927456,1,0.024390243902439025
Nonfiction Compass,Pandemic Sudden Death,1,0.0009182736455463728,1,0.024390243902439025
Bokura no Sono Saki,Mekator Jikuu Tankentai,1,0.0009182736455463728,1,0.024390243902439025
Mekator Jikuu Tankentai,Drum Solo,1,0.0009182736455463728,1,0.024390243902439025
Messenger From Zen Sekai,Sakura no Ato (all quartets lead to the?),5,0.004591368227731864,1,0.024390243902439025
Sakura no Ato (all quartets lead to the?),Silent Libre Mirage,5,0.004591368227731864,1,0.024390243902439025
Silent Libre Mirage,Protract Countdown,5,0.004591368227731864,1,0.024390243902439025
instant EGOIST,23:25,4,0.0036730945821854912,1,0.024390243902439025
23:25,Hikari Nodokeki Haru no Hi ni,3,0.0027548209366391185,1,0.024390243902439025
23:25,Toushindai no Chikyu,2,0.0018365472910927456,1,0.024390243902439025
Sakura no Ato (all quartets lead to the?),fake town baby,2,0.0018365472910927456,1,0.024390243902439025
Gyakuten Sayonara,meet the world time,1,0.0009182736455463728,1,0.024390243902439025
Snow Reverse,Ikenai fool logic,11,0.010101010101010102,1,0.024390243902439025
Own Civilization (nano‐mile met),Full Color Program,32,0.02938475665748393,1,0.024390243902439025
Galileo no Showcase,MIDNIGHT JUNGLE,32,0.02938475665748393,1,0.024390243902439025
cody beats,Sora no Tobikata,6,0.005509641873278237,1,0.024390243902439025
"kid, I like quartet",Galileo no Showcase,3,0.0027548209366391185,1,0.024390243902439025
Galileo no Showcase,Counter Identity,6,0.005509641873278237,1,0.024390243902439025
Fiction Freak Crisis,Galileo no Showcase,32,0.02938475665748393,1,0.024390243902439025
Deirai Kyousou Gakudan,Fiction Freak Crisis,32,0.02938475665748393,1,0.024390243902439025
mix juice no Iutouri,Deirai Kyousou Gakudan,32,0.02938475665748393,1,0.024390243902439025
fake town baby,mix juice no Iutouri,32,0.02938475665748393,1,0.024390243902439025
Tengoku to Jigoku,kaleido proud fiesta,8,0.0073461891643709825,1,0.024390243902439025
Sugar Song to Bitter Step,fake town baby,33,0.030303030303030304,1,0.024390243902439025
Full Color Program,Sugar Song to Bitter Step,37,0.03397612488521579,1,0.024390243902439025
MR. Andy,Clover,9,0.008264462809917356,1,0.024390243902439025
Santa Claus wa Juutai-chuu,Seihitsu Kanbi Akigure Jojou,32,0.02938475665748393,1,0.024390243902439025
Clover,Toushindai no Chikyu,10,0.009182736455463728,1,0.024390243902439025
kaleido proud fiesta,Sakura no Ato (all quartets lead to the?),7,0.006427915518824609,1,0.024390243902439025
Kimi no Hitomi ni Koishi Tenai,kaleido proud fiesta,7,0.006427915518824609,1,0.024390243902439025
Seku x Kara x Shisonzuuru,Nani ka ga Kawari So,10,0.009182736455463728,1,0.024390243902439025
Nani ka ga Kawari So,Siren in the Spy,10,0.009182736455463728,1,0.024390243902439025
Full Color Program,Sayonara Summer Time Machine,10,0.009182736455463728,1,0.024390243902439025
Sayonara Summer Time Machine,Yoru ga Yureteiru,10,0.009182736455463728,1,0.024390243902439025
Why I'm Me,Pandemic Sudden Death,10,0.009182736455463728,1,0.024390243902439025
Pandemic Sudden Death,Signal ABC,10,0.009182736455463728,1,0.024390243902439025
"kid, I like quartet",Kimi no Hitomi ni Koishi Tenai,7,0.006427915518824609,1,0.024390243902439025
Nihil Pip Viper,Tettoutetsubi Yonayona Drive,7,0.006427915518824609,1,0.024390243902439025
MIDNIGHT JUNGLE,Santa Claus wa Juutai-chuu,32,0.02938475665748393,1,0.024390243902439025
Seihitsu Kanbi Akigure Jojou,Clover,32,0.02938475665748393,1,0.024390243902439025
RUNNERS HIGH REPRISE,Amari ni Shajitsutekina,11,0.010101010101010102,1,0.024390243902439025
Tettoutetsubi Yonayona Drive,Ride on Time,17,0.015610651974288337,1,0.024390243902439025
Sangatsu Monogatari,mouth to mouse(sent you),11,0.010101010101010102,1,0.024390243902439025
Signal ABC,Otona Blue,11,0.010101010101010102,1,0.024390243902439025
Otona Blue,Sorejaa Bye Bye,11,0.010101010101010102,1,0.024390243902439025
Sorejaa Bye Bye,Kyoufuu All Back,11,0.010101010101010102,1,0.024390243902439025
Kyoufuu All Back,Snow Reverse,11,0.010101010101010102,1,0.024390243902439025
harmonized finale,harmonized finale,10,0.009182736455463728,1,0.024390243902439025
Ikenai fool logic,Nano Size Skywalk,11,0.010101010101010102,1,0.024390243902439025
BUSTER DICE MISERY,MIDNIGHT JUNGLE,2,0.0018365472910927456,1,0.024390243902439025
Nano Size Skywalk,Micro Paradiso!,11,0.010101010101010102,1,0.024390243902439025
Ride on Time,harmonized finale,17,0.015610651974288337,1,0.024390243902439025
Ride on Time,Ride on Time,9,0.008264462809917356,1,0.024390243902439025
Tettoutetsubi Yonayona Drive,Tettoutetsubi Yonayona Drive,9,0.008264462809917356,1,0.024390243902439025
Kimi wa Tomodachi,Kimi wa Tomodachi,9,0.008264462809917356,1,0.024390243902439025
Phantom Joke,Tettoutetsubi Yonayona Drive,17,0.015610651974288337,1,0.024390243902439025
Phantom Joke,Phantom Joke,9,0.008264462809917356,1,0.024390243902439025
Natsukage Tail Light,Phantom Joke,19,0.017447199265381085,1,0.024390243902439025
Natsukage Tail Light,Natsukage Tail Light,9,0.008264462809917356,1,0.024390243902439025
Micro Paradiso!,"I wanna believe, Yoru o Iku",11,0.010101010101010102,1,0.024390243902439025
"I wanna believe, Yoru o Iku",mix juice no Iutouri,11,0.010101010101010102,1,0.024390243902439025
mix juice no Iutouri,Orion wo Nazoru,11,0.010101010101010102,1,0.024390243902439025
Toushindai no Chikyu,over driver,1,0.0009182736455463728,1,0.024390243902439025
Master Volume,Hakoniwa Rock Show,6,0.005509641873278237,1,0.024390243902439025
Scarsdale,Clover,7,0.006427915518824609,1,0.024390243902439025
Kimi wa Tomodachi,Natsukage Tail Light,17,0.015610651974288337,1,0.024390243902439025
Sekai wa Fancy,Kimi wa Tomodachi,17,0.015610651974288337,1,0.024390243902439025
Sekai wa Fancy,Sekai wa Fancy,9,0.008264462809917356,1,0.024390243902439025
Serenade ga Tomaranai,Sekai wa Fancy,17,0.015610651974288337,1,0.024390243902439025
5-bu-go no Stardust,Mikansei Daisy,1,0.0009182736455463728,1,0.024390243902439025
Master Volume,Itsuka no Shounen,12,0.011019283746556474,1,0.024390243902439025
Itsuka no Shounen,Toushindai no Chikyu,8,0.0073461891643709825,1,0.024390243902439025
Toushindai no Chikyu,Karakuri Karukare,10,0.009182736455463728,1,0.024390243902439025
Master Volume,Ride on Time / Toshindai no Chikyu / MR. Andy / CAPACITY Koeru / Worldwide Supergirl / Coffee Cup Syndrome  / Sentimental Period  / Drum Solo / Galileo no Showcase,12,0.011019283746556474,1,0.024390243902439025
Dareka ga Wasurete iru Kamoshirenai Bokura ni Daijina 001 no Koto,Master Volume,12,0.011019283746556474,1,0.024390243902439025
Scarsdale,Dareka ga Wasurete iru Kamoshirenai Bokura ni Daijina 001 no Koto,13,0.011937557392102846,1,0.024390243902439025
Deirai Kyousou Gakudan,Scarsdale,12,0.011019283746556474,1,0.024390243902439025
Hikari Nodokeki Haru no Hi ni,Galileo no Showcase,1,0.0009182736455463728,1,0.024390243902439025
"kid, I like quartet",Hikari Nodokeki Haru no Hi ni,1,0.0009182736455463728,1,0.024390243902439025
Ryusei Kouro,Orion wo Nazoru,1,0.0009182736455463728,1,0.024390243902439025
Dareka ga Wasurete iru Kamoshirenai Bokura ni Daijina 001 no Koto,Ryusei Kouro,1,0.0009182736455463728,1,0.024390243902439025
Master Volume,5-bu-go no Stardust,1,0.0009182736455463728,1,0.024390243902439025
Signal ABC,Chandelier Waltz,10,0.009182736455463728,1,0.024390243902439025
23:25,Sora no Tobikata,12,0.011019283746556474,1,0.024390243902439025
Worldwide Supergirl,over driver,1,0.0009182736455463728,1,0.024390243902439025
cody beats,Worldwide Supergirl,1,0.0009182736455463728,1,0.024390243902439025
Protract Countdown,cody beats,1,0.0009182736455463728,1,0.024390243902439025
Atorakushon ga Hajimaru (they call it “NO.6”),"Majority Report (darling, I love you)",1,0.0009182736455463728,1,0.024390243902439025
"Majority Report (darling, I love you)",Bachigai Hummingbird,1,0.0009182736455463728,1,0.024390243902439025
Sugar Song to Bitter Step,Mikansei Daisy,2,0.0018365472910927456,1,0.024390243902439025
Mikansei Daisy,Sawarenai Uta,2,0.0018365472910927456,1,0.024390243902439025
Sawarenai Uta,Linear Blue wo Kikinagara,1,0.0009182736455463728,1,0.024390243902439025
Linear Blue wo Kikinagara,Tettoutetsubi Yonayona Drive,2,0.0018365472910927456,1,0.024390243902439025
Sakura no Ato (all quartets lead to the?),Galileo no Showcase,6,0.005509641873278237,1,0.024390243902439025
Deirai Kyousou Gakudan,Light Flat,7,0.006427915518824609,1,0.024390243902439025
Mizu to Ame ni Tsuite,Deirai Kyousou Gakudan,8,0.0073461891643709825,1,0.024390243902439025
Sanpo Saki My Life,Mizu to Ame ni Tsuite,7,0.006427915518824609,1,0.024390243902439025
Pandemic Sudden Death,Chandelier Waltz,1,0.0009182736455463728,1,0.024390243902439025
Chandelier Waltz,Sugar Song to Bitter Step,10,0.009182736455463728,1,0.024390243902439025
Sugar Song to Bitter Step,Love Song wa Totsuzen ni? ~What is the name of that mystery??~,10,0.009182736455463728,1,0.024390243902439025
Love Song wa Totsuzen ni? ~What is the name of that mystery??~,Otonoba Chukan Shiken,10,0.009182736455463728,1,0.024390243902439025
Otonoba Chukan Shiken,Tettoutetsubi Yonayona Drive,10,0.009182736455463728,1,0.024390243902439025
Tengoku to Jigoku,Sugar Song to Bitter Step,42,0.03856749311294766,1,0.024390243902439025
Yume ga Sametara (at that river),Nihil Pip Viper,7,0.006427915518824609,1,0.024390243902439025
MR. Andy,Yume ga Sametara (at that river),7,0.006427915518824609,1,0.024390243902439025
Serenade ga Tomaranai,Serenade ga Tomaranai,9,0.008264462809917356,1,0.024390243902439025
"Catch up, latency",MR. Andy,7,0.006427915518824609,1,0.024390243902439025
Dareka ga Wasurete iru Kamoshirenai Bokura ni Daijina 001 no Koto,Galileo no Showcase,1,0.0009182736455463728,1,0.024390243902439025
Mekator Jikuu Tankentai,"Catch up, latency",7,0.006427915518824609,1,0.024390243902439025
Atorakushon ga Hajimaru (they call it “NO.6”),Mekator Jikuu Tankentai,7,0.006427915518824609,1,0.024390243902439025
Nani ka ga Kawari So,Atorakushon ga Hajimaru (they call it “NO.6”),7,0.006427915518824609,1,0.024390243902439025
Linear Blue wo Kikinagara,Nani ka ga Kawari So,7,0.006427915518824609,1,0.024390243902439025
Airabuniju,Sanpo Saki My Life,12,0.011019283746556474,1,0.024390243902439025
Bachigai Hummingbird,Airabuniju,13,0.011937557392102846,1,0.024390243902439025
Orion wo Nazoru,Bachigai Hummingbird,18,0.01652892561983471,1,0.024390243902439025
Shupurehikouru ~Sekai ga Owaru Mae ni~,cody beats,12,0.011019283746556474,1,0.024390243902439025
Clover,Shupurehikouru ~Sekai ga Owaru Mae ni~,12,0.011019283746556474,1,0.024390243902439025
Chandelier Waltz,Clover,12,0.011019283746556474,1,0.024390243902439025
Ride on Time / Toshindai no Chikyu / MR. Andy / CAPACITY Koeru / Worldwide Supergirl / Coffee Cup Syndrome  / Sentimental Period  / Drum Solo / Galileo no Showcase,Chandelier Waltz,12,0.011019283746556474,1,0.024390243902439025
Toushindai no Chikyu,mix juice no Iutouri,1,0.0009182736455463728,1,0.024390243902439025
Chandelier Waltz,"8-Gatsu, Hirunaka no Nagareboshi to Hikouki-Gumo",1,0.0009182736455463728,1,0.024390243902439025
Amari ni Shajitsutekina,Sangatsu Monogatari,11,0.010101010101010102,1,0.024390243902439025
Mizu to Ame ni Tsuite,RUNNERS HIGH REPRISE,11,0.010101010101010102,1,0.024390243902439025
3 minutes replay,Protract Countdown,1,0.0009182736455463728,1,0.024390243902439025
Serenade ga Tomaranai,Anti-Trendy Club,12,0.011019283746556474,1,0.024390243902439025
"8-Gatsu, Hirunaka no Nagareboshi to Hikouki-Gumo",5-bu-go no Stardust,12,0.011019283746556474,1,0.024390243902439025
Cheap Cheap Endroll,Galileo no Showcase,1,0.0009182736455463728,1,0.024390243902439025
Chaos ga Kiwamaru,Sakura no Ato (all quartets lead to the?),6,0.005509641873278237,1,0.024390243902439025
Shoegazer Speaker,Tettoutetsubi Yonayona Drive,1,0.0009182736455463728,1,0.024390243902439025
Sawarenai Uta,Shoegazer Speaker,1,0.0009182736455463728,1,0.024390243902439025
Seihitsu Kanbi Akigure Jojou,Sawarenai Uta,8,0.0073461891643709825,1,0.024390243902439025
Sugar Song to Bitter Step,Seihitsu Kanbi Akigure Jojou,10,0.009182736455463728,1,0.024390243902439025
Pandemic Sudden Death,Sugar Song to Bitter Step,16,0.014692378328741965,1,0.024390243902439025
Anti-Trendy Club,Pandemic Sudden Death,12,0.011019283746556474,1,0.024390243902439025
Snow Reverse,Signal ABC,18,0.01652892561983471,1,0.024390243902439025
Instrumental Jam,fake town baby,4,0.0036730945821854912,1,0.024390243902439025
Bachigai Hummingbird,Serenade ga Tomaranai,2,0.0018365472910927456,1,0.024390243902439025
Sakura no Ato (all quartets lead to the?),MR. Andy,15,0.013774104683195593,1,0.024390243902439025
RUNNERS HIGH REPRISE,Bachigai Hummingbird,1,0.0009182736455463728,1,0.024390243902439025
Atorakushon ga Hajimaru (they call it “NO.6”),RUNNERS HIGH REPRISE,1,0.0009182736455463728,1,0.024390243902439025
Galileo no Showcase,kaleido proud fiesta,22,0.020202020202020204,1,0.024390243902439025
"Catch up, latency",Drum Solo,7,0.006427915518824609,1,0.024390243902439025
Koisuru Wakusei,Galileo no Showcase,22,0.020202020202020204,1,0.024390243902439025
Sakura no Ato (all quartets lead to the?),"8-Gatsu, Hirunaka no Nagareboshi to Hikouki-Gumo",12,0.011019283746556474,1,0.024390243902439025
Chaos ga Kiwamaru,Koisuru Wakusei,23,0.021120293847566574,1,0.024390243902439025
Drum Solo,MIDNIGHT JUNGLE,7,0.006427915518824609,1,0.024390243902439025
Houkago Marriage,Tettoutetsubi Yonayona Drive,22,0.020202020202020204,1,0.024390243902439025
Sanpo Saki My Life,Sakura no Ato (all quartets lead to the?),12,0.011019283746556474,1,0.024390243902439025
Houkago Marriage,Sanpo Saki My Life,12,0.011019283746556474,1,0.024390243902439025
Orion wo Nazoru,Cheap Cheap Endroll,8,0.0073461891643709825,1,0.024390243902439025
Searchlight,Sora no Tobikata,2,0.0018365472910927456,1,0.024390243902439025
Galileo no Showcase,Mizu to Ame ni Tsuite,20,0.018365472910927456,1,0.024390243902439025
MR. Andy,Master Volume,17,0.015610651974288337,1,0.024390243902439025
Mizu to Ame ni Tsuite,Sanpo Saki My Life,12,0.011019283746556474,1,0.024390243902439025
Sentimental Period,Hakoniwa Rock Show,7,0.006427915518824609,1,0.024390243902439025
Radial Night Chaser,Kimi no Hitomi ni Koishi Tenai,12,0.011019283746556474,1,0.024390243902439025
Cheap Cheap Endroll,Radial Night Chaser,12,0.011019283746556474,1,0.024390243902439025
Hakoniwa Rock Show,Chandelier Waltz,14,0.012855831037649219,1,0.024390243902439025
Full Color Program,Hakoniwa Rock Show,13,0.011937557392102846,1,0.024390243902439025
Haru ga Kite Bokura,Sugar Song to Bitter Step,14,0.012855831037649219,1,0.024390243902439025
Ryusei Kouro,Hakoniwa Rock Show,7,0.006427915518824609,1,0.024390243902439025
Clover,Sanpo Saki My Life,14,0.012855831037649219,1,0.024390243902439025
Chaos ga Kiwamaru,Haru ga Kite Bokura,15,0.013774104683195593,1,0.024390243902439025
Nagareboshi wo Uchi Otose,Chaos ga Kiwamaru,13,0.011937557392102846,1,0.024390243902439025
Hatch I need,Nagareboshi wo Uchi Otose,12,0.011019283746556474,1,0.024390243902439025
5-bu-go no Stardust,Fiction Freak Crisis,12,0.011019283746556474,1,0.024390243902439025
Galileo no Showcase,Sentimental Period,45,0.04132231404958678,1,0.024390243902439025
Linear Blue wo Kikinagara,"Majority Report (darling, I love you)",16,0.014692378328741965,1,0.024390243902439025
Toushindai no Chikyu,23:25,8,0.0073461891643709825,1,0.024390243902439025
23:25,mix juice no Iutouri,8,0.0073461891643709825,1,0.024390243902439025
Sugar Song to Bitter Step,Chandelier Waltz,37,0.03397612488521579,1,0.024390243902439025
Tettoutetsubi Yonayona Drive,MIDNIGHT JUNGLE,7,0.006427915518824609,1,0.024390243902439025
MIDNIGHT JUNGLE,Friday Novels,10,0.009182736455463728,1,0.024390243902439025
Friday Novels,Sakura no Ato (all quartets lead to the?),10,0.009182736455463728,1,0.024390243902439025
Master Volume,23:25,5,0.004591368227731864,1,0.024390243902439025
Bachigai Hummingbird,Sakura no Ato (all quartets lead to the?),20,0.018365472910927456,1,0.024390243902439025
Fiction Freak Crisis,Hatch I need,12,0.011019283746556474,1,0.024390243902439025
Galileo no Showcase,Haru ga Kite Bokura,12,0.011019283746556474,1,0.024390243902439025
Slow Curve wa Utenai (that made me crazy),Houkago Marriage,12,0.011019283746556474,1,0.024390243902439025
Space Shuttle Lullaby,Houkago Marriage,22,0.020202020202020204,1,0.024390243902439025
Kimi no Hitomi ni Koishi Tenai,Haru ga Kite Bokura,34,0.031221303948576674,1,0.024390243902439025
Full Color Program,Tettoutetsubi Yonayona Drive,12,0.011019283746556474,1,0.024390243902439025
Master Volume,harmonized finale,11,0.010101010101010102,1,0.024390243902439025
harmonized finale,Sawarenai Uta,11,0.010101010101010102,1,0.024390243902439025
Hikari Nodokeki Haru no Hi ni,Deirai Kyousou Gakudan,5,0.004591368227731864,1,0.024390243902439025
instant EGOIST,Orion wo Nazoru,10,0.009182736455463728,1,0.024390243902439025
Protract Countdown,instant EGOIST,11,0.010101010101010102,1,0.024390243902439025
Sakura no Ato (all quartets lead to the?),Protract Countdown,6,0.005509641873278237,1,0.024390243902439025
Silent Libre Mirage,Sakura no Ato (all quartets lead to the?),7,0.006427915518824609,1,0.024390243902439025
Friday Novels,Silent Libre Mirage,3,0.0027548209366391185,1,0.024390243902439025
"10% roll, 10% romance",Airabuniju,7,0.006427915518824609,1,0.024390243902439025
Haru ga Kite Bokura,"10% roll, 10% romance",32,0.02938475665748393,1,0.024390243902439025
Nonfiction Compass,Toushindai no Chikyu,10,0.009182736455463728,1,0.024390243902439025
kaleido proud fiesta,Slow Curve wa Utenai (that made me crazy),14,0.012855831037649219,1,0.024390243902439025
Bachigai Hummingbird,Kimi no Hitomi ni Koishi Tenai,32,0.02938475665748393,1,0.024390243902439025
Tettoutetsubi Yonayona Drive,Worldwide Supergirl,11,0.010101010101010102,1,0.024390243902439025
Worldwide Supergirl,Bachigai Hummingbird,13,0.011937557392102846,1,0.024390243902439025
Sakura no Ato (all quartets lead to the?),Shupurehikouru ~Sekai ga Owaru Mae ni~,11,0.010101010101010102,1,0.024390243902439025
Sakura no Ato (all quartets lead to the?),Drum Solo,22,0.020202020202020204,1,0.024390243902439025
Shupurehikouru ~Sekai ga Owaru Mae ni~,Galileo no Showcase,10,0.009182736455463728,1,0.024390243902439025
Dizzy Trickster,Sakura no Ato (all quartets lead to the?),32,0.02938475665748393,1,0.024390243902439025
Galileo no Showcase,crazy birthday,10,0.009182736455463728,1,0.024390243902439025
Instrumental Jam,Dizzy Trickster,14,0.012855831037649219,1,0.024390243902439025
Enogu,Haru ga Kite Bokura,11,0.010101010101010102,1,0.024390243902439025
Haru ga Kite Bokura,harmonized finale,11,0.010101010101010102,1,0.024390243902439025
Tettoutetsubi Yonayona Drive,Tengoku to Jigoku,8,0.0073461891643709825,1,0.024390243902439025
mix juice no Iutouri,Shupurehikouru ~Sekai ga Owaru Mae ni~,10,0.009182736455463728,1,0.024390243902439025
Tameiki shooting the MOON,Master Volume,13,0.011937557392102846,1,0.024390243902439025
Ryusei no Squall,Tameiki shooting the MOON,11,0.010101010101010102,1,0.024390243902439025
cody beats,kaleido proud fiesta,12,0.011019283746556474,1,0.024390243902439025
"10% roll, 10% romance",cody beats,12,0.011019283746556474,1,0.024390243902439025
23:25,"kid, I like quartet",14,0.012855831037649219,1,0.024390243902439025
"kid, I like quartet",Seku x Kara x Shisonzuuru,11,0.010101010101010102,1,0.024390243902439025
Drum Solo,Space Shuttle Lullaby,22,0.020202020202020204,1,0.024390243902439025
Seku x Kara x Shisonzuuru,meet the world time,11,0.010101010101010102,1,0.024390243902439025
Ohitoyoshi Chameleom,Drum Solo,22,0.020202020202020204,1,0.024390243902439025
Numbness like a ginger,Ohitoyoshi Chameleom,22,0.020202020202020204,1,0.024390243902439025
Instrumental Jam,Numbness like a ginger,23,0.021120293847566574,1,0.024390243902439025
MIDNIGHT JUNGLE,Phantom Joke,24,0.02203856749311295,1,0.024390243902439025
Anti-Trendy Club,MIDNIGHT JUNGLE,22,0.020202020202020204,1,0.024390243902439025
Shoegazer Speaker,Anti-Trendy Club,22,0.020202020202020204,1,0.024390243902439025
Seihitsu Kanbi Akigure Jojou,WINDOW Akeru,22,0.020202020202020204,1,0.024390243902439025
City peel,Seihitsu Kanbi Akigure Jojou,22,0.020202020202020204,1,0.024390243902439025
Nihil Pip Viper,City peel,22,0.020202020202020204,1,0.024390243902439025
Millennium Happy Chainsaw Edge,Nihil Pip Viper,22,0.020202020202020204,1,0.024390243902439025
Sugar Song to Bitter Step,Millennium Happy Chainsaw Edge,24,0.02203856749311295,1,0.024390243902439025
Yume ga Sametara (at that river),Sugar Song to Bitter Step,22,0.020202020202020204,1,0.024390243902439025
Shupurehikouru ~Sekai ga Owaru Mae ni~,Atorakushon ga Hajimaru (they call it “NO.6”),10,0.009182736455463728,1,0.024390243902439025
meet the world time,Pistol Galaxy,11,0.010101010101010102,1,0.024390243902439025
Pistol Galaxy,Linear Blue wo Kikinagara,11,0.010101010101010102,1,0.024390243902439025
Linear Blue wo Kikinagara,Sangatsu Monogatari,11,0.010101010101010102,1,0.024390243902439025
Sangatsu Monogatari,Ryusei no Squall,11,0.010101010101010102,1,0.024390243902439025
Sentimental Period,"Yuunagi, Ensemble",15,0.013774104683195593,1,0.024390243902439025
Light Flat,MR. Andy,14,0.012855831037649219,1,0.024390243902439025
Space Shuttle Lullaby,Invisible Sensation,19,0.017447199265381085,1,0.024390243902439025
Kimi wa Tomodachi,Toushindai no Chikyu,47,0.04315886134067952,1,0.024390243902439025
Orion wo Nazoru,Ryusei no Squall,14,0.012855831037649219,1,0.024390243902439025
Ride on Time,Sanpo Saki My Life,4,0.0036730945821854912,1,0.024390243902439025
Fiction Freak Crisis,Seihitsu Kanbi Akigure Jojou,16,0.014692378328741965,1,0.024390243902439025
Chaos ga Kiwamaru,Orion wo Nazoru,19,0.017447199265381085,1,0.024390243902439025
Invisible Sensation,Chaos ga Kiwamaru,17,0.015610651974288337,1,0.024390243902439025
Sentimental Period,Invisible Sensation,13,0.011937557392102846,1,0.024390243902439025
Chaos ga Kiwamaru,Sugar Song to Bitter Step,13,0.011937557392102846,1,0.024390243902439025
Sanpo Saki My Life,Counter Identity,5,0.004591368227731864,1,0.024390243902439025
Sugar Song to Bitter Step,Fiction Freak Crisis,16,0.014692378328741965,1,0.024390243902439025
Pandemic Sudden Death,"8-Gatsu, Hirunaka no Nagareboshi to Hikouki-Gumo",47,0.04315886134067952,1,0.024390243902439025
"8-Gatsu, Hirunaka no Nagareboshi to Hikouki-Gumo",Kimi wa Tomodachi,47,0.04315886134067952,1,0.024390243902439025
Chandelier Waltz,mix juice no Iutouri,12,0.011019283746556474,1,0.024390243902439025
Drum Solo,BUSTER DICE MISERY,45,0.04132231404958678,1,0.024390243902439025
Counter Identity,Sentimental Period,15,0.013774104683195593,1,0.024390243902439025
Sentimental Period,Bachigai Hummingbird,20,0.018365472910927456,1,0.024390243902439025
mix juice no Iutouri,Drum Solo,46,0.04224058769513315,1,0.024390243902439025
Yoru ga Yureteiru,Itsuka no Shounen,3,0.0027548209366391185,1,0.024390243902439025
Deirai Kyousou Gakudan,Messenger From Zen Sekai,3,0.0027548209366391185,1,0.024390243902439025
Messenger From Zen Sekai,Master Volume,14,0.012855831037649219,1,0.024390243902439025
Master Volume,meet the world time,13,0.011937557392102846,1,0.024390243902439025
meet the world time,Karakuri Karukare,3,0.0027548209366391185,1,0.024390243902439025
23:25,Clover,4,0.0036730945821854912,1,0.024390243902439025
Clover,Scarsdale,4,0.0036730945821854912,1,0.024390243902439025
Scarsdale,cody beats,14,0.012855831037649219,1,0.024390243902439025
Seihitsu Kanbi Akigure Jojou,Yoru ga Yureteiru,16,0.014692378328741965,1,0.024390243902439025
Ryusei no Squall,Linear Blue wo Kikinagara,14,0.012855831037649219,1,0.024390243902439025
Linear Blue wo Kikinagara,"10% roll, 10% romance",13,0.011937557392102846,1,0.024390243902439025
kaleido proud fiesta,Haru ga Kite Bokura,16,0.014692378328741965,1,0.024390243902439025
Scarsdale,Tengoku to Jigoku,19,0.017447199265381085,1,0.024390243902439025
Tengoku to Jigoku,Koisuru Wakusei,19,0.017447199265381085,1,0.024390243902439025
Koisuru Wakusei,BUSTER DICE MISERY,19,0.017447199265381085,1,0.024390243902439025
BUSTER DICE MISERY,23:25,19,0.017447199265381085,1,0.024390243902439025
23:25,kaleido proud fiesta,19,0.017447199265381085,1,0.024390243902439025
kaleido proud fiesta,Koko de Atta ga Kemonomichi,19,0.017447199265381085,1,0.024390243902439025
Koko de Atta ga Kemonomichi,Anti-Trendy Club,19,0.017447199265381085,1,0.024390243902439025
Anti-Trendy Club,Kimi no Moto e,19,0.017447199265381085,1,0.024390243902439025
Kimi no Moto e,Ikenai fool logic,19,0.017447199265381085,1,0.024390243902439025
Ikenai fool logic,Chaos ga Kiwamaru,20,0.018365472910927456,1,0.024390243902439025
Chaos ga Kiwamaru,Mou Kimi ni Aenai,19,0.017447199265381085,1,0.024390243902439025
Mou Kimi ni Aenai,Natsukage Tail Light,19,0.017447199265381085,1,0.024390243902439025
Natsukage Tail Light,Millennium Happy Chainsaw Edge,19,0.017447199265381085,1,0.024390243902439025
Millennium Happy Chainsaw Edge,Sekai wa Fancy,19,0.017447199265381085,1,0.024390243902439025
Sekai wa Fancy,Phrase Bottle Bye Bye,21,0.01928374655647383,1,0.024390243902439025
Phrase Bottle Bye Bye,Space Shuttle Lullaby,19,0.017447199265381085,1,0.024390243902439025
Invisible Sensation,Ride on Time,19,0.017447199265381085,1,0.024390243902439025
Ride on Time,mix juice no Iutouri,19,0.017447199265381085,1,0.024390243902439025
fake town baby,"Catch up, latency",16,0.014692378328741965,1,0.024390243902439025
MR. Andy,Deirai Kyousou Gakudan,11,0.010101010101010102,1,0.024390243902439025
Numbness like a ginger,Nihil Pip Viper,13,0.011937557392102846,1,0.024390243902439025
Yoru ga Yureteiru,Clover,16,0.014692378328741965,1,0.024390243902439025
Haru ga Kite Bokura,Numbness like a ginger,13,0.011937557392102846,1,0.024390243902439025
"kid, I like quartet",Airabuniju,5,0.004591368227731864,1,0.024390243902439025
Silent Libre Mirage,Atorakushon ga Hajimaru (they call it “NO.6”),16,0.014692378328741965,1,0.024390243902439025
Orion wo Nazoru,"Majority Report (darling, I love you)",15,0.013774104683195593,1,0.024390243902439025
Linear Blue wo Kikinagara,Cheap Cheap Endroll,3,0.0027548209366391185,1,0.024390243902439025
Dareka ga Wasurete iru Kamoshirenai Bokura ni Daijina 001 no Koto,Sayonara Dai Kyu Wakusei,1,0.0009182736455463728,1,0.024390243902439025
Otonoba Chukan Shiken,Sugar Song to Bitter Step,50,0.04591368227731864,1,0.024390243902439025
Hakoniwa Rock Show,Orion wo Nazoru,4,0.0036730945821854912,1,0.024390243902439025
"kid, I like quartet",Sakura no Ato (all quartets lead to the?),1,0.0009182736455463728,1,0.024390243902439025
Light Flat,Orion wo Nazoru,1,0.0009182736455463728,1,0.024390243902439025
"kid, I like quartet",Orion wo Nazoru,24,0.02203856749311295,1,0.024390243902439025
Dareka ga Wasurete iru Kamoshirenai Bokura ni Daijina 001 no Koto,Light Flat,1,0.0009182736455463728,1,0.024390243902439025
Snow Reverse,Mikansei Daisy,1,0.0009182736455463728,1,0.024390243902439025
Counter Identity,Snow Reverse,2,0.0018365472910927456,1,0.024390243902439025
Sugar Song to Bitter Step,Linear Blue wo Kikinagara,3,0.0027548209366391185,1,0.024390243902439025
Deirai Kyousou Gakudan,Ride on Time,1,0.0009182736455463728,1,0.024390243902439025
Cheap Cheap Endroll,Tettoutetsubi Yonayona Drive,38,0.03489439853076217,1,0.024390243902439025
BUSTER DICE MISERY,Otonoba Chukan Shiken,47,0.04315886134067952,1,0.024390243902439025
Tettoutetsubi Yonayona Drive,Friday Novels,31,0.028466483011937556,1,0.024390243902439025
Friday Novels,Nani ka ga Kawari So,12,0.011019283746556474,1,0.024390243902439025
Mikansei Daisy,Dareka ga Wasurete iru Kamoshirenai Bokura ni Daijina 001 no Koto,4,0.0036730945821854912,1,0.024390243902439025
Full Color Program,cody beats,1,0.0009182736455463728,1,0.024390243902439025
Yoru ga Yureteiru,Mikansei Daisy,1,0.0009182736455463728,1,0.024390243902439025
3 minutes replay,Full Color Program,1,0.0009182736455463728,1,0.024390243902439025
Gyakuten Sayonara,Bachigai Hummingbird,1,0.0009182736455463728,1,0.024390243902439025
Nani ka ga Kawari So,Sakura no Ato (all quartets lead to the?),15,0.013774104683195593,1,0.024390243902439025
Childhood Supernova,Gyakuten Sayonara,1,0.0009182736455463728,1,0.024390243902439025
cody beats,Childhood Supernova,1,0.0009182736455463728,1,0.024390243902439025
Bachigai Hummingbird,Orion wo Nazoru,28,0.025711662075298437,1,0.024390243902439025
Sayonara Dai Kyu Wakusei,Orion wo Nazoru,1,0.0009182736455463728,1,0.024390243902439025
Ride on Time,Toushindai no Chikyu,1,0.0009182736455463728,1,0.024390243902439025
Orion wo Nazoru,"kid, I like quartet",3,0.0027548209366391185,1,0.024390243902439025
"kid, I like quartet",Chandelier Waltz,1,0.0009182736455463728,1,0.024390243902439025
Light Flat,Sayonara Dai Kyu Wakusei,6,0.005509641873278237,1,0.024390243902439025
Toushindai no Chikyu,Silent Libre Mirage,16,0.014692378328741965,1,0.024390243902439025
Sakura no Ato (all quartets lead to the?),Toushindai no Chikyu,17,0.015610651974288337,1,0.024390243902439025
Invisible Sensation,Sakura no Ato (all quartets lead to the?),18,0.01652892561983471,1,0.024390243902439025
23:25,over driver,2,0.0018365472910927456,1,0.024390243902439025
Scarsdale,Snow Answer,1,0.0009182736455463728,1,0.024390243902439025
Snow Answer,Bachigai Hummingbird,1,0.0009182736455463728,1,0.024390243902439025
to the CIDER ROAD,Silent Libre Mirage,4,0.0036730945821854912,1,0.024390243902439025
Hikari Nodokeki Haru no Hi ni,Tameiki shooting the MOON,7,0.006427915518824609,1,0.024390243902439025
Tameiki shooting the MOON,Full Color Program,7,0.006427915518824609,1,0.024390243902439025
Tettoutetsubi Yonayona Drive,Bachigai Hummingbird,6,0.005509641873278237,1,0.024390243902439025
Bachigai Hummingbird,mix juice no Iutouri,5,0.004591368227731864,1,0.024390243902439025
Sentimental Period,MR. Andy,15,0.013774104683195593,1,0.024390243902439025
Bachigai Hummingbird,Invisible Sensation,16,0.014692378328741965,1,0.024390243902439025
Karakuri Karukare,Sanpo Saki My Life,15,0.013774104683195593,1,0.024390243902439025
Sanpo Saki My Life,Deirai Kyousou Gakudan,23,0.021120293847566574,1,0.024390243902439025
MR. Andy,WINDOW Akeru,9,0.008264462809917356,1,0.024390243902439025
Master Volume,Clover,14,0.012855831037649219,1,0.024390243902439025
Clover,Galileo no Showcase,9,0.008264462809917356,1,0.024390243902439025
Hakoniwa Rock Show,Toushindai no Chikyu,1,0.0009182736455463728,1,0.024390243902439025
Own Civilization (nano‐mile met),Bachigai Hummingbird,17,0.015610651974288337,1,0.024390243902439025
Chandelier Waltz,Full Color Program,2,0.0018365472910927456,1,0.024390243902439025
Dareka ga Wasurete iru Kamoshirenai Bokura ni Daijina 001 no Koto,CAPACITY Koeru,2,0.0018365472910927456,1,0.024390243902439025
Toushindai no Chikyu,Tengoku to Jigoku,28,0.025711662075298437,1,0.024390243902439025
Sanpo Saki My Life,Sentimental Period,4,0.0036730945821854912,1,0.024390243902439025
Ryusei no Squall,Pandemic Sudden Death,10,0.009182736455463728,1,0.024390243902439025
Sakura no Ato (all quartets lead to the?),Orion wo Nazoru,37,0.03397612488521579,1,0.024390243902439025
Scarsdale,Sakura no Ato (all quartets lead to the?),22,0.020202020202020204,1,0.024390243902439025
Friday Novels,Scarsdale,19,0.017447199265381085,1,0.024390243902439025
crazy birthday,Space Shuttle Lullaby,13,0.011937557392102846,1,0.024390243902439025
Sugar Song to Bitter Step,crazy birthday,15,0.013774104683195593,1,0.024390243902439025
23:25,Galileo no Showcase,9,0.008264462809917356,1,0.024390243902439025
MR. Andy,fake town baby,13,0.011937557392102846,1,0.024390243902439025
Another World,Sakura no Ato (all quartets lead to the?),13,0.011937557392102846,1,0.024390243902439025
Pandemic Sudden Death,Slow Curve wa Utenai (that made me crazy),10,0.009182736455463728,1,0.024390243902439025
Slow Curve wa Utenai (that made me crazy),Kimi no Hitomi ni Koishi Tenai,12,0.011019283746556474,1,0.024390243902439025
Kimi no Hitomi ni Koishi Tenai,Sakura no Ato (all quartets lead to the?),14,0.012855831037649219,1,0.024390243902439025
Sawarenai Uta,"kid, I like quartet",25,0.02295684113865932,1,0.024390243902439025
"kid, I like quartet",Coffee Cup Syndrome,25,0.02295684113865932,1,0.024390243902439025
sangatsu monogatari,Mikazuki no Yoru no Mannaka,6,0.005509641873278237,1,0.024390243902439025
Coffee Cup Syndrome,Tengoku to Jigoku,25,0.02295684113865932,1,0.024390243902439025
Tengoku to Jigoku,Kimi no Moto e,26,0.023875114784205693,1,0.024390243902439025
Kimi no Moto e,Ryusei no Squall,25,0.02295684113865932,1,0.024390243902439025
Ryusei no Squall,Otonoba Chukan Shiken,25,0.02295684113865932,1,0.024390243902439025
Coffee Cup Syndrome,BUSTER DICE MISERY,10,0.009182736455463728,1,0.024390243902439025
MR. Andy,Full Color Program,26,0.023875114784205693,1,0.024390243902439025
Bokutachi no Shippai,Ryusei no Squall,10,0.009182736455463728,1,0.024390243902439025
Toushindai no Chikyu,Galileo no Showcase,17,0.015610651974288337,1,0.024390243902439025
Fiction Freak Crisis,Dareka ga Wasurete iru Kamoshirenai Bokura ni Daijina 001 no Koto,17,0.015610651974288337,1,0.024390243902439025
Fiction Freak Crisis,Fiction Freak Crisis,9,0.008264462809917356,1,0.024390243902439025
Nonfiction Compass,sangatsu monogatari,6,0.005509641873278237,1,0.024390243902439025
Sakura no Ato (all quartets lead to the?),Invisible Sensation,11,0.010101010101010102,1,0.024390243902439025
Full Color Program,Fiction Freak Crisis,17,0.015610651974288337,1,0.024390243902439025
Full Color Program,Full Color Program,9,0.008264462809917356,1,0.024390243902439025
Clover,Clover,9,0.008264462809917356,1,0.024390243902439025
RUNNERS HIGH REPRISE,Kirai = Kirai,10,0.009182736455463728,1,0.024390243902439025
Kirai = Kirai,Bokutachi no Shippai,10,0.009182736455463728,1,0.024390243902439025
Dareka ga Wasurete iru Kamoshirenai Bokura ni Daijina 001 no Koto,over driver,1,0.0009182736455463728,1,0.024390243902439025
Orchestra o Mi ni Ikou,Dizzy Trickster,18,0.01652892561983471,1,0.024390243902439025
MR. Andy,Galileo no Showcase,30,0.027548209366391185,1,0.024390243902439025
Bachigai Hummingbird,23:25,9,0.008264462809917356,1,0.024390243902439025
"Minority Report (darling, I love you)",Miss. Sandy,47,0.04315886134067952,1,0.024390243902439025
Space Shuttle Lullaby,"Catch up, latency",13,0.011937557392102846,1,0.024390243902439025
UNO Story,Signal ABC,2,0.0018365472910927456,1,0.024390243902439025
Shoegazer Speaker,Sakura no Ato (all quartets lead to the?),26,0.023875114784205693,1,0.024390243902439025
Otonoba Chukan Shiken,Shoegazer Speaker,25,0.02295684113865932,1,0.024390243902439025
Orion wo Nazoru,Childhood Supernova,26,0.023875114784205693,1,0.024390243902439025
over driver,"kid, I like quartet",1,0.0009182736455463728,1,0.024390243902439025
Dareka ga Wasurete iru Kamoshirenai Bokura ni Daijina 001 no Koto,Serenade ga Tomaranai,17,0.015610651974288337,1,0.024390243902439025
Phantom Joke,Another World,13,0.011937557392102846,1,0.024390243902439025
Ikenai fool logic,Phantom Joke,13,0.011937557392102846,1,0.024390243902439025
Kimi wa Iiko,UNO Story,1,0.0009182736455463728,1,0.024390243902439025
Protract Countdown,23:25,12,0.011019283746556474,1,0.024390243902439025
Sakura no Ato (all quartets lead to the?),Airabuniju,5,0.004591368227731864,1,0.024390243902439025
BUSTER DICE MISERY,instant EGOIST,10,0.009182736455463728,1,0.024390243902439025
Orion wo Nazoru,Tettoutetsubi Yonayona Drive,2,0.0018365472910927456,1,0.024390243902439025
Kimi no Hitomi ni Koishi Tenai,Tettoutetsubi Yonayona Drive,5,0.004591368227731864,1,0.024390243902439025
instant EGOIST,"10% roll, 10% romance",10,0.009182736455463728,1,0.024390243902439025
Nihil Pip Viper,Ikenai fool logic,13,0.011937557392102846,1,0.024390243902439025
"Catch up, latency",MIDNIGHT JUNGLE,9,0.008264462809917356,1,0.024390243902439025
Program continued,Tasogare in the Spy,26,0.023875114784205693,1,0.024390243902439025
Atorakushon ga Hajimaru (they call it “NO.6”),Bachigai Hummingbird,48,0.0440771349862259,1,0.024390243902439025
"10% roll, 10% romance",RUNNERS HIGH REPRISE,10,0.009182736455463728,1,0.024390243902439025
Tasogare in the Spy,Hakoniwa Rock Show,25,0.02295684113865932,1,0.024390243902439025
Snow Reverse,Kimi wa Iiko,6,0.005509641873278237,1,0.024390243902439025
MIDNIGHT JUNGLE,Kimi no Hitomi ni Koishi Tenai,17,0.015610651974288337,1,0.024390243902439025
Dareka ga Wasurete iru Kamoshirenai Bokura ni Daijina 001 no Koto,Dareka ga Wasurete iru Kamoshirenai Bokura ni Daijina 001 no Koto,9,0.008264462809917356,1,0.024390243902439025
Sakura no Ato (all quartets lead to the?),mouth to mouse(sent you),10,0.009182736455463728,1,0.024390243902439025
Miss. Sandy,Pandemic Sudden Death,39,0.03581267217630854,1,0.024390243902439025
Atorakushon ga Hajimaru (they call it “NO.6”),Messenger From Zen Sekai,10,0.009182736455463728,1,0.024390243902439025
Childhood Supernova,"Yuunagi, Ensemble",25,0.02295684113865932,1,0.024390243902439025
"Yuunagi, Ensemble",Dareka ga Wasurete iru Kamoshirenai Bokura ni Daijina 001 no Koto,25,0.02295684113865932,1,0.024390243902439025
meet the world time,Atorakushon ga Hajimaru (they call it “NO.6”),10,0.009182736455463728,1,0.024390243902439025
Dareka ga Wasurete iru Kamoshirenai Bokura ni Daijina 001 no Koto,Chandelier Waltz,25,0.02295684113865932,1,0.024390243902439025
Tettoutetsubi Yonayona Drive,Haru ga Kite Bokura,4,0.0036730945821854912,1,0.024390243902439025
Bachigai Hummingbird,Program continued,25,0.02295684113865932,1,0.024390243902439025
Chandelier Waltz,Pandemic Sudden Death,26,0.023875114784205693,1,0.024390243902439025
mouth to mouse(sent you),Sawarenai Uta,10,0.009182736455463728,1,0.024390243902439025
Orion wo Nazoru,meet the world time,10,0.009182736455463728,1,0.024390243902439025
overture ~Spring Spring Spring~,Full Color Program,12,0.011019283746556474,1,0.024390243902439025
Phantom Joke,Orion wo Nazoru,11,0.010101010101010102,1,0.024390243902439025
crazy birthday,Dizzy Trickster,16,0.014692378328741965,1,0.024390243902439025
Haru ga Kite Bokura,crazy birthday,17,0.015610651974288337,1,0.024390243902439025
Kimi no Hitomi ni Koishi Tenai,Tengoku to Jigoku,1,0.0009182736455463728,0,0.0
Seku x Kara x Shisonzuuru,Sakura no Ato (all quartets lead to the?),1,0.0009182736455463728,0,0.0
23:25,Chaos ga Kiwamaru,1,0.0009182736455463728,0,0.0
Mizu to Ame ni Tsuite,Light Flat,3,0.0027548209366391185,0,0.0
Tettoutetsubi Yonayona Drive,like coffee no Omajinai,1,0.0009182736455463728,0,0.0
like coffee no Omajinai,Orion wo Nazoru,1,0.0009182736455463728,0,0.0
Tengoku to Jigoku,23:25,1,0.0009182736455463728,0,0.0
Tameiki shooting the MOON,Snow Reverse,1,0.0009182736455463728,0,0.0
Mermaid Scandalous,Slow Curve wa Utenai (that made me crazy),1,0.0009182736455463728,0,0.0
Sayonara Dai Kyu Wakusei,Clover,1,0.0009182736455463728,0,0.0
Karakuri Karukare,Countdown,1,0.0009182736455463728,0,0.0
MR. Andy,SHORT CUTTER!,1,0.0009182736455463728,0,0.0
Worldwide Supergirl,Tengoku to Jigoku,1,0.0009182736455463728,0,0.0
Pistol Galaxy,Worldwide Supergirl,1,0.0009182736455463728,0,0.0
Linear Blue wo Kikinagara,Pistol Galaxy,1,0.0009182736455463728,0,0.0
Childhood Supernova,Scarsdale,1,0.0009182736455463728,0,0.0
cody beats,Clover,1,0.0009182736455463728,0,0.0
Sakura no Ato (all quartets lead to the?),Dareka ga Wasurete iru Kamoshirenai Bokura ni Daijina 001 no Koto,1,0.0009182736455463728,0,0.0
Bachigai Hummingbird,Gyakuten Sayonara,1,0.0009182736455463728,0,0.0
Hikari Nodokeki Haru no Hi ni,Linear Blue wo Kikinagara,1,0.0009182736455463728,0,0.0
Talk Corner,Hikari Nodokeki Haru no Hi ni,1,0.0009182736455463728,0,0.0
Slow Curve wa Utenai (that made me crazy),"Catch up, latency",1,0.0009182736455463728,0,0.0
101-kaime no Prologue,Talk Corner,1,0.0009182736455463728,0,0.0
Simple Simple Anecdote,101-kaime no Prologue,1,0.0009182736455463728,0,0.0
Haru ga Kite Bokura,Simple Simple Anecdote,1,0.0009182736455463728,0,0.0
Seihitsu Kanbi Akigure Jojou,Kimi no Hitomi ni Koishi Tenai,1,0.0009182736455463728,0,0.0
Phantom Joke,Boujaku no Charisma,1,0.0009182736455463728,0,0.0
Sekai wa Fancy,Yayoichou Lonely Planet,1,0.0009182736455463728,0,0.0
Phantom Joke,Sekai wa Fancy,1,0.0009182736455463728,0,0.0
Sesshoku Vigilante,Natsukage Tail Light,1,0.0009182736455463728,0,0.0
Friday Novels,Phantom Joke,1,0.0009182736455463728,0,0.0
"Catch up, latency",Sesshoku Vigilante,1,0.0009182736455463728,0,0.0
Light Flat,"Yuunagi, Ensemble",1,0.0009182736455463728,0,0.0
Protract Countdown,Tettoutetsubi Yonayona Drive,1,0.0009182736455463728,0,0.0
Sentimental Period,Seku x Kara x Shisonzuuru,1,0.0009182736455463728,0,0.0
RUNNERS HIGH REPRISE,Worldwide Supergirl,1,0.0009182736455463728,0,0.0
WINDOW Akeru,Toushindai no Chikyu,1,0.0009182736455463728,0,0.0
Galileo no Showcase,Ryusei Kouro,1,0.0009182736455463728,0,0.0
"kid, I like quartet",Bachigai Hummingbird,2,0.0018365472910927456,0,0.0
Bachigai Hummingbird,Deirai Kyousou Gakudan,1,0.0009182736455463728,0,0.0
Deirai Kyousou Gakudan,Sayonara Summer Time Machine,1,0.0009182736455463728,0,0.0
Clover,Chandelier Waltz,2,0.0018365472910927456,0,0.0
Sayonara Summer Time Machine,Mikansei Daisy,1,0.0009182736455463728,0,0.0
"Catch up, latency",Worldwide Supergirl,1,0.0009182736455463728,0,0.0
Mikansei Daisy,Sentimental Period,1,0.0009182736455463728,0,0.0
Karakuri Karukare,"Catch up, latency",1,0.0009182736455463728,0,0.0
SHORT CUTTER!,Orion wo Nazoru,1,0.0009182736455463728,0,0.0
Worldwide Supergirl,Invisible Sensation,1,0.0009182736455463728,0,0.0
Otonoba Chukan Shiken,23:25,1,0.0009182736455463728,0,0.0
Sayonara Dai Kyu Wakusei,WINDOW Akeru,3,0.0027548209366391185,0,0.0
Worldwide Supergirl,Otonoba Chukan Shiken,1,0.0009182736455463728,0,0.0
Sentimental Period,Another World,1,0.0009182736455463728,0,0.0
Toushindai no Chikyu,Bachigai Hummingbird,1,0.0009182736455463728,0,0.0
Scarsdale,Toushindai no Chikyu,1,0.0009182736455463728,0,0.0
Tengoku to Jigoku,Scarsdale,1,0.0009182736455463728,0,0.0
Light Flat,Seku x Kara x Shisonzuuru,1,0.0009182736455463728,0,0.0
Ryusei Kouro,"Yuunagi, Ensemble",2,0.0018365472910927456,0,0.0
Sentimental Period,Worldwide Supergirl,1,0.0009182736455463728,0,0.0
Tengoku to Jigoku,Sentimental Period,2,0.0018365472910927456,0,0.0
Scarsdale,Sawarenai Uta,1,0.0009182736455463728,0,0.0
Sawarenai Uta,Mikansei Daisy,1,0.0009182736455463728,0,0.0
Mikansei Daisy,Serenade ga Tomaranai,1,0.0009182736455463728,0,0.0
Miss. Sandy,Light Flat,1,0.0009182736455463728,0,0.0
Hakoniwa Rock Show,Sora no Tobikata,1,0.0009182736455463728,0,0.0
Galileo no Showcase,TOKYO,1,0.0009182736455463728,0,0.0
Karakuri Karukare,Anti-Trendy Club,1,0.0009182736455463728,0,0.0
TOKYO,Hakoniwa Rock Show,1,0.0009182736455463728,0,0.0
Serenade ga Tomaranai,Childhood Supernova,1,0.0009182736455463728,0,0.0
Interview,Hatch I need,1,0.0009182736455463728,0,0.0
Mizu to Ame ni Tsuite,Chandelier Waltz,1,0.0009182736455463728,0,0.0
crazy birthday,Orion wo Nazoru,2,0.0018365472910927456,0,0.0
Sentimental Period,Coffee Cup Syndrome,3,0.0027548209366391185,0,0.0
Coffee Cup Syndrome,5-bu-go no Stardust,3,0.0027548209366391185,0,0.0
5-bu-go no Stardust,Ride on Time,4,0.0036730945821854912,0,0.0
Clover,Counter Identity,1,0.0009182736455463728,0,0.0
to the CIDER ROAD,Boujaku no Charisma,1,0.0009182736455463728,0,0.0
Boujaku no Charisma,Sugar Song to Bitter Step,3,0.0027548209366391185,0,0.0
Sugar Song to Bitter Step,Karakuri Karukare,1,0.0009182736455463728,0,0.0
Anti-Trendy Club,Nani ka ga Kawari So,1,0.0009182736455463728,0,0.0
Sentimental Period,Miss. Sandy,1,0.0009182736455463728,0,0.0
Serenade ga Tomaranai,Love Song wa Totsuzen ni? ~What is the name of that mystery??~,1,0.0009182736455463728,0,0.0
Light Flat,Sora no Tobikata,1,0.0009182736455463728,0,0.0
Sora no Tobikata,Searchlight,2,0.0018365472910927456,0,0.0
harmonized finale,Protract Countdown,1,0.0009182736455463728,0,0.0
Hakoniwa Rock Show,Sentimental Period,4,0.0036730945821854912,0,0.0
Santa Claus wa Juutai-chuu,Radial Night Chaser,1,0.0009182736455463728,0,0.0
Deirai Kyousou Gakudan,harmonized finale,2,0.0018365472910927456,0,0.0
Shoegazer Speaker,Santa Claus wa Juutai-chuu,1,0.0009182736455463728,0,0.0
Seku x Kara x Shisonzuuru,Shoegazer Speaker,1,0.0009182736455463728,0,0.0
Sugar Song to Bitter Step,RUNNERS HIGH REPRISE,2,0.0018365472910927456,0,0.0
Worldwide Supergirl,Sugar Song to Bitter Step,1,0.0009182736455463728,0,0.0
Miss. Sandy,Sanpo Saki My Life,1,0.0009182736455463728,0,0.0
Sanpo Saki My Life,Clover,3,0.0027548209366391185,0,0.0
Natsukage Tail Light,Fiction Freak Crisis,1,0.0009182736455463728,0,0.0
Sakura no Ato (all quartets lead to the?),Kimi no Hitomi ni Koishi Tenai,3,0.0027548209366391185,0,0.0
Invisible Sensation,Worldwide Supergirl,1,0.0009182736455463728,0,0.0
Serenade ga Tomaranai,Sanpo Saki My Life,1,0.0009182736455463728,0,0.0
23:25,Full Color Program,1,0.0009182736455463728,0,0.0
crazy birthday,23:25,1,0.0009182736455463728,0,0.0
Master Volume,Haru ga Kite Bokura,1,0.0009182736455463728,0,0.0
Mermaid Scandalous,Master Volume,1,0.0009182736455463728,0,0.0
Atorakushon ga Hajimaru (they call it “NO.6”),Chaos ga Kiwamaru,1,0.0009182736455463728,0,0.0
Toushindai no Chikyu,Atorakushon ga Hajimaru (they call it “NO.6”),1,0.0009182736455463728,0,0.0
Seihitsu Kanbi Akigure Jojou,BUSTER DICE MISERY,1,0.0009182736455463728,0,0.0
Worldwide Supergirl,Kimi no Moto e,1,0.0009182736455463728,0,0.0
"Catch up, latency",Invisible Sensation,1,0.0009182736455463728,0,0.0
MR. Andy,Sayonara Dai Kyu Wakusei,2,0.0018365472910927456,0,0.0
Friday Novels,"Catch up, latency",1,0.0009182736455463728,0,0.0
Nani ka ga Kawari So,Ride on Time,1,0.0009182736455463728,0,0.0
Toushindai no Chikyu,Nani ka ga Kawari So,1,0.0009182736455463728,0,0.0
Mizu to Ame ni Tsuite,Toushindai no Chikyu,2,0.0018365472910927456,0,0.0
bad music disco,Deirai Kyousou Gakudan,1,0.0009182736455463728,0,0.0
Stay Mellow,bad music disco,1,0.0009182736455463728,0,0.0
mouth to mouse(sent you),Stay Mellow,1,0.0009182736455463728,0,0.0
Hoshi Oitachi no Inori,mouth to mouse(sent you),1,0.0009182736455463728,0,0.0
Kimagure Zattou,Hoshi Oitachi no Inori,1,0.0009182736455463728,0,0.0
Tengoku to Jigoku,Mikansei Daisy,1,0.0009182736455463728,0,0.0
Mikansei Daisy,Atorakushon ga Hajimaru (they call it “NO.6”),1,0.0009182736455463728,0,0.0
Atorakushon ga Hajimaru (they call it “NO.6”),Full Color Program,1,0.0009182736455463728,0,0.0
MR. Andy,Cheap Cheap Endroll,1,0.0009182736455463728,0,0.0
Coffee Cup Syndrome,Searchlight,1,0.0009182736455463728,0,0.0
Ryusei no Squall,Gyakuten Sayonara,1,0.0009182736455463728,0,0.0
Searchlight,Master Volume,1,0.0009182736455463728,0,0.0
Karakuri Karukare,Searchlight,1,0.0009182736455463728,0,0.0
Mikansei Daisy,Haru ga Kite Bokura,1,0.0009182736455463728,0,0.0
Chaos ga Kiwamaru,Mikansei Daisy,1,0.0009182736455463728,0,0.0
Nani ka ga Kawari So,Chaos ga Kiwamaru,2,0.0018365472910927456,0,0.0
Instrumental Jam,Invisible Sensation,2,0.0018365472910927456,0,0.0
Pandemic Sudden Death,Instrumental Jam,1,0.0009182736455463728,0,0.0
Tengoku to Jigoku,Pandemic Sudden Death,1,0.0009182736455463728,0,0.0
Karakuri Karukare,Tengoku to Jigoku,1,0.0009182736455463728,0,0.0
Sekai wa Fancy,Full Color Program,2,0.0018365472910927456,0,0.0
Enogu,Invisible Sensation,1,0.0009182736455463728,0,0.0
crazy birthday,Tettoutetsubi Yonayona Drive,2,0.0018365472910927456,0,0.0
Momai termination,23:25,1,0.0009182736455463728,0,0.0
Hakoniwa Rock Show,Momai termination,1,0.0009182736455463728,0,0.0
Ride on Time,Hakoniwa Rock Show,1,0.0009182736455463728,0,0.0
Tengoku to Jigoku,Counter Identity,1,0.0009182736455463728,0,0.0
Bachigai Hummingbird,CAPACITY Koeru,2,0.0018365472910927456,0,0.0
Kimi no Moto e,Kimagure Zattou,1,0.0009182736455463728,0,0.0
Protract Countdown,Kimi no Moto e,1,0.0009182736455463728,0,0.0
Coffee Cup Syndrome,Protract Countdown,1,0.0009182736455463728,0,0.0
Chaos ga Kiwamaru,Hatch I need,2,0.0018365472910927456,0,0.0
Light Flat,Hitori Omou wa Ame no Naka,1,0.0009182736455463728,0,0.0
Coffee Cup Syndrome,Light Flat,1,0.0009182736455463728,0,0.0
Full Color Program,Coffee Cup Syndrome,2,0.0018365472910927456,0,0.0
Galileo no Showcase,Clover,1,0.0009182736455463728,0,0.0
Deirai Kyousou Gakudan,5-bu-go no Stardust,1,0.0009182736455463728,0,0.0
Hakoniwa Rock Show,Bachigai Hummingbird,1,0.0009182736455463728,0,0.0
Sakura no Ato (all quartets lead to the?),Hakoniwa Rock Show,1,0.0009182736455463728,0,0.0
MR. Andy,Sakura no Ato (all quartets lead to the?),3,0.0027548209366391185,0,0.0
Cross Heart 1 Gousen (Advantage In a Long Time),MR. Andy,1,0.0009182736455463728,0,0.0
Chandelier Waltz,Cross Heart 1 Gousen (Advantage In a Long Time),1,0.0009182736455463728,0,0.0
Tengoku to Jigoku,Linear Blue wo Kikinagara,1,0.0009182736455463728,0,0.0
Pandemic Sudden Death,Tengoku to Jigoku,2,0.0018365472910927456,0,0.0
MR. Andy,harmonized finale,2,0.0018365472910927456,0,0.0
Tameiki shooting the MOON,MR. Andy,1,0.0009182736455463728,0,0.0
Sugar Song to Bitter Step,Tameiki shooting the MOON,1,0.0009182736455463728,0,0.0
Master Volume,"kid, I like quartet",2,0.0018365472910927456,0,0.0
Sora no Tobikata,WINDOW Akeru,2,0.0018365472910927456,0,0.0
Hakoniwa Rock Show,Pandemic Sudden Death,1,0.0009182736455463728,0,0.0
Worldwide Supergirl,Cross Heart 1 Gousen (Advantage In a Long Time),1,0.0009182736455463728,0,0.0
Hitori Omou wa Ame no Naka,Master Volume,1,0.0009182736455463728,0,0.0
Hatch I need,Millennium Happy Chainsaw Edge,2,0.0018365472910927456,0,0.0
cody beats,Messenger From Zen Sekai,1,0.0009182736455463728,0,0.0
Millennium Happy Chainsaw Edge,Kimi no Hitomi ni Koishi Tenai,1,0.0009182736455463728,0,0.0
Ryusei Zenya,Ryusei Kouro,1,0.0009182736455463728,0,0.0
Coffee Cup Syndrome,Scarsdale,1,0.0009182736455463728,0,0.0
Bachigai Hummingbird,Coffee Cup Syndrome,1,0.0009182736455463728,0,0.0
Kirai = Kirai,Clover,1,0.0009182736455463728,0,0.0
Toushindai no Chikyu,Kirai = Kirai,1,0.0009182736455463728,0,0.0
Childhood Supernova,Toushindai no Chikyu,1,0.0009182736455463728,0,0.0
Counter Identity,Mizu to Ame ni Tsuite,1,0.0009182736455463728,0,0.0
Messenger From Zen Sekai,Sanpo Saki My Life,1,0.0009182736455463728,0,0.0
23:25,Mizu to Ame ni Tsuite,2,0.0018365472910927456,0,0.0
Serenade ga Tomaranai,Tettoutetsubi Yonayona Drive,1,0.0009182736455463728,0,0.0
Airabuniju,Kimi no Moto e,1,0.0009182736455463728,0,0.0
Dareka ga Wasurete iru Kamoshirenai Bokura ni Daijina 001 no Koto,Orion wo Nazoru,1,0.0009182736455463728,0,0.0
Ride on Time,CAPACITY Koeru,1,0.0009182736455463728,0,0.0
"kid, I like quartet",Master Volume,1,0.0009182736455463728,0,0.0
Sayonara Dai Kyu Wakusei,cody beats,1,0.0009182736455463728,0,0.0
Bachigai Hummingbird,Sayonara Dai Kyu Wakusei,1,0.0009182736455463728,0,0.0
Full Color Program,Counter Identity,1,0.0009182736455463728,0,0.0
meet the world time,Full Color Program,1,0.0009182736455463728,0,0.0
Kimi no Hitomi ni Koishi Tenai,Nagareboshi wo Uchi Otose,2,0.0018365472910927456,0,0.0
Searchlight,WINDOW Akeru,2,0.0018365472910927456,0,0.0
"kid, I like quartet",Ride on Time,1,0.0009182736455463728,0,0.0
Ride on Time,Scarsdale,1,0.0009182736455463728,0,0.0
Sentimental Period,Radial Night Chaser,1,0.0009182736455463728,0,0.0
Shupurehikouru ~Sekai ga Owaru Mae ni~,Dareka ga Wasurete iru Kamoshirenai Bokura ni Daijina 001 no Koto,1,0.0009182736455463728,0,0.0
Orion wo Nazoru,Shupurehikouru ~Sekai ga Owaru Mae ni~,1,0.0009182736455463728,0,0.0
Mikansei Daisy,Airabuniju,1,0.0009182736455463728,0,0.0
Counter Identity,Mikansei Daisy,1,0.0009182736455463728,0,0.0
cody beats,CAPACITY Koeru,2,0.0018365472910927456,0,0.0
"kid, I like quartet",cody beats,1,0.0009182736455463728,0,0.0
Dance Party,MR. Andy,1,0.0009182736455463728,0,0.0
Tettoutetsubi Yonayona Drive,Dance Party,1,0.0009182736455463728,0,0.0
Galileo no Showcase,Tettoutetsubi Yonayona Drive,1,0.0009182736455463728,0,0.0
mouth to mouse(sent you),Tsuki to Tenbin,1,0.0009182736455463728,0,0.0
Chaos ga Kiwamaru,mouth to mouse(sent you),1,0.0009182736455463728,0,0.0
Orion wo Nazoru,Chaos ga Kiwamaru,1,0.0009182736455463728,0,0.0
"10% roll, 10% romance",Orion wo Nazoru,2,0.0018365472910927456,0,0.0
Sentimental Period,"10% roll, 10% romance",1,0.0009182736455463728,0,0.0
Sekai wa Fancy,"kid, I like quartet",1,0.0009182736455463728,0,0.0
Karakuri Karukare,Sekai wa Fancy,1,0.0009182736455463728,0,0.0
Phantom Joke,Karakuri Karukare,1,0.0009182736455463728,0,0.0
Sayonara Summer Time Machine,Phantom Joke,1,0.0009182736455463728,0,0.0
Invisible Sensation,Sayonara Summer Time Machine,1,0.0009182736455463728,0,0.0
Radial Night Chaser,Nani ka ga Kawari So,1,0.0009182736455463728,0,0.0
Master Volume,Tettoutetsubi Yonayona Drive,1,0.0009182736455463728,0,0.0
WINDOW Akeru,Bachigai Hummingbird,2,0.0018365472910927456,0,0.0
Pandemic Sudden Death,Master Volume,1,0.0009182736455463728,0,0.0
Ai wa Kitto,MR. Andy,1,0.0009182736455463728,0,0.0
mouth to mouse(sent you),Ai wa Kitto,1,0.0009182736455463728,0,0.0
Sentimental Period,mouth to mouse(sent you),1,0.0009182736455463728,0,0.0
Tsuki to Tenbin,MR. Andy,2,0.0018365472910927456,0,0.0
Mizu to Ame ni Tsuite,Tsuki to Tenbin,1,0.0009182736455463728,0,0.0
Instrumental Jam,Orion wo Nazoru,1,0.0009182736455463728,0,0.0
Haru ga Kite Bokura,Instrumental Jam,1,0.0009182736455463728,0,0.0
Momai termination,Tengoku to Jigoku,2,0.0018365472910927456,0,0.0
Miss. Sandy,Momai termination,1,0.0009182736455463728,0,0.0
Childhood Supernova,Miss. Sandy,1,0.0009182736455463728,0,0.0
crazy birthday,Cheap Cheap Endroll,1,0.0009182736455463728,0,0.0
Bachigai Hummingbird,Pandemic Sudden Death,1,0.0009182736455463728,0,0.0
Chandelier Waltz,cody beats,1,0.0009182736455463728,0,0.0
Sakura no Ato (all quartets lead to the?),Worldwide Supergirl,2,0.0018365472910927456,0,0.0
Counter Identity,Clover,1,0.0009182736455463728,0,0.0
Galileo no Showcase,Ride on Time,1,0.0009182736455463728,0,0.0
Deirai Kyousou Gakudan,"Nigatsu, Hakuchu no Nagareboshi to Hikoukigumo",1,0.0009182736455463728,0,0.0
cody beats,Own Civilization (nano‐mile met),1,0.0009182736455463728,0,0.0
Own Civilization (nano‐mile met),Pandemic Sudden Death,1,0.0009182736455463728,0,0.0
Tettoutetsubi Yonayona Drive,Tameiki shooting the MOON,1,0.0009182736455463728,0,0.0
Worldwide Supergirl,WINDOW Akeru,1,0.0009182736455463728,0,0.0
Dareka ga Wasurete iru Kamoshirenai Bokura ni Daijina 001 no Koto,WINDOW Akeru,1,0.0009182736455463728,0,0.0
Clover,Snow Reverse,1,0.0009182736455463728,0,0.0
instant EGOIST,"Yuunagi, Ensemble",1,0.0009182736455463728,0,0.0
Kirai = Kirai,Sanpo Saki My Life,1,0.0009182736455463728,0,0.0
CAPACITY Koeru,Kirai = Kirai,1,0.0009182736455463728,0,0.0
Full Color Program,CAPACITY Koeru,1,0.0009182736455463728,0,0.0
Another World,Full Color Program,2,0.0018365472910927456,0,0.0
Andromeda,Another World,1,0.0009182736455463728,0,0.0
Counter Identity,cody beats,2,0.0018365472910927456,0,0.0
Snow Answer,Hakoniwa Rock Show,1,0.0009182736455463728,0,0.0
Gyakuten Sayonara,Snow Answer,1,0.0009182736455463728,0,0.0
Scarsdale,Gyakuten Sayonara,2,0.0018365472910927456,0,0.0
Sentimental Period,Light Flat,1,0.0009182736455463728,0,0.0
Ryusei Kouro,Another World,1,0.0009182736455463728,0,0.0
Hakoniwa Rock Show,Tettoutetsubi Yonayona Drive,1,0.0009182736455463728,0,0.0
Sawarenai Uta,Hakoniwa Rock Show,1,0.0009182736455463728,0,0.0
Boujaku no Charisma,Sakura no Ato (all quartets lead to the?),2,0.0018365472910927456,0,0.0
Sanpo Saki My Life,Boujaku no Charisma,1,0.0009182736455463728,0,0.0
Ride on Time,23:25,1,0.0009182736455463728,0,0.0
Protract Countdown,Orion wo Nazoru,1,0.0009182736455463728,0,0.0
WINDOW Akeru,Protract Countdown,1,0.0009182736455463728,0,0.0
Light Flat,Clover,1,0.0009182736455463728,0,0.0
Snow Reverse,over driver,1,0.0009182736455463728,0,0.0
Orion wo Nazoru,Nani ka ga Kawari So,2,0.0018365472910927456,0,0.0
Master Volume,Childhood Supernova,1,0.0009182736455463728,0,0.0
Millennium Happy Chainsaw Edge,Orion wo Nazoru,1,0.0009182736455463728,0,0.0
Chaos ga Kiwamaru,Millennium Happy Chainsaw Edge,1,0.0009182736455463728,0,0.0
Childhood Supernova,Haru ga Kite Bokura,1,0.0009182736455463728,0,0.0
Tengoku to Jigoku,Kimi no Hitomi ni Koishi Tenai,4,0.0036730945821854912,0,0.0
"10% roll, 10% romance",Gyakuten Sayonara,1,0.0009182736455463728,0,0.0
23:25,Tengoku to Jigoku,2,0.0018365472910927456,0,0.0
"Majority Report (darling, I love you)",Sugar Song to Bitter Step,1,0.0009182736455463728,0,0.0
Serenade ga Tomaranai,"Majority Report (darling, I love you)",1,0.0009182736455463728,0,0.0
Orion wo Nazoru,Serenade ga Tomaranai,3,0.0027548209366391185,0,0.0
"Yuunagi, Ensemble",Mizu to Ame ni Tsuite,1,0.0009182736455463728,0,0.0
Deirai Kyousou Gakudan,"Yuunagi, Ensemble",1,0.0009182736455463728,0,0.0
Another World,Karakuri Karukare,1,0.0009182736455463728,0,0.0
"Nigatsu, Hakuchu no Nagareboshi to Hikoukigumo",Master Volume,1,0.0009182736455463728,0,0.0
Sakura no Ato (all quartets lead to the?),Sanpo Saki My Life,1,0.0009182736455463728,0,0.0
Full Color Program,Sakura no Ato (all quartets lead to the?),1,0.0009182736455463728,0,0.0
Chandelier Waltz,Hakoniwa Rock Show,1,0.0009182736455463728,0,0.0
Friday Novels,"10% roll, 10% romance",1,0.0009182736455463728,0,0.0
Sayonara Dai Kyu Wakusei,Chandelier Waltz,1,0.0009182736455463728,0,0.0
"kid, I like quartet",Sayonara Dai Kyu Wakusei,1,0.0009182736455463728,0,0.0
Kimi no Hitomi ni Koishi Tenai,Friday Novels,1,0.0009182736455463728,0,0.0
Momai termination,Chaos ga Kiwamaru,1,0.0009182736455463728,0,0.0
Siren in the Spy,Fiction Freak Crisis,1,0.0009182736455463728,0,0.0
cody beats,"10% roll, 10% romance",1,0.0009182736455463728,0,0.0
Cheap Cheap Endroll,Sekai wa Fancy,1,0.0009182736455463728,0,0.0
23:25,Phantom Joke,1,0.0009182736455463728,0,0.0
Phantom Joke,Sakura no Ato (all quartets lead to the?),1,0.0009182736455463728,0,0.0
Chandelier Waltz,instant EGOIST,1,0.0009182736455463728,0,0.0
"8-Gatsu, Hirunaka no Nagareboshi to Hikouki-Gumo",Chandelier Waltz,1,0.0009182736455463728,0,0.0
Orion wo Nazoru,Sentimental Period,1,0.0009182736455463728,0,0.0
Sawarenai Uta,Sakura no Ato (all quartets lead to the?),3,0.0027548209366391185,0,0.0
Sugar Song to Bitter Step,Sawarenai Uta,1,0.0009182736455463728,0,0.0
"kid, I like quartet",Worldwide Supergirl,1,0.0009182736455463728,0,0.0
Drum Solo,Tengoku to Jigoku,1,0.0009182736455463728,0,0.0
"10% roll, 10% romance",Drum Solo,1,0.0009182736455463728,0,0.0
harmonized finale,cody beats,1,0.0009182736455463728,0,0.0
instant EGOIST,Kimi no Hitomi ni Koishi Tenai,1,0.0009182736455463728,0,0.0
Mizu to Ame ni Tsuite,harmonized finale,1,0.0009182736455463728,0,0.0
Haru ga Kite Bokura,Mizu to Ame ni Tsuite,1,0.0009182736455463728,0,0.0
Tasogare in the Spy,Haru ga Kite Bokura,1,0.0009182736455463728,0,0.0
"Catch up, latency",Program continued,1,0.0009182736455463728,0,0.0
Counter Identity,"Catch up, latency",1,0.0009182736455463728,0,0.0
Otonoba Chukan Shiken,Counter Identity,1,0.0009182736455463728,0,0.0
"8-Gatsu, Hirunaka no Nagareboshi to Hikouki-Gumo",Instrumental Jam,1,0.0009182736455463728,0,0.0
Invisible Sensation,"8-Gatsu, Hirunaka no Nagareboshi to Hikouki-Gumo",1,0.0009182736455463728,0,0.0
Linear Blue wo Kikinagara,Invisible Sensation,1,0.0009182736455463728,0,0.0
instant EGOIST,Linear Blue wo Kikinagara,1,0.0009182736455463728,0,0.0
Ryusei no Squall,instant EGOIST,1,0.0009182736455463728,0,0.0
Linear Blue wo Kikinagara,Kimi no Moto e,2,0.0018365472910927456,0,0.0
cody beats,Toushindai no Chikyu,1,0.0009182736455463728,0,0.0
23:25,Kimi no Hitomi ni Koishi Tenai,1,0.0009182736455463728,0,0.0
fake town baby,23:25,1,0.0009182736455463728,0,0.0
Toushindai no Chikyu,Sakura no Ato (all quartets lead to the?),1,0.0009182736455463728,0,0.0
23:25,Sakura no Ato (all quartets lead to the?),1,0.0009182736455463728,0,0.0
Tameiki shooting the MOON,Ride on Time,1,0.0009182736455463728,0,0.0
Bachigai Hummingbird,harmonized finale,1,0.0009182736455463728,0,0.0
Master Volume,Nagareboshi wo Uchi Otose,1,0.0009182736455463728,0,0.0
Pandemic Sudden Death,Full Color Program,1,0.0009182736455463728,0,0.0
Full Color Program,mix juice no Iutouri,1,0.0009182736455463728,0,0.0
mix juice no Iutouri,Bachigai Hummingbird,1,0.0009182736455463728,0,0.0
Tengoku to Jigoku,Tasogare in the Spy,1,0.0009182736455463728,0,0.0
Tasogare in the Spy,Atorakushon ga Hajimaru (they call it “NO.6”),1,0.0009182736455463728,0,0.0
Signal ABC,Santa Claus wa Juutai-chuu,1,0.0009182736455463728,0,0.0
Mikazuki no Yoru no Mannaka,Signal ABC,1,0.0009182736455463728,0,0.0
flat song,Mikazuki no Yoru no Mannaka,1,0.0009182736455463728,0,0.0
Pistol Galaxy,flat song,1,0.0009182736455463728,0,0.0
Seku x Kara x Shisonzuuru,over driver,1,0.0009182736455463728,0,0.0
Dareka ga Wasurete iru Kamoshirenai Bokura ni Daijina 001 no Koto,Tengoku to Jigoku,1,0.0009182736455463728,0,0.0
fake town baby,Dareka ga Wasurete iru Kamoshirenai Bokura ni Daijina 001 no Koto,1,0.0009182736455463728,0,0.0
Haru ga Kite Bokura,BUSTER DICE MISERY,1,0.0009182736455463728,0,0.0
Siren in the Spy,Toushindai no Chikyu,2,0.0018365472910927456,0,0.0
Hakoniwa Rock Show,Otonoba Chukan Shiken,1,0.0009182736455463728,0,0.0
Sayonara Dai Kyu Wakusei,Light Flat,1,0.0009182736455463728,0,0.0
"Catch up, latency",Fiction Freak Crisis,1,0.0009182736455463728,0,0.0
WINDOW Akeru,fake town baby,1,0.0009182736455463728,0,0.0
Kimi no Hitomi ni Koishi Tenai,Ryusei no Squall,1,0.0009182736455463728,0,0.0
Chandelier Waltz,Kimi no Hitomi ni Koishi Tenai,1,0.0009182736455463728,0,0.0
Ohitoyoshi Chameleom,Chandelier Waltz,1,0.0009182736455463728,0,0.0
Nagareboshi wo Uchi Otose,Full Color Program,1,0.0009182736455463728,0,0.0
Counter Identity,Sakura no Ato (all quartets lead to the?),1,0.0009182736455463728,0,0.0
Airabuniju,Master Volume,1,0.0009182736455463728,0,0.0
Ride on Time,Airabuniju,2,0.0018365472910927456,0,0.0
cody beats,Ride on Time,3,0.0027548209366391185,0,0.0
Full Color Program,Chandelier Waltz,1,0.0009182736455463728,0,0.0
Hakoniwa Rock Show,Drum Solo,1,0.0009182736455463728,0,0.0
Ito,Hakoniwa Rock Show,1,0.0009182736455463728,0,0.0
to the CIDER ROAD,Ito,1,0.0009182736455463728,0,0.0
MR. Andy,to the CIDER ROAD,1,0.0009182736455463728,0,0.0
Sayonara Dai Kyu Wakusei,23:25,1,0.0009182736455463728,0,0.0
Itsuka no Shounen,Sanpo Saki My Life,1,0.0009182736455463728,0,0.0
Light Flat,Itsuka no Shounen,1,0.0009182736455463728,0,0.0
"Manatsu no Kosen,  Shonen Jidai no Omokage",5-bu-go no Stardust,1,0.0009182736455463728,0,0.0
Counter Identity,"Manatsu no Kosen,  Shonen Jidai no Omokage",1,0.0009182736455463728,0,0.0
5-bu-go no Stardust,Deirai Kyousou Gakudan,1,0.0009182736455463728,0,0.0
Toushindai no Chikyu,Scarsdale,1,0.0009182736455463728,0,0.0
cody beats,Master Volume,1,0.0009182736455463728,0,0.0
RUNNERS HIGH REPRISE,"kid, I like quartet",1,0.0009182736455463728,0,0.0
Momai termination,RUNNERS HIGH REPRISE,1,0.0009182736455463728,0,0.0
Sakura no Ato (all quartets lead to the?),Ride on Time,1,0.0009182736455463728,0,0.0
Siren in the Spy,Shoegazer Speaker,1,0.0009182736455463728,0,0.0
Fool on the planet,Siren in the Spy,1,0.0009182736455463728,0,0.0
Bachigai Hummingbird,"kid, I like quartet",1,0.0009182736455463728,0,0.0
harmonized finale,Nagareboshi wo Uchi Otose,1,0.0009182736455463728,0,0.0
Full Color Program,Worldwide Supergirl,1,0.0009182736455463728,0,0.0
crazy birthday,Chandelier Waltz,1,0.0009182736455463728,0,0.0
WINDOW Akeru,Sekai wa Fancy,1,0.0009182736455463728,0,0.0
Chandelier Waltz,Sanpo Saki My Life,1,0.0009182736455463728,0,0.0
Sanpo Saki My Life,Linear Blue wo Kikinagara,1,0.0009182736455463728,0,0.0
Tettoutetsubi Yonayona Drive,Orion wo Nazoru,1,0.0009182736455463728,0,0.0
instant EGOIST,like coffee no Omajinai,1,0.0009182736455463728,0,0.0
Linear Blue wo Kikinagara,Otonoba Chukan Shiken,1,0.0009182736455463728,0,0.0
Sanpo Saki My Life,Karakuri Karukare,1,0.0009182736455463728,0,0.0
Karakuri Karukare,Sora no Tobikata,1,0.0009182736455463728,0,0.0
Master Volume,Counter Identity,1,0.0009182736455463728,0,0.0
Tengoku to Jigoku,Bachigai Hummingbird,1,0.0009182736455463728,0,0.0
fake town baby,"10% roll, 10% romance",1,0.0009182736455463728,0,0.0
Childhood Supernova,Mizu to Ame ni Tsuite,1,0.0009182736455463728,0,0.0
Sora no Tobikata,Childhood Supernova,1,0.0009182736455463728,0,0.0
MR. Andy,Hitori Omou wa Ame no Naka,1,0.0009182736455463728,0,0.0
Toushindai no Chikyu,"Nigatsu, Hakuchu no Nagareboshi to Hikoukigumo",1,0.0009182736455463728,0,0.0
Snow Reverse,Toushindai no Chikyu,1,0.0009182736455463728,0,0.0
Chandelier Waltz,Ride on Time,1,0.0009182736455463728,0,0.0
Messenger From Zen Sekai,Orion wo Nazoru,1,0.0009182736455463728,0,0.0
Mikansei Daisy,crazy birthday,1,0.0009182736455463728,0,0.0
Linear Blue wo Kikinagara,Sanpo Saki My Life,1,0.0009182736455463728,0,0.0
Millennium Happy Chainsaw Edge,Sugar Song to Bitter Step,1,0.0009182736455463728,0,0.0
kaleido proud fiesta,Hatch I need,2,0.0018365472910927456,0,0.0
Phantom Joke,Natsukage Tail Light,1,0.0009182736455463728,0,0.0
Sekai wa Fancy,Phantom Joke,1,0.0009182736455463728,0,0.0
Snow Reverse,Koko de Atta ga Kemonomichi,1,0.0009182736455463728,0,0.0
Koko de Atta ga Kemonomichi,Radial Night Chaser,1,0.0009182736455463728,0,0.0
Radial Night Chaser,"Catch up, latency",2,0.0018365472910927456,0,0.0
UNO Story,Counter Identity,1,0.0009182736455463728,0,0.0
Mizu to Ame ni Tsuite,"kid, I like quartet",1,0.0009182736455463728,0,0.0
Protract Countdown,Scarsdale,1,0.0009182736455463728,0,0.0
Galileo no Showcase,Deirai Kyousou Gakudan,1,0.0009182736455463728,0,0.0
Deirai Kyousou Gakudan,Snow Reverse,1,0.0009182736455463728,0,0.0
Snow Reverse,"Nigatsu, Hakuchu no Nagareboshi to Hikoukigumo",1,0.0009182736455463728,0,0.0
Siren in the Spy,Worldwide Supergirl,1,0.0009182736455463728,0,0.0
Orion wo Nazoru,Dareka ga Wasurete iru Kamoshirenai Bokura ni Daijina 001 no Koto,1,0.0009182736455463728,0,0.0
Dareka ga Wasurete iru Kamoshirenai Bokura ni Daijina 001 no Koto,Momai termination,1,0.0009182736455463728,0,0.0
Tengoku to Jigoku,Silent Libre Mirage,1,0.0009182736455463728,0,0.0
Silent Libre Mirage,Airabuniju,1,0.0009182736455463728,0,0.0
Introduction,Tengoku to Jigoku,1,0.0009182736455463728,0,0.0
Kakurenbo,Instrumental Jam,1,0.0009182736455463728,0,0.0
MR. Andy,Kakurenbo,1,0.0009182736455463728,0,0.0
Ride on Time,MR. Andy,1,0.0009182736455463728,0,0.0
Galileo no Showcase,Instrumental Jam,1,0.0009182736455463728,0,0.0
Cyborg 99%,Galileo no Showcase,1,0.0009182736455463728,0,0.0
mix juice no Iutouri,Cyborg 99%,1,0.0009182736455463728,0,0.0
Hakoniwa Rock Show,"Yuunagi, Ensemble",1,0.0009182736455463728,0,0.0
Bachigai Hummingbird,crazy birthday,1,0.0009182736455463728,0,0.0
Serenade ga Tomaranai,MR. Andy,1,0.0009182736455463728,0,0.0
Fool on the planet,Sakura no Ato (all quartets lead to the?),1,0.0009182736455463728,0,0.0
Worldwide Supergirl,Pandemic Sudden Death,1,0.0009182736455463728,0,0.0
Sakura no Ato (all quartets lead to the?),Mekator Jikuu Tankentai,1,0.0009182736455463728,0,0.0
Ride on Time,Mizu to Ame ni Tsuite,1,0.0009182736455463728,0,0.0
Instrumental Jam,5%,1,0.0009182736455463728,0,0.0
kaleido proud fiesta,Simple Simple Anecdote,1,0.0009182736455463728,0,0.0
5%,Sayonara Dai Kyu Wakusei,1,0.0009182736455463728,0,0.0
meet the world time,MR. Andy,1,0.0009182736455463728,0,0.0
"kid, I like quartet",meet the world time,1,0.0009182736455463728,0,0.0
Fiction Freak Crisis,Ride on Time,1,0.0009182736455463728,0,0.0
Invisible Sensation,Fiction Freak Crisis,1,0.0009182736455463728,0,0.0
Nagareboshi wo Uchi Otose,Invisible Sensation,1,0.0009182736455463728,0,0.0
Haru ga Kite Bokura,Nagareboshi wo Uchi Otose,1,0.0009182736455463728,0,0.0
SHORT CUTTER!,Sugar Song to Bitter Step,1,0.0009182736455463728,0,0.0
Sawarenai Uta,SHORT CUTTER!,1,0.0009182736455463728,0,0.0
Instrumental Jam,Sawarenai Uta,1,0.0009182736455463728,0,0.0
Black Market Blues,Instrumental Jam,1,0.0009182736455463728,0,0.0
Atarashii Hikari,Black Market Blues,1,0.0009182736455463728,0,0.0
Tettoutetsubi Yonayona Drive,Atarashii Hikari,1,0.0009182736455463728,0,0.0
Instrumental Jam,Tettoutetsubi Yonayona Drive,1,0.0009182736455463728,0,0.0
Snatchaway,Instrumental Jam,1,0.0009182736455463728,0,0.0
Instrumental Jam,Snatchaway,1,0.0009182736455463728,0,0.0
mix juice no Iutouri,Ride on Time,1,0.0009182736455463728,0,0.0
Momai termination,Instrumental Jam,1,0.0009182736455463728,0,0.0
Ride on Time,"10% roll, 10% romance",1,0.0009182736455463728,0,0.0
Sayonara Dai Kyu Wakusei,Deirai Kyousou Gakudan,1,0.0009182736455463728,0,0.0
Diver's High,Momai termination,1,0.0009182736455463728,0,0.0
Instrumental Jam,Diver's High,1,0.0009182736455463728,0,0.0
Shiori,Drum Solo,1,0.0009182736455463728,0,0.0
Sayonara Dai Kyu Wakusei,Shiori,1,0.0009182736455463728,0,0.0
Simple Simple Anecdote,Tengoku to Jigoku,1,0.0009182736455463728,0,0.0
"Catch up, latency",kaleido proud fiesta,1,0.0009182736455463728,0,0.0
Program continued,Phantom Joke,1,0.0009182736455463728,0,0.0
Nagareboshi wo Uchi Otose,Master Volume,1,0.0009182736455463728,0,0.0
Kimi no Moto e,flat song,1,0.0009182736455463728,0,0.0
Drum Solo,Paradise Has No Border,1,0.0009182736455463728,0,0.0
Shoegazer Speaker,Drum Solo,1,0.0009182736455463728,0,0.0
Cheap Cheap Endroll,Shoegazer Speaker,1,0.0009182736455463728,0,0.0
RUNNERS HIGH,Cheap Cheap Endroll,1,0.0009182736455463728,0,0.0
Instrumental Jam,RUNNERS HIGH,1,0.0009182736455463728,0,0.0
Namida ga Koboretara,Chandelier Waltz,1,0.0009182736455463728,0,0.0
BUSTER DICE MISERY,Namida ga Koboretara,1,0.0009182736455463728,0,0.0
Full Color Program,Instrumental Jam,1,0.0009182736455463728,0,0.0
Instrumental Jam,Full Color Program,1,0.0009182736455463728,0,0.0
WINDOW Akeru,Instrumental Jam,1,0.0009182736455463728,0,0.0
Shigaru,WINDOW Akeru,1,0.0009182736455463728,0,0.0
Instrumental Jam,Shigaru,1,0.0009182736455463728,0,0.0
S.S,Instrumental Jam,1,0.0009182736455463728,0,0.0
Bachigai Hummingbird,S.S,1,0.0009182736455463728,0,0.0
harmonized finale,Bachigai Hummingbird,2,0.0018365472910927456,0,0.0
crazy birthday,Tameiki shooting the MOON,1,0.0009182736455463728,0,0.0
MR. Andy,Toushindai no Chikyu,1,0.0009182736455463728,0,0.0
"Majority Report (darling, I love you)",CAPACITY Koeru,1,0.0009182736455463728,0,0.0
Aerial Alien,Ride on Time,1,0.0009182736455463728,0,0.0
Sanpo Saki My Life,Gyakuten Sayonara,1,0.0009182736455463728,0,0.0
Tsuki to Tenbin,Hakoniwa Rock Show,1,0.0009182736455463728,0,0.0
Tameiki shooting the MOON,Toushindai no Chikyu,1,0.0009182736455463728,0,0.0
Paradise Has No Border,Ai Ga Arukai?,1,0.0009182736455463728,0,0.0
Ai Ga Arukai?,Sakura no Ato (all quartets lead to the?),1,0.0009182736455463728,0,0.0
Linear Blue wo Kikinagara,kaleido proud fiesta,1,0.0009182736455463728,0,0.0
Sakura no Ato (all quartets lead to the?),Instrumental Jam,1,0.0009182736455463728,0,0.0
Orion wo Nazoru,Linear Blue wo Kikinagara,1,0.0009182736455463728,0,0.0
Sanpo Saki My Life,Itsuka no Shounen,1,0.0009182736455463728,0,0.0
Sentimental Period,Cheap Cheap Endroll,1,0.0009182736455463728,0,0.0
Sugar Song to Bitter Step,Sentimental Period,2,0.0018365472910927456,0,0.0
Hatch I need,Fiction Freak Crisis,1,0.0009182736455463728,0,0.0
Sekai wa Fancy,Boujaku no Charisma,1,0.0009182736455463728,0,0.0
Nani ka ga Kawari So,Sekai wa Fancy,1,0.0009182736455463728,0,0.0
Koisuru Wakusei,Orion wo Nazoru,1,0.0009182736455463728,0,0.0
101-kaime no Prologue,Orion wo Nazoru,2,0.0018365472910927456,0,0.0
Invisible Sensation,Sugar Song to Bitter Step,2,0.0018365472910927456,0,0.0
"kid, I like quartet",Invisible Sensation,2,0.0018365472910927456,0,0.0
Chaos ga Kiwamaru,"kid, I like quartet",2,0.0018365472910927456,0,0.0
Haru ga Kite Bokura,Tengoku to Jigoku,1,0.0009182736455463728,0,0.0
BUSTER DICE MISERY,Bachigai Hummingbird,1,0.0009182736455463728,0,0.0
Chandelier Waltz,BUSTER DICE MISERY,1,0.0009182736455463728,0,0.0
Hakoniwa Rock Show,Deirai Kyousou Gakudan,1,0.0009182736455463728,0,0.0
Childhood Supernova,Hitori Omou wa Ame no Naka,1,0.0009182736455463728,0,0.0
Orion wo Nazoru,Program continued,1,0.0009182736455463728,0,0.0
Rising Hope,Orion wo Nazoru,1,0.0009182736455463728,0,0.0
Fiction Freak Crisis,WINDOW Akeru,2,0.0018365472910927456,0,0.0
Master Volume,Phantom Joke,1,0.0009182736455463728,0,0.0
Karakuri Karukare,Toushindai no Chikyu,1,0.0009182736455463728,0,0.0
Otonoba Chukan Shiken,Rising Hope,1,0.0009182736455463728,0,0.0
Program continued,Boujaku no Charisma,1,0.0009182736455463728,0,0.0
Natsukage Tail Light,instant EGOIST,1,0.0009182736455463728,0,0.0
Fiction Freak Crisis,BUSTER DICE MISERY,1,0.0009182736455463728,0,0.0
Counter Identity,Sanpo Saki My Life,1,0.0009182736455463728,0,0.0
instant EGOIST,kaleido proud fiesta,1,0.0009182736455463728,0,0.0
Sesshoku Vigilante,Momai termination,1,0.0009182736455463728,0,0.0
Sekai wa Fancy,Sesshoku Vigilante,1,0.0009182736455463728,0,0.0
Sakura no Ato (all quartets lead to the?),Sekai wa Fancy,1,0.0009182736455463728,0,0.0
Shoegazer Speaker,Sekai wa Fancy,2,0.0018365472910927456,0,0.0
Fiction Freak Crisis,Shoegazer Speaker,1,0.0009182736455463728,0,0.0
mix juice no Iutouri,Fiction Freak Crisis,1,0.0009182736455463728,0,0.0
"Majority Report (darling, I love you)",Master Volume,1,0.0009182736455463728,0,0.0
Tengoku to Jigoku,"Majority Report (darling, I love you)",1,0.0009182736455463728,0,0.0
"10% roll, 10% romance",Tengoku to Jigoku,1,0.0009182736455463728,0,0.0
Airabuniju,Karakuri Karukare,1,0.0009182736455463728,0,0.0
Andromeda,Light Flat,1,0.0009182736455463728,0,0.0
Sugar Song to Bitter Step,Natsukage Tail Light,2,0.0018365472910927456,0,0.0
fake town baby,Sekai wa Fancy,1,0.0009182736455463728,0,0.0
Ohitoyoshi Chameleom,Phantom Joke,1,0.0009182736455463728,0,0.0
Seihitsu Kanbi Akigure Jojou,Ohitoyoshi Chameleom,1,0.0009182736455463728,0,0.0
Haru ga Kite Bokura,Scarsdale,1,0.0009182736455463728,0,0.0
Natsukage Tail Light,Haru ga Kite Bokura,1,0.0009182736455463728,0,0.0
Tasogare in the Spy,Natsukage Tail Light,1,0.0009182736455463728,0,0.0
5-bu-go no Stardust,23:25,1,0.0009182736455463728,0,0.0
Galileo no Showcase,5-bu-go no Stardust,2,0.0018365472910927456,0,0.0
Tengoku to Jigoku,Haru ga Kite Bokura,1,0.0009182736455463728,0,0.0
Tameiki shooting the MOON,Sugar Song to Bitter Step,1,0.0009182736455463728,0,0.0
Sakura no Ato (all quartets lead to the?),Tameiki shooting the MOON,2,0.0018365472910927456,0,0.0
Chaos ga Kiwamaru,Clover,1,0.0009182736455463728,0,0.0
Clover,Natsukage Tail Light,1,0.0009182736455463728,0,0.0
Natsukage Tail Light,Simple Simple Anecdote,1,0.0009182736455463728,0,0.0
Simple Simple Anecdote,Orion wo Nazoru,1,0.0009182736455463728,0,0.0
Galileo no Showcase,Micro Paradiso!,2,0.0018365472910927456,0,0.0
UNO Story,Galileo no Showcase,2,0.0018365472910927456,0,0.0
Sayonara Summer Time Machine,UNO Story,2,0.0018365472910927456,0,0.0
Tokyo Scenario,Sayonara Summer Time Machine,2,0.0018365472910927456,0,0.0
Love Song wa Totsuzen ni? ~What is the name of that mystery??~,Tokyo Scenario,2,0.0018365472910927456,0,0.0
Koko de Atta ga Kemonomichi,Love Song wa Totsuzen ni? ~What is the name of that mystery??~,2,0.0018365472910927456,0,0.0
Boku wa Kimi ni Naritai,Koko de Atta ga Kemonomichi,2,0.0018365472910927456,0,0.0
Kimi wa Iiko,Boku wa Kimi ni Naritai,2,0.0018365472910927456,0,0.0
Tarareba Watagashi,Kimi wa Iiko,2,0.0018365472910927456,0,0.0
Hitori Omou wa Ame no Naka,Tarareba Watagashi,2,0.0018365472910927456,0,0.0
Radial Night Chaser,Hitori Omou wa Ame no Naka,2,0.0018365472910927456,0,0.0
Dareka ga Wasurete iru Kamoshirenai Bokura ni Daijina 001 no Koto,Radial Night Chaser,2,0.0018365472910927456,0,0.0
Sora no Tobikata,Dareka ga Wasurete iru Kamoshirenai Bokura ni Daijina 001 no Koto,2,0.0018365472910927456,0,0.0
5-bu-go no Stardust,Sora no Tobikata,2,0.0018365472910927456,0,0.0
Snow Reverse,5-bu-go no Stardust,2,0.0018365472910927456,0,0.0
RUNNERS HIGH REPRISE,Snow Reverse,2,0.0018365472910927456,0,0.0
over driver,RUNNERS HIGH REPRISE,2,0.0018365472910927456,0,0.0
Linear Blue wo Kikinagara,crazy birthday,1,0.0009182736455463728,0,0.0
Ryusei no Squall,Chandelier Waltz,1,0.0009182736455463728,0,0.0
Messenger From Zen Sekai,Ryusei no Squall,1,0.0009182736455463728,0,0.0
Master Volume,Messenger From Zen Sekai,1,0.0009182736455463728,0,0.0
Karakuri Karukare,Kimi no Moto e,1,0.0009182736455463728,0,0.0
Orion wo Nazoru,fake town baby,1,0.0009182736455463728,0,0.0
Invisible Sensation,Kimi no Hitomi ni Koishi Tenai,1,0.0009182736455463728,0,0.0
Ride on Time,Invisible Sensation,1,0.0009182736455463728,0,0.0
Linear Blue wo Kikinagara,Bachigai Hummingbird,2,0.0018365472910927456,0,0.0
Ryusei Kouro,Bachigai Hummingbird,1,0.0009182736455463728,0,0.0
Childhood Supernova,Mikansei Daisy,1,0.0009182736455463728,0,0.0
Bokutachi no Shippai,Childhood Supernova,1,0.0009182736455463728,0,0.0
23:25,Bokutachi no Shippai,1,0.0009182736455463728,0,0.0
Sanpo Saki My Life,like coffee no Omajinai,1,0.0009182736455463728,0,0.0
Friday Novels,Light Flat,1,0.0009182736455463728,0,0.0
fake town baby,Friday Novels,1,0.0009182736455463728,0,0.0
Light Flat,Love Song wa Totsuzen ni? ~What is the name of that mystery??~,1,0.0009182736455463728,0,0.0
MIDNIGHT JUNGLE,fake town baby,1,0.0009182736455463728,0,0.0
Master Volume,MIDNIGHT JUNGLE,1,0.0009182736455463728,0,0.0
Love Song wa Totsuzen ni? ~What is the name of that mystery??~,Karakuri Karukare,1,0.0009182736455463728,0,0.0
Ryusei no Squall,harmonized finale,1,0.0009182736455463728,0,0.0
Scarsdale,Tameiki shooting the MOON,2,0.0018365472910927456,0,0.0
Sakura no Ato (all quartets lead to the?),Chaos ga Kiwamaru,4,0.0036730945821854912,0,0.0
Space Shuttle Lullaby,Sakura no Ato (all quartets lead to the?),1,0.0009182736455463728,0,0.0
Sugar Song to Bitter Step,Space Shuttle Lullaby,1,0.0009182736455463728,0,0.0
Anti-Trendy Club,Sugar Song to Bitter Step,2,0.0018365472910927456,0,0.0
mix juice no Iutouri,Anti-Trendy Club,2,0.0018365472910927456,0,0.0
Orion wo Nazoru,mix juice no Iutouri,3,0.0027548209366391185,0,0.0
Sekai wa Fancy,Orion wo Nazoru,2,0.0018365472910927456,0,0.0
fake town baby,Sakura no Ato (all quartets lead to the?),1,0.0009182736455463728,0,0.0
Tettoutetsubi Yonayona Drive,fake town baby,1,0.0009182736455463728,0,0.0
WINDOW Akeru,Tettoutetsubi Yonayona Drive,1,0.0009182736455463728,0,0.0
BUSTER DICE MISERY,WINDOW Akeru,1,0.0009182736455463728,0,0.0
Serenade ga Tomaranai,Ryusei no Squall,1,0.0009182736455463728,0,0.0
Serenade ga Tomaranai,Ryusei Kouro,1,0.0009182736455463728,0,0.0
Kimi no Moto e,Tameiki shooting the MOON,1,0.0009182736455463728,0,0.0
Full Color Program,Dareka ga Wasurete iru Kamoshirenai Bokura ni Daijina 001 no Koto,1,0.0009182736455463728,0,0.0
Serenade ga Tomaranai,Kimi no Moto e,1,0.0009182736455463728,0,0.0
Airabuniju,"kid, I like quartet",1,0.0009182736455463728,0,0.0
Full Color Program,Gyakuten Sayonara,1,0.0009182736455463728,0,0.0
Tsuki to Tenbin,Sora no Tobikata,1,0.0009182736455463728,0,0.0
Karakuri Karukare,cody beats,5,0.004591368227731864,0,0.0
Sora no Tobikata,MR. Andy,1,0.0009182736455463728,0,0.0
Linear Blue wo Kikinagara,Karakuri Karukare,1,0.0009182736455463728,0,0.0
Protract Countdown,Linear Blue wo Kikinagara,1,0.0009182736455463728,0,0.0
Toushindai no Chikyu,Protract Countdown,1,0.0009182736455463728,0,0.0
Orion wo Nazoru,Toushindai no Chikyu,1,0.0009182736455463728,0,0.0
Ryusei Kouro,23:25,1,0.0009182736455463728,0,0.0
Orion wo Nazoru,Deirai Kyousou Gakudan,1,0.0009182736455463728,0,0.0
Dareka ga Wasurete iru Kamoshirenai Bokura ni Daijina 001 no Koto,Scarsdale,2,0.0018365472910927456,0,0.0
MR. Andy,CAPACITY Koeru,1,0.0009182736455463728,0,0.0
Sakura no Ato (all quartets lead to the?),Counter Identity,1,0.0009182736455463728,0,0.0
Linear Blue wo Kikinagara,MR. Andy,2,0.0018365472910927456,0,0.0
crazy birthday,Orchestra o Mi ni Ikou,1,0.0009182736455463728,0,0.0
"Catch up, latency",crazy birthday,1,0.0009182736455463728,0,0.0
"10% roll, 10% romance","Catch up, latency",1,0.0009182736455463728,0,0.0
Nani ka ga Kawari So,"10% roll, 10% romance",1,0.0009182736455463728,0,0.0
"Minority Report (darling, I love you)",Nani ka ga Kawari So,1,0.0009182736455463728,0,0.0
Instrumental Jam,"Minority Report (darling, I love you)",1,0.0009182736455463728,0,0.0
Mikansei Daisy,Drum Solo,1,0.0009182736455463728,0,0.0
Micro Paradiso!,Program continued,2,0.0018365472910927456,0,0.0
Program continued,Santa Claus wa Juutai-chuu,2,0.0018365472910927456,0,0.0
Santa Claus wa Juutai-chuu,Seku x Kara x Shisonzuuru,2,0.0018365472910927456,0,0.0
Sora no Tobikata,Messenger From Zen Sekai,1,0.0009182736455463728,0,0.0
Sanpo Saki My Life,Bachigai Hummingbird,1,0.0009182736455463728,0,0.0
CAPACITY Koeru,Sanpo Saki My Life,1,0.0009182736455463728,0,0.0
Miss. Sandy,CAPACITY Koeru,1,0.0009182736455463728,0,0.0
Serenade ga Tomaranai,Tameiki shooting the MOON,1,0.0009182736455463728,0,0.0
harmonized finale,crazy birthday,1,0.0009182736455463728,0,0.0
Mikansei Daisy,harmonized finale,1,0.0009182736455463728,0,0.0
like coffee no Omajinai,Mikansei Daisy,1,0.0009182736455463728,0,0.0
Deirai Kyousou Gakudan,Momai termination,1,0.0009182736455463728,0,0.0
Tengoku to Jigoku,Deirai Kyousou Gakudan,1,0.0009182736455463728,0,0.0
Bachigai Hummingbird,Nagareboshi wo Uchi Otose,1,0.0009182736455463728,0,0.0
Koisuru Wakusei,Nani ka ga Kawari So,1,0.0009182736455463728,0,0.0
Boujaku no Charisma,Orion wo Nazoru,1,0.0009182736455463728,0,0.0
Bachigai Hummingbird,Boujaku no Charisma,1,0.0009182736455463728,0,0.0
like coffee no Omajinai,Tettoutetsubi Yonayona Drive,1,0.0009182736455463728,0,0.0
Sawarenai Uta,like coffee no Omajinai,1,0.0009182736455463728,0,0.0
Tameiki shooting the MOON,Boujaku no Charisma,1,0.0009182736455463728,0,0.0
Otonoba Chukan Shiken,like coffee no Omajinai,1,0.0009182736455463728,0,0.0
Momai termination,Otonoba Chukan Shiken,1,0.0009182736455463728,0,0.0
instant EGOIST,Momai termination,1,0.0009182736455463728,0,0.0
Hakoniwa Rock Show,"Nigatsu, Hakuchu no Nagareboshi to Hikoukigumo",1,0.0009182736455463728,0,0.0
"Yuunagi, Ensemble",Full Color Program,1,0.0009182736455463728,0,0.0
Airabuniju,Sakura no Ato (all quartets lead to the?),2,0.0018365472910927456,0,0.0
Sakura no Ato (all quartets lead to the?),like coffee no Omajinai,1,0.0009182736455463728,0,0.0
Haru ga Kite Bokura,Ikenai fool logic,1,0.0009182736455463728,0,0.0
CAPACITY Koeru,Deirai Kyousou Gakudan,1,0.0009182736455463728,0,0.0
Airabuniju,Sentimental Period,1,0.0009182736455463728,0,0.0
Tengoku to Jigoku,Chandelier Waltz,2,0.0018365472910927456,0,0.0
harmonized finale,instant EGOIST,1,0.0009182736455463728,0,0.0
Orion wo Nazoru,MR. Andy,2,0.0018365472910927456,0,0.0
Chandelier Waltz,kaleido proud fiesta,1,0.0009182736455463728,0,0.0
Messenger From Zen Sekai,Chandelier Waltz,1,0.0009182736455463728,0,0.0
Chaos ga Kiwamaru,Messenger From Zen Sekai,1,0.0009182736455463728,0,0.0
Ride on Time,Chaos ga Kiwamaru,1,0.0009182736455463728,0,0.0
"Majority Report (darling, I love you)",Orion wo Nazoru,1,0.0009182736455463728,0,0.0
"Catch up, latency",instant EGOIST,1,0.0009182736455463728,0,0.0
Ryusei no Squall,Sentimental Period,1,0.0009182736455463728,0,0.0
Ikenai fool logic,Sugar Song to Bitter Step,1,0.0009182736455463728,0,0.0
Tettoutetsubi Yonayona Drive,Ikenai fool logic,1,0.0009182736455463728,0,0.0
Drum Solo,Kimi no Hitomi ni Koishi Tenai,1,0.0009182736455463728,0,0.0
Koisuru Wakusei,Sakura no Ato (all quartets lead to the?),1,0.0009182736455463728,0,0.0
Friday Novels,mix juice no Iutouri,1,0.0009182736455463728,0,0.0
like coffee no Omajinai,Friday Novels,1,0.0009182736455463728,0,0.0
Haru ga Kite Bokura,like coffee no Omajinai,1,0.0009182736455463728,0,0.0
harmonized finale,kaleido proud fiesta,1,0.0009182736455463728,0,0.0
Keyboard Solo,harmonized finale,1,0.0009182736455463728,0,0.0
Kimi wa Tomodachi,Keyboard Solo,1,0.0009182736455463728,0,0.0
Sawarenai Uta,Kimi wa Tomodachi,1,0.0009182736455463728,0,0.0
Full Color Program,Sawarenai Uta,1,0.0009182736455463728,0,0.0
Andromeda,Full Color Program,1,0.0009182736455463728,0,0.0
Airabuniju,Bachigai Hummingbird,2,0.0018365472910927456,0,0.0
CAPACITY Koeru,Chandelier Waltz,1,0.0009182736455463728,0,0.0
Hakoniwa Rock Show,Airabuniju,1,0.0009182736455463728,0,0.0
Dareka ga Wasurete iru Kamoshirenai Bokura ni Daijina 001 no Koto,Linear Blue wo Kikinagara,1,0.0009182736455463728,0,0.0
Ryusei Kouro,Seku x Kara x Shisonzuuru,1,0.0009182736455463728,0,0.0
Countdown,Sentimental Period,2,0.0018365472910927456,0,0.0
Sentimental Period,Counter Identity,1,0.0009182736455463728,0,0.0
Mizu to Ame ni Tsuite,UNO Story,1,0.0009182736455463728,0,0.0
UNO Story,Worldwide Supergirl,1,0.0009182736455463728,0,0.0
Worldwide Supergirl,Karakuri Karukare,1,0.0009182736455463728,0,0.0
Siren in the Spy,Ryusei Kouro,1,0.0009182736455463728,0,0.0
Sayonara Dai Kyu Wakusei,Siren in the Spy,1,0.0009182736455463728,0,0.0
"kid, I like quartet",Full Color Program,1,0.0009182736455463728,0,0.0
Sentimental Period,3 minutes replay,1,0.0009182736455463728,0,0.0
Bachigai Hummingbird,Galileo no Showcase,1,0.0009182736455463728,0,0.0
Tettoutetsubi Yonayona Drive,Chandelier Waltz,1,0.0009182736455463728,0,0.0
Shupurehikouru ~Sekai ga Owaru Mae ni~,Sakura no Ato (all quartets lead to the?),1,0.0009182736455463728,0,0.0
harmonized finale,Shupurehikouru ~Sekai ga Owaru Mae ni~,1,0.0009182736455463728,0,0.0
Clover,harmonized finale,1,0.0009182736455463728,0,0.0
Hikari Nodokeki Haru no Hi ni,Clover,1,0.0009182736455463728,0,0.0
Program continued,Hikari Nodokeki Haru no Hi ni,1,0.0009182736455463728,0,0.0
Tengoku to Jigoku,Program continued,1,0.0009182736455463728,0,0.0
Scarsdale,Sugar Song to Bitter Step,2,0.0018365472910927456,0,0.0
Sentimental Period,Full Color Program,1,0.0009182736455463728,0,0.0
like coffee no Omajinai,Scarsdale,1,0.0009182736455463728,0,0.0
Worldwide Supergirl,like coffee no Omajinai,1,0.0009182736455463728,0,0.0
Sanpo Saki My Life,Worldwide Supergirl,1,0.0009182736455463728,0,0.0
MR. Andy,Tameiki shooting the MOON,1,0.0009182736455463728,0,0.0
Childhood Supernova,Countdown,1,0.0009182736455463728,0,0.0
Seku x Kara x Shisonzuuru,CAPACITY Koeru,1,0.0009182736455463728,0,0.0
Kirai = Kirai,MR. Andy,1,0.0009182736455463728,0,0.0
CAPACITY Koeru,Sayonara Summer Time Machine,1,0.0009182736455463728,0,0.0
Deirai Kyousou Gakudan,Kirai = Kirai,1,0.0009182736455463728,0,0.0
Messenger From Zen Sekai,Karakuri Karukare,1,0.0009182736455463728,0,0.0
Chandelier Waltz,Sentimental Period,1,0.0009182736455463728,0,0.0
Drum Solo & Jam,Tengoku to Jigoku,1,0.0009182736455463728,0,0.0
Phantom Joke,Drum Solo & Jam,1,0.0009182736455463728,0,0.0
Slow Curve wa Utenai (that made me crazy),Phantom Joke,1,0.0009182736455463728,0,0.0
101-kaime no Prologue,kaleido proud fiesta,1,0.0009182736455463728,0,0.0
Itsuka no Shounen,101-kaime no Prologue,1,0.0009182736455463728,0,0.0
Full Color Program,Itsuka no Shounen,1,0.0009182736455463728,0,0.0
Otonoba Chukan Shiken,Scarsdale,1,0.0009182736455463728,0,0.0
Mou Kimi ni Aenai,Otonoba Chukan Shiken,1,0.0009182736455463728,0,0.0
Orion wo Nazoru,Mou Kimi ni Aenai,1,0.0009182736455463728,0,0.0
Invisible Sensation,Orion wo Nazoru,2,0.0018365472910927456,0,0.0
Koisuru Wakusei,Hatch I need,1,0.0009182736455463728,0,0.0
fake town baby,Koisuru Wakusei,1,0.0009182736455463728,0,0.0
Dizzy Trickster,fake town baby,1,0.0009182736455463728,0,0.0
Sanpo Saki My Life,Dizzy Trickster,1,0.0009182736455463728,0,0.0
"Catch up, latency",Sanpo Saki My Life,1,0.0009182736455463728,0,0.0
101-kaime no Prologue,Micro Paradiso!,1,0.0009182736455463728,0,0.0
Otonoba Chukan Shiken,101-kaime no Prologue,1,0.0009182736455463728,0,0.0
Sekai wa Fancy,Otonoba Chukan Shiken,1,0.0009182736455463728,0,0.0
Aerial Alien,Shoegazer Speaker,1,0.0009182736455463728,0,0.0
Sayonara Summer Time Machine,Aerial Alien,1,0.0009182736455463728,0,0.0
Kimi no Moto e,Worldwide Supergirl,2,0.0018365472910927456,0,0.0
Friday Novels,Kimi no Hitomi ni Koishi Tenai,1,0.0009182736455463728,0,0.0
mix juice no Iutouri,Linear Blue wo Kikinagara,2,0.0018365472910927456,0,0.0
Dareka ga Wasurete iru Kamoshirenai Bokura ni Daijina 001 no Koto,Instrumental Jam,1,0.0009182736455463728,0,0.0
Instrumental Jam,MIDNIGHT JUNGLE,1,0.0009182736455463728,0,0.0
Orion wo Nazoru,Tengoku to Jigoku,4,0.0036730945821854912,0,0.0
Dareka ga Wasurete iru Kamoshirenai Bokura ni Daijina 001 no Koto,Pandemic Sudden Death,1,0.0009182736455463728,0,0.0
instant EGOIST,Dareka ga Wasurete iru Kamoshirenai Bokura ni Daijina 001 no Koto,1,0.0009182736455463728,0,0.0
Sakura no Ato (all quartets lead to the?),instant EGOIST,3,0.0027548209366391185,0,0.0
Siren in the Spy,Sakura no Ato (all quartets lead to the?),6,0.005509641873278237,0,0.0
Chandelier Waltz,Siren in the Spy,1,0.0009182736455463728,0,0.0
Ride on Time,Orion wo Nazoru,6,0.005509641873278237,0,0.0
Counter Identity,Ride on Time,2,0.0018365472910927456,0,0.0
Nagareboshi wo Uchi Otose,Counter Identity,1,0.0009182736455463728,0,0.0
Tengoku to Jigoku,Nagareboshi wo Uchi Otose,2,0.0018365472910927456,0,0.0
Another World,Galileo no Showcase,1,0.0009182736455463728,0,0.0
MR. Andy,Another World,1,0.0009182736455463728,0,0.0
Sayonara Dai Kyu Wakusei,MR. Andy,4,0.0036730945821854912,0,0.0
WINDOW Akeru,Sayonara Dai Kyu Wakusei,1,0.0009182736455463728,0,0.0
Bachigai Hummingbird,WINDOW Akeru,1,0.0009182736455463728,0,0.0
Scarsdale,Bachigai Hummingbird,6,0.005509641873278237,0,0.0
meet the world time,Scarsdale,1,0.0009182736455463728,0,0.0
Full Color Program,meet the world time,1,0.0009182736455463728,0,0.0
Galileo no Showcase,Sanpo Saki My Life,2,0.0018365472910927456,0,0.0
Clover,MR. Andy,9,0.008264462809917356,0,0.0
Mizu to Ame ni Tsuite,Clover,3,0.0027548209366391185,0,0.0
Full Color Program,Mizu to Ame ni Tsuite,9,0.008264462809917356,0,0.0
MIDNIGHT JUNGLE,"10% roll, 10% romance",1,0.0009182736455463728,0,0.0
Instrumental Jam,Fiction Freak Crisis,1,0.0009182736455463728,0,0.0
MR. Andy,Sanpo Saki My Life,6,0.005509641873278237,0,0.0
Tengoku to Jigoku,Galileo no Showcase,1,0.0009182736455463728,0,0.0
MR. Andy,Tsuki to Tenbin,1,0.0009182736455463728,0,0.0
Mizu to Ame ni Tsuite,Full Color Program,8,0.0073461891643709825,0,0.0
Sugar Song to Bitter Step,Invisible Sensation,1,0.0009182736455463728,0,0.0
instant EGOIST,Otonoba Chukan Shiken,1,0.0009182736455463728,0,0.0
Sanpo Saki My Life,instant EGOIST,2,0.0018365472910927456,0,0.0
BUSTER DICE MISERY,Sanpo Saki My Life,1,0.0009182736455463728,0,0.0
Kimi no Hitomi ni Koishi Tenai,BUSTER DICE MISERY,1,0.0009182736455463728,0,0.0
23:25,Sentimental Period,1,0.0009182736455463728,0,0.0
CAPACITY Koeru,Scarsdale,1,0.0009182736455463728,0,0.0
Orion wo Nazoru,CAPACITY Koeru,2,0.0018365472910927456,0,0.0
Deirai Kyousou Gakudan,crazy birthday,1,0.0009182736455463728,0,0.0
Sugar Song to Bitter Step,Deirai Kyousou Gakudan,1,0.0009182736455463728,0,0.0
Messenger From Zen Sekai,Siren in the Spy,1,0.0009182736455463728,0,0.0
Invisible Sensation,Slow Curve wa Utenai (that made me crazy),1,0.0009182736455463728,0,0.0
Sekai wa Fancy,Momai termination,2,0.0018365472910927456,0,0.0
Miss. Sandy,Sekai wa Fancy,1,0.0009182736455463728,0,0.0
Orion wo Nazoru,Miss. Sandy,3,0.0027548209366391185,0,0.0
Tengoku to Jigoku,Chaos ga Kiwamaru,2,0.0018365472910927456,0,0.0
Master Volume,"10% roll, 10% romance",1,0.0009182736455463728,0,0.0
Sekai wa Fancy,Master Volume,1,0.0009182736455463728,0,0.0
Aerial Alien,Sekai wa Fancy,1,0.0009182736455463728,0,0.0
Sesshoku Vigilante,Aerial Alien,1,0.0009182736455463728,0,0.0
Galileo no Showcase,Kimi no Hitomi ni Koishi Tenai,2,0.0018365472910927456,0,0.0
Mizu to Ame ni Tsuite,Galileo no Showcase,8,0.0073461891643709825,0,0.0
Natsukage Tail Light,Kimi no Hitomi ni Koishi Tenai,2,0.0018365472910927456,0,0.0
BUSTER DICE MISERY,"10% roll, 10% romance",3,0.0027548209366391185,0,0.0
Kimi no Hitomi ni Koishi Tenai,Sugar Song to Bitter Step,6,0.005509641873278237,0,0.0
Tengoku to Jigoku,Ride on Time,2,0.0018365472910927456,0,0.0
Master Volume,instant EGOIST,1,0.0009182736455463728,0,0.0
Invisible Sensation,Master Volume,1,0.0009182736455463728,0,0.0
MIDNIGHT JUNGLE,Invisible Sensation,1,0.0009182736455463728,0,0.0
Tengoku to Jigoku,harmonized finale,4,0.0036730945821854912,0,0.0
crazy birthday,Tengoku to Jigoku,6,0.005509641873278237,0,0.0
Orion wo Nazoru,crazy birthday,6,0.005509641873278237,0,0.0
Phrase Bottle Bye Bye,Full Color Program,3,0.0027548209366391185,0,0.0
Invisible Sensation,Phrase Bottle Bye Bye,1,0.0009182736455463728,0,0.0
Ikenai fool logic,Invisible Sensation,2,0.0018365472910927456,0,0.0
Momai termination,Ikenai fool logic,4,0.0036730945821854912,0,0.0
Orion wo Nazoru,Momai termination,3,0.0027548209366391185,0,0.0
Sekai wa Fancy,Chaos ga Kiwamaru,4,0.0036730945821854912,0,0.0
Chaos ga Kiwamaru,Full Color Program,3,0.0027548209366391185,0,0.0
kaleido proud fiesta,Chaos ga Kiwamaru,3,0.0027548209366391185,0,0.0
Millennium Happy Chainsaw Edge,kaleido proud fiesta,2,0.0018365472910927456,0,0.0
Childhood Supernova,Millennium Happy Chainsaw Edge,1,0.0009182736455463728,0,0.0
Sugar Song to Bitter Step,Childhood Supernova,1,0.0009182736455463728,0,0.0
Koisuru Wakusei,Sugar Song to Bitter Step,1,0.0009182736455463728,0,0.0
Space Shuttle Lullaby,Koisuru Wakusei,1,0.0009182736455463728,0,0.0
Hatch I need,Space Shuttle Lullaby,1,0.0009182736455463728,0,0.0
Nani ka ga Kawari So,Sugar Song to Bitter Step,2,0.0018365472910927456,0,0.0
Invisible Sensation,Nani ka ga Kawari So,2,0.0018365472910927456,0,0.0
Ride on Time,Kimi no Hitomi ni Koishi Tenai,2,0.0018365472910927456,0,0.0
mix juice no Iutouri,Sakura no Ato (all quartets lead to the?),3,0.0027548209366391185,0,0.0
Sekai wa Fancy,Natsukage Tail Light,1,0.0009182736455463728,0,0.0
Orion wo Nazoru,"8-Gatsu, Hirunaka no Nagareboshi to Hikouki-Gumo",1,0.0009182736455463728,0,0.0
Orion wo Nazoru,Sekai wa Fancy,1,0.0009182736455463728,0,0.0
Hatch I need,Sugar Song to Bitter Step,1,0.0009182736455463728,0,0.0
Sesshoku Vigilante,Hatch I need,1,0.0009182736455463728,0,0.0
Sakura no Ato (all quartets lead to the?),Sesshoku Vigilante,2,0.0018365472910927456,0,0.0
"Minority Report (darling, I love you)",Sekai wa Fancy,1,0.0009182736455463728,0,0.0
kaleido proud fiesta,"Minority Report (darling, I love you)",1,0.0009182736455463728,0,0.0
Tengoku to Jigoku,Orion wo Nazoru,8,0.0073461891643709825,0,0.0
Instrumental Jam,Tengoku to Jigoku,1,0.0009182736455463728,0,0.0
"kid, I like quartet",Counter Identity,1,0.0009182736455463728,0,0.0
Numbness like a ginger,kaleido proud fiesta,1,0.0009182736455463728,0,0.0
Boujaku no Charisma,fake town baby,1,0.0009182736455463728,0,0.0
"Catch up, latency",Boujaku no Charisma,1,0.0009182736455463728,0,0.0
Kimi no Hitomi ni Koishi Tenai,Cheap Cheap Endroll,1,0.0009182736455463728,0,0.0
Orion wo Nazoru,Kimi no Hitomi ni Koishi Tenai,4,0.0036730945821854912,0,0.0
fake town baby,instant EGOIST,1,0.0009182736455463728,0,0.0
"Catch up, latency",Sugar Song to Bitter Step,5,0.004591368227731864,0,0.0
Itsuka no Shounen,Full Color Program,6,0.005509641873278237,0,0.0
Gyakuten Sayonara,Sentimental Period,4,0.0036730945821854912,0,0.0
Sayonara Dai Kyu Wakusei,Gyakuten Sayonara,1,0.0009182736455463728,0,0.0
5-bu-go no Stardust,Sayonara Dai Kyu Wakusei,3,0.0027548209366391185,0,0.0
Karakuri Karukare,5-bu-go no Stardust,1,0.0009182736455463728,0,0.0
Kimi no Moto e,Tengoku to Jigoku,1,0.0009182736455463728,0,0.0
"8-Gatsu, Hirunaka no Nagareboshi to Hikouki-Gumo",Kimi no Moto e,1,0.0009182736455463728,0,0.0
Bachigai Hummingbird,BUSTER DICE MISERY,2,0.0018365472910927456,0,0.0
"10% roll, 10% romance",Nagareboshi wo Uchi Otose,2,0.0018365472910927456,0,0.0
Kimi no Hitomi ni Koishi Tenai,Fiction Freak Crisis,3,0.0027548209366391185,0,0.0
Mizu to Ame ni Tsuite,Snow Reverse,1,0.0009182736455463728,0,0.0
Itsuka no Shounen,Searchlight,1,0.0009182736455463728,0,0.0
Itsuka no Shounen,Hakoniwa Rock Show,3,0.0027548209366391185,0,0.0
"Yuunagi, Ensemble",MR. Andy,1,0.0009182736455463728,0,0.0
23:25,"Yuunagi, Ensemble",3,0.0027548209366391185,0,0.0
Light Flat,23:25,5,0.004591368227731864,0,0.0
5-bu-go no Stardust,Master Volume,1,0.0009182736455463728,0,0.0
MR. Andy,5-bu-go no Stardust,4,0.0036730945821854912,0,0.0
Sanpo Saki My Life,Sayonara Dai Kyu Wakusei,3,0.0027548209366391185,0,0.0
Sugar Song to Bitter Step,kaleido proud fiesta,1,0.0009182736455463728,0,0.0
Friday Novels,Slow Curve wa Utenai (that made me crazy),1,0.0009182736455463728,0,0.0
Chaos ga Kiwamaru,Friday Novels,2,0.0018365472910927456,0,0.0
Sekai wa Fancy,Tengoku to Jigoku,1,0.0009182736455463728,0,0.0
"Majority Report (darling, I love you)",Tengoku to Jigoku,1,0.0009182736455463728,0,0.0
Seihitsu Kanbi Akigure Jojou,"Majority Report (darling, I love you)",1,0.0009182736455463728,0,0.0
fake town baby,Seihitsu Kanbi Akigure Jojou,1,0.0009182736455463728,0,0.0
Momai termination,fake town baby,1,0.0009182736455463728,0,0.0
"10% roll, 10% romance",Momai termination,1,0.0009182736455463728,0,0.0
Siren in the Spy,"10% roll, 10% romance",5,0.004591368227731864,0,0.0
Kimi no Hitomi ni Koishi Tenai,Siren in the Spy,1,0.0009182736455463728,0,0.0
Galileo no Showcase,Tengoku to Jigoku,3,0.0027548209366391185,0,0.0
Sugar Song to Bitter Step,Galileo no Showcase,4,0.0036730945821854912,0,0.0
Friday Novels,Sugar Song to Bitter Step,1,0.0009182736455463728,0,0.0
"10% roll, 10% romance",Friday Novels,1,0.0009182736455463728,0,0.0
Searchlight,Mizu to Ame ni Tsuite,1,0.0009182736455463728,0,0.0
Snow Reverse,Hitori Omou wa Ame no Naka,1,0.0009182736455463728,0,0.0
Serenade ga Tomaranai,Sakura no Ato (all quartets lead to the?),1,0.0009182736455463728,0,0.0
Ride on Time,Jonetsu Satisfaction,1,0.0009182736455463728,0,0.0
Sugar Song to Bitter Step,"Catch up, latency",2,0.0018365472910927456,0,0.0
Fiction Freak Crisis,Sugar Song to Bitter Step,1,0.0009182736455463728,0,0.0
Tameiki shooting the MOON,Fiction Freak Crisis,1,0.0009182736455463728,0,0.0
Chandelier Waltz,Tameiki shooting the MOON,2,0.0018365472910927456,0,0.0
"10% roll, 10% romance",crazy birthday,2,0.0018365472910927456,0,0.0
Kimi no Hitomi ni Koishi Tenai,Silent Libre Mirage,1,0.0009182736455463728,0,0.0
"8-Gatsu, Hirunaka no Nagareboshi to Hikouki-Gumo",Kimi no Hitomi ni Koishi Tenai,1,0.0009182736455463728,0,0.0
Tengoku to Jigoku,"8-Gatsu, Hirunaka no Nagareboshi to Hikouki-Gumo",1,0.0009182736455463728,0,0.0
BUSTER DICE MISERY,Tengoku to Jigoku,4,0.0036730945821854912,0,0.0
Momai termination,BUSTER DICE MISERY,1,0.0009182736455463728,0,0.0
Toushindai no Chikyu,Momai termination,2,0.0018365472910927456,0,0.0
Invisible Sensation,Toushindai no Chikyu,1,0.0009182736455463728,0,0.0
Nani ka ga Kawari So,Orion wo Nazoru,7,0.006427915518824609,0,0.0
"Nigatsu, Hakuchu no Nagareboshi to Hikoukigumo",Light Flat,1,0.0009182736455463728,0,0.0
MR. Andy,"Nigatsu, Hakuchu no Nagareboshi to Hikoukigumo",5,0.004591368227731864,0,0.0
mouth to mouse(sent you),MR. Andy,2,0.0018365472910927456,0,0.0
Galileo no Showcase,mouth to mouse(sent you),1,0.0009182736455463728,0,0.0
Master Volume,Full Color Program,1,0.0009182736455463728,0,0.0
Alone,Master Volume,1,0.0009182736455463728,0,0.0
WINDOW Akeru,Alone,1,0.0009182736455463728,0,0.0
5-bu-go no Stardust,WINDOW Akeru,6,0.005509641873278237,0,0.0
bad music disco,5-bu-go no Stardust,1,0.0009182736455463728,0,0.0
Jonetsu Satisfaction,bad music disco,1,0.0009182736455463728,0,0.0
Miss. Sandy,"10% roll, 10% romance",1,0.0009182736455463728,0,0.0
Childhood Supernova,Master Volume,1,0.0009182736455463728,0,0.0
Nagareboshi wo Uchi Otose,Kimi no Moto e,1,0.0009182736455463728,0,0.0
Sentimental Period,Hitori Omou wa Ame no Naka,1,0.0009182736455463728,0,0.0
MR. Andy,Bachigai Hummingbird,2,0.0018365472910927456,0,0.0
WINDOW Akeru,MR. Andy,2,0.0018365472910927456,0,0.0
Sayonara Summer Time Machine,WINDOW Akeru,1,0.0009182736455463728,0,0.0
Scarsdale,Sayonara Summer Time Machine,1,0.0009182736455463728,0,0.0
Counter Identity,Scarsdale,3,0.0027548209366391185,0,0.0
Kimi no Moto e,Counter Identity,1,0.0009182736455463728,0,0.0
cody beats,Kimi no Moto e,2,0.0018365472910927456,0,0.0
Orion wo Nazoru,Otonoba Chukan Shiken,2,0.0018365472910927456,0,0.0
Ryusei Kouro,cody beats,2,0.0018365472910927456,0,0.0
Ride on Time,Ryusei Kouro,1,0.0009182736455463728,0,0.0
Sayonara Dai Kyu Wakusei,Ride on Time,2,0.0018365472910927456,0,0.0
Full Color Program,Sayonara Dai Kyu Wakusei,2,0.0018365472910927456,0,0.0
Counter Identity,Full Color Program,2,0.0018365472910927456,0,0.0
Momai termination,Kimi no Hitomi ni Koishi Tenai,1,0.0009182736455463728,0,0.0
Linear Blue wo Kikinagara,Sekai wa Fancy,1,0.0009182736455463728,0,0.0
Sanpo Saki My Life,Galileo no Showcase,10,0.009182736455463728,0,0.0
Itsuka no Shounen,Galileo no Showcase,6,0.005509641873278237,0,0.0
23:25,Itsuka no Shounen,8,0.0073461891643709825,0,0.0
crazy birthday,Sugar Song to Bitter Step,4,0.0036730945821854912,0,0.0
RUNNERS HIGH REPRISE,Tengoku to Jigoku,2,0.0018365472910927456,0,0.0
Mikansei Daisy,RUNNERS HIGH REPRISE,2,0.0018365472910927456,0,0.0
flat song,Mikansei Daisy,2,0.0018365472910927456,0,0.0
Master Volume,flat song,1,0.0009182736455463728,0,0.0
MR. Andy,Sentimental Period,8,0.0073461891643709825,0,0.0
Hitori Omou wa Ame no Naka,WINDOW Akeru,1,0.0009182736455463728,0,0.0
"Yuunagi, Ensemble",Childhood Supernova,1,0.0009182736455463728,0,0.0
"Nigatsu, Hakuchu no Nagareboshi to Hikoukigumo",Mizu to Ame ni Tsuite,1,0.0009182736455463728,0,0.0
Deirai Kyousou Gakudan,Coffee Cup Syndrome,2,0.0018365472910927456,0,0.0
Andromeda,Mizu to Ame ni Tsuite,2,0.0018365472910927456,0,0.0
Cheap Cheap Endroll,mix juice no Iutouri,2,0.0018365472910927456,0,0.0
Siren in the Spy,Tettoutetsubi Yonayona Drive,2,0.0018365472910927456,0,0.0
Instrumental Jam,Siren in the Spy,2,0.0018365472910927456,0,0.0
Seihitsu Kanbi Akigure Jojou,Instrumental Jam,2,0.0018365472910927456,0,0.0
Sanpo Saki My Life,Sugar Song to Bitter Step,3,0.0027548209366391185,0,0.0
Phantom Joke,Sanpo Saki My Life,2,0.0018365472910927456,0,0.0
Aerial Alien,MIDNIGHT JUNGLE,2,0.0018365472910927456,0,0.0
Orion wo Nazoru,Ride on Time,2,0.0018365472910927456,0,0.0
Worldwide Supergirl,Orion wo Nazoru,3,0.0027548209366391185,0,0.0
Tengoku to Jigoku,Worldwide Supergirl,1,0.0009182736455463728,0,0.0
Light Flat,Galileo no Showcase,2,0.0018365472910927456,0,0.0
5-bu-go no Stardust,Light Flat,2,0.0018365472910927456,0,0.0
Sentimental Period,5-bu-go no Stardust,6,0.005509641873278237,0,0.0
Mizu to Ame ni Tsuite,MR. Andy,14,0.012855831037649219,0,0.0
kaleido proud fiesta,Kimi no Hitomi ni Koishi Tenai,1,0.0009182736455463728,0,0.0
Slow Curve wa Utenai (that made me crazy),Sugar Song to Bitter Step,2,0.0018365472910927456,0,0.0
Chaos ga Kiwamaru,Slow Curve wa Utenai (that made me crazy),1,0.0009182736455463728,0,0.0
WINDOW Akeru,Chaos ga Kiwamaru,1,0.0009182736455463728,0,0.0
Phantom Joke,Linear Blue wo Kikinagara,1,0.0009182736455463728,0,0.0
MR. Andy,Natsukage Tail Light,1,0.0009182736455463728,0,0.0
Nagareboshi wo Uchi Otose,MR. Andy,1,0.0009182736455463728,0,0.0
Fiction Freak Crisis,Invisible Sensation,3,0.0027548209366391185,0,0.0
Dareka ga Wasurete iru Kamoshirenai Bokura ni Daijina 001 no Koto,Kimi no Hitomi ni Koishi Tenai,1,0.0009182736455463728,0,0.0
MIDNIGHT JUNGLE,Tengoku to Jigoku,1,0.0009182736455463728,0,0.0
Sugar Song to Bitter Step,Tengoku to Jigoku,10,0.009182736455463728,0,0.0
Sakura no Ato (all quartets lead to the?),harmonized finale,3,0.0027548209366391185,0,0.0
Mekator Jikuu Tankentai,Sakura no Ato (all quartets lead to the?),1,0.0009182736455463728,0,0.0
instant EGOIST,Mekator Jikuu Tankentai,1,0.0009182736455463728,0,0.0
"kid, I like quartet",instant EGOIST,1,0.0009182736455463728,0,0.0
Serenade ga Tomaranai,"kid, I like quartet",1,0.0009182736455463728,0,0.0
to the CIDER ROAD,Serenade ga Tomaranai,2,0.0018365472910927456,0,0.0
Phantom Joke,Slow Curve wa Utenai (that made me crazy),1,0.0009182736455463728,0,0.0
Tasogare in the Spy,Phantom Joke,1,0.0009182736455463728,0,0.0
Nani ka ga Kawari So,Tasogare in the Spy,1,0.0009182736455463728,0,0.0
Sakura no Ato (all quartets lead to the?),Nani ka ga Kawari So,1,0.0009182736455463728,0,0.0
Sugar Song to Bitter Step,Sakura no Ato (all quartets lead to the?),7,0.006427915518824609,0,0.0
Master Volume,Galileo no Showcase,18,0.01652892561983471,0,0.0
Toushindai no Chikyu,Master Volume,7,0.006427915518824609,0,0.0
Full Color Program,Sanpo Saki My Life,8,0.0073461891643709825,0,0.0
"10% roll, 10% romance",Sugar Song to Bitter Step,2,0.0018365472910927456,0,0.0
kaleido proud fiesta,"10% roll, 10% romance",3,0.0027548209366391185,0,0.0
instant EGOIST,Tengoku to Jigoku,3,0.0027548209366391185,0,0.0
Numbness like a ginger,instant EGOIST,2,0.0018365472910927456,0,0.0
Chaos ga Kiwamaru,Numbness like a ginger,2,0.0018365472910927456,0,0.0
Bachigai Hummingbird,Chaos ga Kiwamaru,5,0.004591368227731864,0,0.0
"Nigatsu, Hakuchu no Nagareboshi to Hikoukigumo",Galileo no Showcase,4,0.0036730945821854912,0,0.0
Master Volume,"Nigatsu, Hakuchu no Nagareboshi to Hikoukigumo",4,0.0036730945821854912,0,0.0
Coffee Cup Syndrome,MR. Andy,2,0.0018365472910927456,0,0.0
harmonized finale,Pandemic Sudden Death,2,0.0018365472910927456,0,0.0
Tengoku to Jigoku,crazy birthday,3,0.0027548209366391185,0,0.0
Sora no Tobikata,Ryusei Kouro,1,0.0009182736455463728,0,0.0
Mizu to Ame ni Tsuite,Sora no Tobikata,1,0.0009182736455463728,0,0.0
Ryusei no Squall,Serenade ga Tomaranai,1,0.0009182736455463728,0,0.0
cody beats,Ryusei no Squall,1,0.0009182736455463728,0,0.0
Coffee Cup Syndrome,cody beats,1,0.0009182736455463728,0,0.0
to the CIDER ROAD,Coffee Cup Syndrome,1,0.0009182736455463728,0,0.0
Sanpo Saki My Life,Hakoniwa Rock Show,3,0.0027548209366391185,0,0.0
fake town baby,Chaos ga Kiwamaru,4,0.0036730945821854912,0,0.0
City peel,fake town baby,2,0.0018365472910927456,0,0.0
Millennium Happy Chainsaw Edge,City peel,1,0.0009182736455463728,0,0.0
instant EGOIST,Sugar Song to Bitter Step,2,0.0018365472910927456,0,0.0
Tsuki to Tenbin,Toushindai no Chikyu,2,0.0018365472910927456,0,0.0
Deirai Kyousou Gakudan,Tsuki to Tenbin,3,0.0027548209366391185,0,0.0
Full Color Program,Deirai Kyousou Gakudan,7,0.006427915518824609,0,0.0
Tameiki shooting the MOON,Orion wo Nazoru,4,0.0036730945821854912,0,0.0
Airabuniju,Tameiki shooting the MOON,1,0.0009182736455463728,0,0.0
Miss. Sandy,Sakura no Ato (all quartets lead to the?),1,0.0009182736455463728,0,0.0
Linear Blue wo Kikinagara,Miss. Sandy,2,0.0018365472910927456,0,0.0
Chandelier Waltz,Linear Blue wo Kikinagara,2,0.0018365472910927456,0,0.0
Hakoniwa Rock Show,Sayonara Dai Kyu Wakusei,9,0.008264462809917356,0,0.0
Light Flat,Hakoniwa Rock Show,8,0.0073461891643709825,0,0.0
"Yuunagi, Ensemble",Light Flat,12,0.011019283746556474,0,0.0
Sanpo Saki My Life,WINDOW Akeru,2,0.0018365472910927456,0,0.0
Sentimental Period,Sanpo Saki My Life,12,0.011019283746556474,0,0.0
Sora no Tobikata,Sentimental Period,4,0.0036730945821854912,0,0.0
Sanpo Saki My Life,Coffee Cup Syndrome,3,0.0027548209366391185,0,0.0
Sayonara Dai Kyu Wakusei,Sora no Tobikata,1,0.0009182736455463728,0,0.0
Toushindai no Chikyu,Orion wo Nazoru,5,0.004591368227731864,0,0.0
Sentimental Period,23:25,1,0.0009182736455463728,0,0.0
Ryusei no Squall,Kimi no Moto e,1,0.0009182736455463728,0,0.0
Bachigai Hummingbird,Ryusei no Squall,2,0.0018365472910927456,0,0.0
Sekai wa Fancy,Sugar Song to Bitter Step,4,0.0036730945821854912,0,0.0
Scarsdale,Sekai wa Fancy,2,0.0018365472910927456,0,0.0
MR. Andy,Scarsdale,2,0.0018365472910927456,0,0.0
Orion wo Nazoru,Galileo no Showcase,10,0.009182736455463728,0,0.0
MR. Andy,Orion wo Nazoru,9,0.008264462809917356,0,0.0
Tengoku to Jigoku,MR. Andy,2,0.0018365472910927456,0,0.0
Sakura no Ato (all quartets lead to the?),Tengoku to Jigoku,4,0.0036730945821854912,0,0.0
MR. Andy,Karakuri Karukare,10,0.009182736455463728,0,0.0
"Nigatsu, Hakuchu no Nagareboshi to Hikoukigumo",Sanpo Saki My Life,2,0.0018365472910927456,0,0.0
23:25,"Nigatsu, Hakuchu no Nagareboshi to Hikoukigumo",1,0.0009182736455463728,0,0.0
Galileo no Showcase,Master Volume,9,0.008264462809917356,0,0.0
Full Color Program,Galileo no Showcase,18,0.01652892561983471,0,0.0
WINDOW Akeru,Full Color Program,2,0.0018365472910927456,0,0.0
Sentimental Period,WINDOW Akeru,3,0.0027548209366391185,0,0.0
Sayonara Dai Kyu Wakusei,Sentimental Period,6,0.005509641873278237,0,0.0
Galileo no Showcase,Sayonara Dai Kyu Wakusei,3,0.0027548209366391185,0,0.0
Sora no Tobikata,Galileo no Showcase,1,0.0009182736455463728,0,0.0
Another World,Searchlight,1,0.0009182736455463728,0,0.0
Mizu to Ame ni Tsuite,Another World,1,0.0009182736455463728,0,0.0
Ryusei Kouro,Mizu to Ame ni Tsuite,1,0.0009182736455463728,0,0.0
Andromeda,Ryusei Kouro,2,0.0018365472910927456,0,0.0
Kimi no Moto e,Sentimental Period,1,0.0009182736455463728,0,0.0
23:25,Orion wo Nazoru,5,0.004591368227731864,0,0.0
Another World,Sayonara Dai Kyu Wakusei,2,0.0018365472910927456,0,0.0
Kimi no Hitomi ni Koishi Tenai,Chandelier Waltz,4,0.0036730945821854912,0,0.0
Slow Curve wa Utenai (that made me crazy),Chaos ga Kiwamaru,1,0.0009182736455463728,0,0.0
Kimi no Hitomi ni Koishi Tenai,Slow Curve wa Utenai (that made me crazy),1,0.0009182736455463728,0,0.0
Fiction Freak Crisis,Kimi no Hitomi ni Koishi Tenai,2,0.0018365472910927456,0,0.0
"10% roll, 10% romance",Fiction Freak Crisis,2,0.0018365472910927456,0,0.0
City peel,"10% roll, 10% romance",1,0.0009182736455463728,0,0.0
Sakura no Ato (all quartets lead to the?),City peel,1,0.0009182736455463728,0,0.0
Orion wo Nazoru,Sakura no Ato (all quartets lead to the?),3,0.0027548209366391185,0,0.0
Galileo no Showcase,cody beats,2,0.0018365472910927456,0,0.0
Scarsdale,23:25,2,0.0018365472910927456,0,0.0
5-bu-go no Stardust,MR. Andy,4,0.0036730945821854912,0,0.0
Counter Identity,5-bu-go no Stardust,1,0.0009182736455463728,0,0.0
Kirai = Kirai,Counter Identity,1,0.0009182736455463728,0,0.0
Sentimental Period,Kirai = Kirai,1,0.0009182736455463728,0,0.0
Sugar Song to Bitter Step,Kimi no Hitomi ni Koishi Tenai,4,0.0036730945821854912,0,0.0
MIDNIGHT JUNGLE,Sugar Song to Bitter Step,1,0.0009182736455463728,0,0.0
Tengoku to Jigoku,BUSTER DICE MISERY,3,0.0027548209366391185,0,0.0
Bachigai Hummingbird,Tengoku to Jigoku,3,0.0027548209366391185,0,0.0
Sakura no Ato (all quartets lead to the?),Sugar Song to Bitter Step,12,0.011019283746556474,0,0.0
Haru ga Kite Bokura,Sakura no Ato (all quartets lead to the?),5,0.004591368227731864,0,0.0
Pandemic Sudden Death,Haru ga Kite Bokura,1,0.0009182736455463728,0,0.0
Ride on Time,Pandemic Sudden Death,1,0.0009182736455463728,0,0.0
Instrumental Jam,Ride on Time,3,0.0027548209366391185,0,0.0
Chandelier Waltz,Instrumental Jam,2,0.0018365472910927456,0,0.0
Serenade ga Tomaranai,Toushindai no Chikyu,1,0.0009182736455463728,0,0.0
Orion wo Nazoru,Mikansei Daisy,1,0.0009182736455463728,0,0.0
Clover,"10% roll, 10% romance",1,0.0009182736455463728,0,0.0
"Catch up, latency",Kimi no Hitomi ni Koishi Tenai,2,0.0018365472910927456,0,0.0
Orion wo Nazoru,Invisible Sensation,4,0.0036730945821854912,0,0.0
harmonized finale,Orion wo Nazoru,2,0.0018365472910927456,0,0.0
Orion wo Nazoru,Karakuri Karukare,2,0.0018365472910927456,0,0.0
Full Color Program,Orion wo Nazoru,2,0.0018365472910927456,0,0.0
Tettoutetsubi Yonayona Drive,Full Color Program,1,0.0009182736455463728,0,0.0
MR. Andy,Tettoutetsubi Yonayona Drive,1,0.0009182736455463728,0,0.0
Master Volume,MR. Andy,6,0.005509641873278237,0,0.0
Sakura no Ato (all quartets lead to the?),Chandelier Waltz,3,0.0027548209366391185,0,0.0
Protract Countdown,Sakura no Ato (all quartets lead to the?),1,0.0009182736455463728,0,0.0
Orion wo Nazoru,Clover,2,0.0018365472910927456,0,0.0
Karakuri Karukare,Orion wo Nazoru,3,0.0027548209366391185,0,0.0
Sentimental Period,Karakuri Karukare,6,0.005509641873278237,0,0.0
Hikari Nodokeki Haru no Hi ni,Sentimental Period,1,0.0009182736455463728,0,0.0
Kimi no Moto e,Hikari Nodokeki Haru no Hi ni,1,0.0009182736455463728,0,0.0
Childhood Supernova,Kimi no Moto e,1,0.0009182736455463728,0,0.0
MR. Andy,Childhood Supernova,3,0.0027548209366391185,0,0.0
"Nigatsu, Hakuchu no Nagareboshi to Hikoukigumo",Toushindai no Chikyu,3,0.0027548209366391185,0,0.0
"Yuunagi, Ensemble","Nigatsu, Hakuchu no Nagareboshi to Hikoukigumo",1,0.0009182736455463728,0,0.0
Master Volume,"Yuunagi, Ensemble",1,0.0009182736455463728,0,0.0
Childhood Supernova,MR. Andy,2,0.0018365472910927456,0,0.0
Sanpo Saki My Life,Childhood Supernova,1,0.0009182736455463728,0,0.0
Light Flat,Mizu to Ame ni Tsuite,6,0.005509641873278237,0,0.0
Orion wo Nazoru,Atorakushon ga Hajimaru (they call it “NO.6”),1,0.0009182736455463728,0,0.0
Sakura no Ato (all quartets lead to the?),"Catch up, latency",4,0.0036730945821854912,0,0.0
Kimi no Hitomi ni Koishi Tenai,fake town baby,1,0.0009182736455463728,0,0.0
Full Color Program,harmonized finale,1,0.0009182736455463728,0,0.0
fake town baby,Numbness like a ginger,2,0.0018365472910927456,0,0.0
Galileo no Showcase,Sugar Song to Bitter Step,1,0.0009182736455463728,0,0.0
Otonoba Chukan Shiken,Orion wo Nazoru,1,0.0009182736455463728,0,0.0
Tengoku to Jigoku,Otonoba Chukan Shiken,1,0.0009182736455463728,0,0.0
Childhood Supernova,instant EGOIST,1,0.0009182736455463728,0,0.0
mix juice no Iutouri,Childhood Supernova,1,0.0009182736455463728,0,0.0
Sakura no Ato (all quartets lead to the?),mix juice no Iutouri,1,0.0009182736455463728,0,0.0
Chandelier Waltz,Karakuri Karukare,2,0.0018365472910927456,0,0.0
Aerial Alien,Chandelier Waltz,1,0.0009182736455463728,0,0.0
Counter Identity,Bachigai Hummingbird,2,0.0018365472910927456,0,0.0
5-bu-go no Stardust,Full Color Program,3,0.0027548209366391185,0,0.0
Mizu to Ame ni Tsuite,5-bu-go no Stardust,7,0.006427915518824609,0,0.0
Sentimental Period,Mizu to Ame ni Tsuite,7,0.006427915518824609,0,0.0
Scarsdale,Mikansei Daisy,2,0.0018365472910927456,0,0.0
Sanpo Saki My Life,Scarsdale,1,0.0009182736455463728,0,0.0
Clover,Ride on Time,5,0.004591368227731864,0,0.0
Sentimental Period,Master Volume,6,0.005509641873278237,0,0.0
Sugar Song to Bitter Step,Haru ga Kite Bokura,6,0.005509641873278237,0,0.0
Ikenai fool logic,Tettoutetsubi Yonayona Drive,2,0.0018365472910927456,0,0.0
Phantom Joke,Ikenai fool logic,2,0.0018365472910927456,0,0.0
Linear Blue wo Kikinagara,Phantom Joke,2,0.0018365472910927456,0,0.0
"10% roll, 10% romance",Linear Blue wo Kikinagara,2,0.0018365472910927456,0,0.0
Scarsdale,kaleido proud fiesta,1,0.0009182736455463728,0,0.0
Numbness like a ginger,Scarsdale,1,0.0009182736455463728,0,0.0
Chandelier Waltz,Orion wo Nazoru,4,0.0036730945821854912,0,0.0
Linear Blue wo Kikinagara,Sugar Song to Bitter Step,4,0.0036730945821854912,0,0.0
Mikansei Daisy,Sakura no Ato (all quartets lead to the?),1,0.0009182736455463728,0,0.0
Orion wo Nazoru,Scarsdale,4,0.0036730945821854912,0,0.0
Bachigai Hummingbird,Karakuri Karukare,1,0.0009182736455463728,0,0.0
Clover,Hakoniwa Rock Show,2,0.0018365472910927456,0,0.0
Sayonara Summer Time Machine,Scarsdale,2,0.0018365472910927456,0,0.0
Master Volume,Sayonara Summer Time Machine,1,0.0009182736455463728,0,0.0
CAPACITY Koeru,Master Volume,1,0.0009182736455463728,0,0.0
23:25,Dareka ga Wasurete iru Kamoshirenai Bokura ni Daijina 001 no Koto,1,0.0009182736455463728,0,0.0
"kid, I like quartet",23:25,1,0.0009182736455463728,0,0.0
Deirai Kyousou Gakudan,Galileo no Showcase,3,0.0027548209366391185,0,0.0
Dareka ga Wasurete iru Kamoshirenai Bokura ni Daijina 001 no Koto,23:25,2,0.0018365472910927456,0,0.0
Clover,Dareka ga Wasurete iru Kamoshirenai Bokura ni Daijina 001 no Koto,1,0.0009182736455463728,0,0.0
Bachigai Hummingbird,Clover,1,0.0009182736455463728,0,0.0
MR. Andy,Worldwide Supergirl,1,0.0009182736455463728,0,0.0
Protract Countdown,MR. Andy,2,0.0018365472910927456,0,0.0
"kid, I like quartet",Protract Countdown,3,0.0027548209366391185,0,0.0
Hakoniwa Rock Show,Light Flat,3,0.0027548209366391185,0,0.0
Searchlight,Hakoniwa Rock Show,6,0.005509641873278237,0,0.0
Sentimental Period,Searchlight,7,0.006427915518824609,0,0.0
Ryusei Zenya,Sentimental Period,1,0.0009182736455463728,0,0.0
Tsuki to Tenbin,Full Color Program,4,0.0036730945821854912,0,0.0
23:25,MR. Andy,7,0.006427915518824609,0,0.0
Chandelier Waltz,Airabuniju,1,0.0009182736455463728,0,0.0
23:25,Chandelier Waltz,1,0.0009182736455463728,0,0.0
Sakura no Ato (all quartets lead to the?),Tettoutetsubi Yonayona Drive,5,0.004591368227731864,0,0.0
Karakuri Karukare,Full Color Program,4,0.0036730945821854912,0,0.0
Scarsdale,like coffee no Omajinai,1,0.0009182736455463728,0,0.0
BUSTER DICE MISERY,Linear Blue wo Kikinagara,2,0.0018365472910927456,0,0.0
like coffee no Omajinai,MR. Andy,1,0.0009182736455463728,0,0.0
mix juice no Iutouri,Tengoku to Jigoku,3,0.0027548209366391185,0,0.0
Galileo no Showcase,Orion wo Nazoru,1,0.0009182736455463728,0,0.0
Sayonara Summer Time Machine,Ride on Time,1,0.0009182736455463728,0,0.0
Ryusei no Squall,Sayonara Summer Time Machine,2,0.0018365472910927456,0,0.0
Galileo no Showcase,Hakoniwa Rock Show,11,0.010101010101010102,0,0.0
Searchlight,Sayonara Dai Kyu Wakusei,3,0.0027548209366391185,0,0.0
Light Flat,Searchlight,3,0.0027548209366391185,0,0.0
Sugar Song to Bitter Step,Chaos ga Kiwamaru,3,0.0027548209366391185,0,0.0
kaleido proud fiesta,Sugar Song to Bitter Step,5,0.004591368227731864,0,0.0
fake town baby,kaleido proud fiesta,1,0.0009182736455463728,0,0.0
Millennium Happy Chainsaw Edge,Sakura no Ato (all quartets lead to the?),1,0.0009182736455463728,0,0.0
Koisuru Wakusei,Millennium Happy Chainsaw Edge,1,0.0009182736455463728,0,0.0
Orion wo Nazoru,Koisuru Wakusei,2,0.0018365472910927456,0,0.0
Numbness like a ginger,Orion wo Nazoru,1,0.0009182736455463728,0,0.0
Tengoku to Jigoku,Airabuniju,3,0.0027548209366391185,0,0.0
Clover,Pandemic Sudden Death,1,0.0009182736455463728,0,0.0
Sakura no Ato (all quartets lead to the?),Clover,2,0.0018365472910927456,0,0.0
Deirai Kyousou Gakudan,Sakura no Ato (all quartets lead to the?),1,0.0009182736455463728,0,0.0
Master Volume,Deirai Kyousou Gakudan,2,0.0018365472910927456,0,0.0
Full Color Program,Master Volume,6,0.005509641873278237,0,0.0
Ride on Time,Full Color Program,2,0.0018365472910927456,0,0.0
Sanpo Saki My Life,Ride on Time,1,0.0009182736455463728,0,0.0
MR. Andy,Linear Blue wo Kikinagara,1,0.0009182736455463728,0,0.0
"Catch up, latency",Phantom Joke,1,0.0009182736455463728,0,0.0
Phantom Joke,Galileo no Showcase,1,0.0009182736455463728,0,0.0
Hatch I need,Shoegazer Speaker,2,0.0018365472910927456,0,0.0
Karakuri Karukare,Sugar Song to Bitter Step,3,0.0027548209366391185,0,0.0
Toushindai no Chikyu,Gyakuten Sayonara,3,0.0027548209366391185,0,0.0
Deirai Kyousou Gakudan,Clover,3,0.0027548209366391185,0,0.0
Ride on Time,Tengoku to Jigoku,1,0.0009182736455463728,0,0.0
Haru ga Kite Bokura,Ride on Time,1,0.0009182736455463728,0,0.0
Phantom Joke,Haru ga Kite Bokura,2,0.0018365472910927456,0,0.0
Kimi no Hitomi ni Koishi Tenai,Phantom Joke,3,0.0027548209366391185,0,0.0
"Nigatsu, Hakuchu no Nagareboshi to Hikoukigumo",Ride on Time,3,0.0027548209366391185,0,0.0
"Nigatsu, Hakuchu no Nagareboshi to Hikoukigumo",Full Color Program,1,0.0009182736455463728,0,0.0
Hakoniwa Rock Show,Counter Identity,3,0.0027548209366391185,0,0.0
Hitori Omou wa Ame no Naka,MR. Andy,2,0.0018365472910927456,0,0.0
Tsuki to Tenbin,Hitori Omou wa Ame no Naka,1,0.0009182736455463728,0,0.0
Messenger From Zen Sekai,Deirai Kyousou Gakudan,3,0.0027548209366391185,0,0.0
Sayonara Dai Kyu Wakusei,Messenger From Zen Sekai,1,0.0009182736455463728,0,0.0
Ryusei Kouro,Sentimental Period,1,0.0009182736455463728,0,0.0
Searchlight,Galileo no Showcase,3,0.0027548209366391185,0,0.0
Boujaku no Charisma,Bachigai Hummingbird,2,0.0018365472910927456,0,0.0
Orion wo Nazoru,Boujaku no Charisma,2,0.0018365472910927456,0,0.0
Invisible Sensation,"kid, I like quartet",2,0.0018365472910927456,0,0.0
5-bu-go no Stardust,mouth to mouse(sent you),1,0.0009182736455463728,0,0.0
Toushindai no Chikyu,Sanpo Saki My Life,1,0.0009182736455463728,0,0.0
5-bu-go no Stardust,Sentimental Period,2,0.0018365472910927456,0,0.0
Bachigai Hummingbird,Sugar Song to Bitter Step,5,0.004591368227731864,0,0.0
City peel,Nani ka ga Kawari So,1,0.0009182736455463728,0,0.0
23:25,Karakuri Karukare,3,0.0027548209366391185,0,0.0
Sugar Song to Bitter Step,Nani ka ga Kawari So,3,0.0027548209366391185,0,0.0
kaleido proud fiesta,Siren in the Spy,1,0.0009182736455463728,0,0.0
Nani ka ga Kawari So,MR. Andy,2,0.0018365472910927456,0,0.0
Dareka ga Wasurete iru Kamoshirenai Bokura ni Daijina 001 no Koto,mix juice no Iutouri,1,0.0009182736455463728,0,0.0
harmonized finale,Dareka ga Wasurete iru Kamoshirenai Bokura ni Daijina 001 no Koto,1,0.0009182736455463728,0,0.0
Linear Blue wo Kikinagara,Tengoku to Jigoku,1,0.0009182736455463728,0,0.0
Clover,Sakura no Ato (all quartets lead to the?),1,0.0009182736455463728,0,0.0
Hakoniwa Rock Show,5-bu-go no Stardust,1,0.0009182736455463728,0,0.0
Full Color Program,Sentimental Period,3,0.0027548209366391185,0,0.0
Orion wo Nazoru,Chandelier Waltz,2,0.0018365472910927456,0,0.0
Ryusei no Squall,Bachigai Hummingbird,2,0.0018365472910927456,0,0.0
Miss. Sandy,Ryusei no Squall,1,0.0009182736455463728,0,0.0
Full Color Program,Linear Blue wo Kikinagara,2,0.0018365472910927456,0,0.0
Serenade ga Tomaranai,Full Color Program,1,0.0009182736455463728,0,0.0
Nagareboshi wo Uchi Otose,crazy birthday,1,0.0009182736455463728,0,0.0
Mekator Jikuu Tankentai,Nagareboshi wo Uchi Otose,1,0.0009182736455463728,0,0.0
Sugar Song to Bitter Step,Mekator Jikuu Tankentai,1,0.0009182736455463728,0,0.0
Toushindai no Chikyu,MR. Andy,1,0.0009182736455463728,0,0.0
Karakuri Karukare,Master Volume,2,0.0018365472910927456,0,0.0
Hakoniwa Rock Show,WINDOW Akeru,1,0.0009182736455463728,0,0.0
Light Flat,5-bu-go no Stardust,1,0.0009182736455463728,0,0.0
Sora no Tobikata,"Yuunagi, Ensemble",1,0.0009182736455463728,0,0.0
23:25,Deirai Kyousou Gakudan,1,0.0009182736455463728,0,0.0
Tengoku to Jigoku,Sakura no Ato (all quartets lead to the?),4,0.0036730945821854912,0,0.0
Chandelier Waltz,Tengoku to Jigoku,4,0.0036730945821854912,0,0.0
MR. Andy,Chandelier Waltz,2,0.0018365472910927456,0,0.0
"10% roll, 10% romance",City peel,1,0.0009182736455463728,0,0.0
Master Volume,Sanpo Saki My Life,6,0.005509641873278237,0,0.0
Mizu to Ame ni Tsuite,Master Volume,2,0.0018365472910927456,0,0.0
fake town baby,Kimi no Hitomi ni Koishi Tenai,1,0.0009182736455463728,0,0.0
Cheap Cheap Endroll,Orion wo Nazoru,2,0.0018365472910927456,0,0.0
"Nigatsu, Hakuchu no Nagareboshi to Hikoukigumo",Sentimental Period,2,0.0018365472910927456,0,0.0
Full Color Program,"Nigatsu, Hakuchu no Nagareboshi to Hikoukigumo",1,0.0009182736455463728,0,0.0
FISH INN,Itsuka no Shounen,1,0.0009182736455463728,0,0.0
MR. Andy,FISH INN,1,0.0009182736455463728,0,0.0
Galileo no Showcase,23:25,2,0.0018365472910927456,0,0.0
Linear Blue wo Kikinagara,23:25,1,0.0009182736455463728,0,0.0
Tameiki shooting the MOON,Linear Blue wo Kikinagara,3,0.0027548209366391185,0,0.0
Worldwide Supergirl,Sakura no Ato (all quartets lead to the?),2,0.0018365472910927456,0,0.0
Ride on Time,Worldwide Supergirl,2,0.0018365472910927456,0,0.0
Karakuri Karukare,Ride on Time,2,0.0018365472910927456,0,0.0
Clover,Master Volume,2,0.0018365472910927456,0,0.0
Coffee Cup Syndrome,Clover,2,0.0018365472910927456,0,0.0
Galileo no Showcase,Karakuri Karukare,3,0.0027548209366391185,0,0.0
WINDOW Akeru,Galileo no Showcase,3,0.0027548209366391185,0,0.0
Light Flat,Ride on Time,1,0.0009182736455463728,0,0.0
Hakoniwa Rock Show,Master Volume,1,0.0009182736455463728,0,0.0
Itsuka no Shounen,Sayonara Dai Kyu Wakusei,2,0.0018365472910927456,0,0.0
Invisible Sensation,Cheap Cheap Endroll,1,0.0009182736455463728,0,0.0
Kimi no Hitomi ni Koishi Tenai,Invisible Sensation,4,0.0036730945821854912,0,0.0
Otonoba Chukan Shiken,Kimi no Hitomi ni Koishi Tenai,1,0.0009182736455463728,0,0.0
Fiction Freak Crisis,Tengoku to Jigoku,3,0.0027548209366391185,0,0.0
Orion wo Nazoru,Fiction Freak Crisis,1,0.0009182736455463728,0,0.0
BUSTER DICE MISERY,fake town baby,2,0.0018365472910927456,0,0.0
Sanpo Saki My Life,5-bu-go no Stardust,2,0.0018365472910927456,0,0.0
mouth to mouse(sent you),WINDOW Akeru,1,0.0009182736455463728,0,0.0
5-bu-go no Stardust,Gyakuten Sayonara,1,0.0009182736455463728,0,0.0
Galileo no Showcase,Messenger From Zen Sekai,1,0.0009182736455463728,0,0.0
Sentimental Period,Orion wo Nazoru,2,0.0018365472910927456,0,0.0
Dareka ga Wasurete iru Kamoshirenai Bokura ni Daijina 001 no Koto,Sentimental Period,2,0.0018365472910927456,0,0.0
Kimi no Moto e,Dareka ga Wasurete iru Kamoshirenai Bokura ni Daijina 001 no Koto,1,0.0009182736455463728,0,0.0
Counter Identity,Kimi no Moto e,2,0.0018365472910927456,0,0.0
Bachigai Hummingbird,Counter Identity,4,0.0036730945821854912,0,0.0
"kid, I like quartet",Sugar Song to Bitter Step,4,0.0036730945821854912,0,0.0
BUSTER DICE MISERY,"kid, I like quartet",1,0.0009182736455463728,0,0.0
Atorakushon ga Hajimaru (they call it “NO.6”),Tengoku to Jigoku,1,0.0009182736455463728,0,0.0
Childhood Supernova,Atorakushon ga Hajimaru (they call it “NO.6”),1,0.0009182736455463728,0,0.0
23:25,Childhood Supernova,3,0.0027548209366391185,0,0.0
Siren in the Spy,Master Volume,1,0.0009182736455463728,0,0.0
5-bu-go no Stardust,Sanpo Saki My Life,1,0.0009182736455463728,0,0.0
Deirai Kyousou Gakudan,Mizu to Ame ni Tsuite,3,0.0027548209366391185,0,0.0
kaleido proud fiesta,kaleido proud fiesta,1,0.0009182736455463728,0,0.0
Orion wo Nazoru,Orion wo Nazoru,1,0.0009182736455463728,0,0.0
"I wanna believe, Yoru o Iku",Orion wo Nazoru,1,0.0009182736455463728,0,0.0
"I wanna believe, Yoru o Iku","I wanna believe, Yoru o Iku",1,0.0009182736455463728,0,0.0
Linear Blue wo Kikinagara,"I wanna believe, Yoru o Iku",1,0.0009182736455463728,0,0.0
Linear Blue wo Kikinagara,Linear Blue wo Kikinagara,1,0.0009182736455463728,0,0.0
harmonized finale,Linear Blue wo Kikinagara,1,0.0009182736455463728,0,0.0
MR. Andy,cody beats,6,0.005509641873278237,0,0.0
Gyakuten Sayonara,MR. Andy,6,0.005509641873278237,0,0.0
mix juice no Iutouri,Sugar Song to Bitter Step,1,0.0009182736455463728,0,0.0
Sanpo Saki My Life,"Nigatsu, Hakuchu no Nagareboshi to Hikoukigumo",1,0.0009182736455463728,0,0.0
Shoegazer Speaker,Chaos ga Kiwamaru,1,0.0009182736455463728,0,0.0
MR. Andy,"Yuunagi, Ensemble",1,0.0009182736455463728,0,0.0
5-bu-go no Stardust,Hakoniwa Rock Show,2,0.0018365472910927456,0,0.0
Kimi no Hitomi ni Koishi Tenai,Sekai wa Fancy,2,0.0018365472910927456,0,0.0
Silent Libre Mirage,Kimi no Hitomi ni Koishi Tenai,1,0.0009182736455463728,0,0.0
mix juice no Iutouri,Silent Libre Mirage,1,0.0009182736455463728,0,0.0
Sugar Song to Bitter Step,mix juice no Iutouri,4,0.0036730945821854912,0,0.0
Siren in the Spy,Tengoku to Jigoku,1,0.0009182736455463728,0,0.0
Dareka ga Wasurete iru Kamoshirenai Bokura ni Daijina 001 no Koto,MR. Andy,3,0.0027548209366391185,0,0.0
CAPACITY Koeru,Dareka ga Wasurete iru Kamoshirenai Bokura ni Daijina 001 no Koto,6,0.005509641873278237,0,0.0
Kimi no Moto e,CAPACITY Koeru,2,0.0018365472910927456,0,0.0
Bachigai Hummingbird,Kimi no Moto e,2,0.0018365472910927456,0,0.0
Clover,WINDOW Akeru,1,0.0009182736455463728,0,0.0
Bachigai Hummingbird,Full Color Program,1,0.0009182736455463728,0,0.0
Sora no Tobikata,Hakoniwa Rock Show,4,0.0036730945821854912,0,0.0
Deirai Kyousou Gakudan,Sora no Tobikata,2,0.0018365472910927456,0,0.0
Childhood Supernova,Sentimental Period,2,0.0018365472910927456,0,0.0
Hakoniwa Rock Show,Childhood Supernova,1,0.0009182736455463728,0,0.0
Sayonara Dai Kyu Wakusei,Full Color Program,3,0.0027548209366391185,0,0.0
Karakuri Karukare,Mizu to Ame ni Tsuite,4,0.0036730945821854912,0,0.0
Cross Heart 1 Gousen (Advantage In a Long Time),Sakura no Ato (all quartets lead to the?),1,0.0009182736455463728,0,0.0
Linear Blue wo Kikinagara,Cross Heart 1 Gousen (Advantage In a Long Time),1,0.0009182736455463728,0,0.0
Kimi no Moto e,Linear Blue wo Kikinagara,2,0.0018365472910927456,0,0.0
Yayoichou Lonely Planet,Haru ga Kite Bokura,2,0.0018365472910927456,0,0.0
Full Color Program,Yayoichou Lonely Planet,1,0.0009182736455463728,0,0.0
Itsuka no Shounen,"Yuunagi, Ensemble",2,0.0018365472910927456,0,0.0
kaleido proud fiesta,Orion wo Nazoru,1,0.0009182736455463728,0,0.0
to the CIDER ROAD,Bachigai Hummingbird,1,0.0009182736455463728,0,0.0
Invisible Sensation,Boujaku no Charisma,1,0.0009182736455463728,0,0.0
Kimi no Hitomi ni Koishi Tenai,MIDNIGHT JUNGLE,1,0.0009182736455463728,0,0.0
Master Volume,Kimi no Hitomi ni Koishi Tenai,1,0.0009182736455463728,0,0.0
Karakuri Karukare,"10% roll, 10% romance",1,0.0009182736455463728,0,0.0
Silent Libre Mirage,Karakuri Karukare,1,0.0009182736455463728,0,0.0
Snow Reverse,Galileo no Showcase,1,0.0009182736455463728,0,0.0
Andromeda,23:25,2,0.0018365472910927456,0,0.0
Ryusei Kouro,Andromeda,1,0.0009182736455463728,0,0.0
Searchlight,Ryusei Kouro,1,0.0009182736455463728,0,0.0
Tsuki to Tenbin,Searchlight,1,0.0009182736455463728,0,0.0
Sayonara Dai Kyu Wakusei,Tsuki to Tenbin,1,0.0009182736455463728,0,0.0
Another World,Light Flat,2,0.0018365472910927456,0,0.0
fake town baby,Sugar Song to Bitter Step,2,0.0018365472910927456,0,0.0
Drum Solo,fake town baby,1,0.0009182736455463728,0,0.0
Friday Novels,Drum Solo,1,0.0009182736455463728,0,0.0
"8-Gatsu, Hirunaka no Nagareboshi to Hikouki-Gumo",Friday Novels,1,0.0009182736455463728,0,0.0
Master Volume,"8-Gatsu, Hirunaka no Nagareboshi to Hikouki-Gumo",1,0.0009182736455463728,0,0.0
CAPACITY Koeru,Toushindai no Chikyu,1,0.0009182736455463728,0,0.0
"10% roll, 10% romance",CAPACITY Koeru,1,0.0009182736455463728,0,0.0
Tengoku to Jigoku,Siren in the Spy,5,0.004591368227731864,0,0.0
Full Color Program,Clover,1,0.0009182736455463728,0,0.0
Chaos ga Kiwamaru,Tengoku to Jigoku,1,0.0009182736455463728,0,0.0
Koisuru Wakusei,fake town baby,1,0.0009182736455463728,0,0.0
Boujaku no Charisma,Koisuru Wakusei,1,0.0009182736455463728,0,0.0
Sugar Song to Bitter Step,Hakoniwa Rock Show,2,0.0018365472910927456,0,0.0
Phantom Joke,to the CIDER ROAD,1,0.0009182736455463728,0,0.0
Enogu,Siren in the Spy,1,0.0009182736455463728,0,0.0
Master Volume,Sakura no Ato (all quartets lead to the?),4,0.0036730945821854912,0,0.0
Clover,First Love,1,0.0009182736455463728,0,0.0
Kimagure Zattou,Clover,1,0.0009182736455463728,0,0.0
WINDOW Akeru,Kimagure Zattou,1,0.0009182736455463728,0,0.0
Orion wo Nazoru,WINDOW Akeru,1,0.0009182736455463728,0,0.0
over driver,Orion wo Nazoru,1,0.0009182736455463728,0,0.0
23:25,Master Volume,2,0.0018365472910927456,0,0.0
"Yuunagi, Ensemble",23:25,2,0.0018365472910927456,0,0.0
Pandemic Sudden Death,like coffee no Omajinai,1,0.0009182736455463728,0,0.0
Momai termination,Chandelier Waltz,1,0.0009182736455463728,0,0.0
Master Volume,Momai termination,1,0.0009182736455463728,0,0.0
I Love Need You,cody beats,1,0.0009182736455463728,0,0.0
Bachigai Hummingbird,I Love Need You,1,0.0009182736455463728,0,0.0
Childhood Supernova,Clover,1,0.0009182736455463728,0,0.0
Hakoniwa Rock Show,Tengoku to Jigoku,1,0.0009182736455463728,0,0.0
Invisible Sensation,Hakoniwa Rock Show,2,0.0018365472910927456,0,0.0
Nani ka ga Kawari So,Kimi no Hitomi ni Koishi Tenai,2,0.0018365472910927456,0,0.0
Siren in the Spy,Nani ka ga Kawari So,1,0.0009182736455463728,0,0.0
mouth to mouse(sent you),Bachigai Hummingbird,1,0.0009182736455463728,0,0.0
Mou Kimi ni Aenai,mouth to mouse(sent you),1,0.0009182736455463728,0,0.0
Sakura no Ato (all quartets lead to the?),Mou Kimi ni Aenai,1,0.0009182736455463728,0,0.0
Millennium Happy Chainsaw Edge,Ikenai fool logic,1,0.0009182736455463728,0,0.0
Tengoku to Jigoku,Millennium Happy Chainsaw Edge,1,0.0009182736455463728,0,0.0
Siren in the Spy,kaleido proud fiesta,1,0.0009182736455463728,0,0.0
First Love,Sentimental Period,1,0.0009182736455463728,0,0.0
Siren in the Spy,Sanpo Saki My Life,1,0.0009182736455463728,0,0.0
Instrumental Jam,Phantom Joke,1,0.0009182736455463728,0,0.0
Scarsdale,Mekator Jikuu Tankentai,1,0.0009182736455463728,0,0.0
Drum Solo,Instrumental Jam,3,0.0027548209366391185,0,0.0
mouth to mouse(sent you),Drum Solo,1,0.0009182736455463728,0,0.0
Seihitsu Kanbi Akigure Jojou,mouth to mouse(sent you),1,0.0009182736455463728,0,0.0
Scarsdale,Seihitsu Kanbi Akigure Jojou,2,0.0018365472910927456,0,0.0
"I wanna believe, Yoru o Iku",Scarsdale,1,0.0009182736455463728,0,0.0
Orion wo Nazoru,"I wanna believe, Yoru o Iku",1,0.0009182736455463728,0,0.0
Kimi no Hitomi ni Koishi Tenai,Orion wo Nazoru,4,0.0036730945821854912,0,0.0
Kimi no Moto e,Kimi no Hitomi ni Koishi Tenai,1,0.0009182736455463728,0,0.0
Sakura no Ato (all quartets lead to the?),Kimi no Moto e,3,0.0027548209366391185,0,0.0
Otonoba Chukan Shiken,Sakura no Ato (all quartets lead to the?),1,0.0009182736455463728,0,0.0
mix juice no Iutouri,Otonoba Chukan Shiken,1,0.0009182736455463728,0,0.0
Galileo no Showcase,Chandelier Waltz,1,0.0009182736455463728,0,0.0
fake town baby,Galileo no Showcase,1,0.0009182736455463728,0,0.0
Sayonara Dai Kyu Wakusei,fake town baby,1,0.0009182736455463728,0,0.0
mouth to mouse(sent you),Sayonara Dai Kyu Wakusei,1,0.0009182736455463728,0,0.0
"Catch up, latency",mouth to mouse(sent you),1,0.0009182736455463728,0,0.0
Light Flat,Sakura no Ato (all quartets lead to the?),1,0.0009182736455463728,0,0.0
Tasogare in the Spy,instant EGOIST,1,0.0009182736455463728,0,0.0
Sakura no Ato (all quartets lead to the?),Tasogare in the Spy,1,0.0009182736455463728,0,0.0
Tameiki shooting the MOON,Sakura no Ato (all quartets lead to the?),1,0.0009182736455463728,0,0.0
Nani ka ga Kawari So,Momai termination,1,0.0009182736455463728,0,0.0
Ride on Time,Nani ka ga Kawari So,1,0.0009182736455463728,0,0.0
Mekator Jikuu Tankentai,Ride on Time,2,0.0018365472910927456,0,0.0
Master Volume,Orion wo Nazoru,2,0.0018365472910927456,0,0.0
Scarsdale,Sentimental Period,2,0.0018365472910927456,0,0.0
cody beats,Scarsdale,1,0.0009182736455463728,0,0.0
Galileo no Showcase,"Nigatsu, Hakuchu no Nagareboshi to Hikoukigumo",2,0.0018365472910927456,0,0.0
Hakoniwa Rock Show,Itsuka no Shounen,3,0.0027548209366391185,0,0.0
Nani ka ga Kawari So,Tengoku to Jigoku,2,0.0018365472910927456,0,0.0
"10% roll, 10% romance",Nani ka ga Kawari So,1,0.0009182736455463728,0,0.0
Dareka ga Wasurete iru Kamoshirenai Bokura ni Daijina 001 no Koto,"10% roll, 10% romance",1,0.0009182736455463728,0,0.0
Kimi no Moto e,Scarsdale,3,0.0027548209366391185,0,0.0
Orion wo Nazoru,Kimi no Moto e,1,0.0009182736455463728,0,0.0
Master Volume,Airabuniju,1,0.0009182736455463728,0,0.0
Childhood Supernova,Ride on Time,1,0.0009182736455463728,0,0.0
Full Color Program,Childhood Supernova,3,0.0027548209366391185,0,0.0
cody beats,Full Color Program,1,0.0009182736455463728,0,0.0
Otonoba Chukan Shiken,Nani ka ga Kawari So,1,0.0009182736455463728,0,0.0
Bachigai Hummingbird,Otonoba Chukan Shiken,1,0.0009182736455463728,0,0.0
Nagareboshi wo Uchi Otose,Bachigai Hummingbird,2,0.0018365472910927456,0,0.0
"Majority Report (darling, I love you)",Nagareboshi wo Uchi Otose,1,0.0009182736455463728,0,0.0
Galileo no Showcase,MR. Andy,4,0.0036730945821854912,0,0.0
Sora no Tobikata,Light Flat,1,0.0009182736455463728,0,0.0
Clover,Sora no Tobikata,1,0.0009182736455463728,0,0.0
Galileo no Showcase,Another World,4,0.0036730945821854912,0,0.0
Sayonara Dai Kyu Wakusei,Itsuka no Shounen,4,0.0036730945821854912,0,0.0
Master Volume,Sayonara Dai Kyu Wakusei,2,0.0018365472910927456,0,0.0
Light Flat,Master Volume,2,0.0018365472910927456,0,0.0
Searchlight,Light Flat,5,0.004591368227731864,0,0.0
5-bu-go no Stardust,Searchlight,3,0.0027548209366391185,0,0.0
Itsuka no Shounen,Sentimental Period,4,0.0036730945821854912,0,0.0
Deirai Kyousou Gakudan,MR. Andy,8,0.0073461891643709825,0,0.0
23:25,Hoshi Oitachi no Inori,2,0.0018365472910927456,0,0.0
Ride on Time,Karakuri Karukare,1,0.0009182736455463728,0,0.0
cody beats,Sanpo Saki My Life,1,0.0009182736455463728,0,0.0
Ride on Time,cody beats,1,0.0009182736455463728,0,0.0
"Nigatsu, Hakuchu no Nagareboshi to Hikoukigumo",Bachigai Hummingbird,1,0.0009182736455463728,0,0.0
Kirai = Kirai,"Nigatsu, Hakuchu no Nagareboshi to Hikoukigumo",1,0.0009182736455463728,0,0.0
Scarsdale,Kirai = Kirai,1,0.0009182736455463728,0,0.0
Toumei Ningen,Linear Blue wo Kikinagara,1,0.0009182736455463728,0,0.0
Clover,Toumei Ningen,2,0.0018365472910927456,0,0.0
Macaroni,Orion wo Nazoru,2,0.0018365472910927456,0,0.0
Master Volume,cody beats,4,0.0036730945821854912,0,0.0
Sora no Tobikata,Master Volume,2,0.0018365472910927456,0,0.0
Sakura no Ato (all quartets lead to the?),Mikansei Daisy,6,0.005509641873278237,0,0.0
CAPACITY Koeru,Sakura no Ato (all quartets lead to the?),2,0.0018365472910927456,0,0.0
Kirai = Kirai,CAPACITY Koeru,1,0.0009182736455463728,0,0.0
MR. Andy,Kirai = Kirai,1,0.0009182736455463728,0,0.0
Scarsdale,MR. Andy,2,0.0018365472910927456,0,0.0
Bachigai Hummingbird,Scarsdale,3,0.0027548209366391185,0,0.0
kaleido proud fiesta,Phantom Joke,1,0.0009182736455463728,0,0.0
Boujaku no Charisma,kaleido proud fiesta,1,0.0009182736455463728,0,0.0
Numbness like a ginger,Boujaku no Charisma,1,0.0009182736455463728,0,0.0
Invisible Sensation,fake town baby,1,0.0009182736455463728,0,0.0
harmonized finale,Sugar Song to Bitter Step,1,0.0009182736455463728,0,0.0
instant EGOIST,Sakura no Ato (all quartets lead to the?),1,0.0009182736455463728,0,0.0
Karakuri Karukare,Galileo no Showcase,5,0.004591368227731864,0,0.0
Hoshi Oitachi no Inori,5-bu-go no Stardust,2,0.0018365472910927456,0,0.0
Deirai Kyousou Gakudan,23:25,4,0.0036730945821854912,0,0.0
Sayonara Summer Time Machine,cody beats,1,0.0009182736455463728,0,0.0
Hitori Omou wa Ame no Naka,Counter Identity,2,0.0018365472910927456,0,0.0
Orion wo Nazoru,harmonized finale,2,0.0018365472910927456,0,0.0
Airabuniju,Orion wo Nazoru,3,0.0027548209366391185,0,0.0
Master Volume,Tengoku to Jigoku,2,0.0018365472910927456,0,0.0
Sakura no Ato (all quartets lead to the?),Master Volume,1,0.0009182736455463728,0,0.0
WINDOW Akeru,Sentimental Period,2,0.0018365472910927456,0,0.0
Messenger From Zen Sekai,Full Color Program,12,0.011019283746556474,0,0.0
Sugar Song to Bitter Step,Cheap Cheap Endroll,6,0.005509641873278237,0,0.0
MR. Andy,Tengoku to Jigoku,1,0.0009182736455463728,0,0.0
Otonoba Chukan Shiken,MR. Andy,1,0.0009182736455463728,0,0.0
Messenger From Zen Sekai,MR. Andy,5,0.004591368227731864,0,0.0
Karakuri Karukare,Messenger From Zen Sekai,1,0.0009182736455463728,0,0.0
Full Color Program,Karakuri Karukare,5,0.004591368227731864,0,0.0
Tsuki to Tenbin,Galileo no Showcase,3,0.0027548209366391185,0,0.0
Light Flat,Tsuki to Tenbin,1,0.0009182736455463728,0,0.0
MR. Andy,Light Flat,2,0.0018365472910927456,0,0.0
Phantom Joke,Sugar Song to Bitter Step,4,0.0036730945821854912,0,0.0
Sakura no Ato (all quartets lead to the?),Phantom Joke,1,0.0009182736455463728,0,0.0
Nagareboshi wo Uchi Otose,Sakura no Ato (all quartets lead to the?),3,0.0027548209366391185,0,0.0
Mikansei Daisy,Nagareboshi wo Uchi Otose,1,0.0009182736455463728,0,0.0
Seihitsu Kanbi Akigure Jojou,Mikansei Daisy,1,0.0009182736455463728,0,0.0
Orion wo Nazoru,Seihitsu Kanbi Akigure Jojou,2,0.0018365472910927456,0,0.0
Bachigai Hummingbird,Master Volume,1,0.0009182736455463728,0,0.0
Chaos ga Kiwamaru,Bachigai Hummingbird,1,0.0009182736455463728,0,0.0
Deirai Kyousou Gakudan,Hitori Omou wa Ame no Naka,2,0.0018365472910927456,0,0.0
Counter Identity,MR. Andy,3,0.0027548209366391185,0,0.0
Karakuri Karukare,Deirai Kyousou Gakudan,6,0.005509641873278237,0,0.0
Clover,23:25,3,0.0027548209366391185,0,0.0
Clover,Karakuri Karukare,2,0.0018365472910927456,0,0.0
Hakoniwa Rock Show,Mizu to Ame ni Tsuite,8,0.0073461891643709825,0,0.0
Galileo no Showcase,harmonized finale,1,0.0009182736455463728,0,0.0
Master Volume,like coffee no Omajinai,1,0.0009182736455463728,0,0.0
Momai termination,Tameiki shooting the MOON,2,0.0018365472910927456,0,0.0
Ride on Time,Momai termination,2,0.0018365472910927456,0,0.0
Sugar Song to Bitter Step,Ride on Time,2,0.0018365472910927456,0,0.0
CAPACITY Koeru,Tengoku to Jigoku,2,0.0018365472910927456,0,0.0
Sakura no Ato (all quartets lead to the?),CAPACITY Koeru,2,0.0018365472910927456,0,0.0
Kimi no Moto e,Sakura no Ato (all quartets lead to the?),1,0.0009182736455463728,0,0.0
Siren in the Spy,Kimi no Moto e,1,0.0009182736455463728,0,0.0
Ryusei Kouro,Searchlight,1,0.0009182736455463728,0,0.0
Light Flat,Ryusei Kouro,1,0.0009182736455463728,0,0.0
Linear Blue wo Kikinagara,Galileo no Showcase,3,0.0027548209366391185,0,0.0
Serenade ga Tomaranai,Linear Blue wo Kikinagara,5,0.004591368227731864,0,0.0
Ride on Time,Serenade ga Tomaranai,1,0.0009182736455463728,0,0.0
Bachigai Hummingbird,Ride on Time,3,0.0027548209366391185,0,0.0
Sanpo Saki My Life,Chandelier Waltz,2,0.0018365472910927456,0,0.0
Another World,Sanpo Saki My Life,1,0.0009182736455463728,0,0.0
Mizu to Ame ni Tsuite,Itsuka no Shounen,2,0.0018365472910927456,0,0.0
Another World,Mizu to Ame ni Tsuite,2,0.0018365472910927456,0,0.0
23:25,Another World,1,0.0009182736455463728,0,0.0
5-bu-go no Stardust,Toushindai no Chikyu,1,0.0009182736455463728,0,0.0
Sanpo Saki My Life,Airabuniju,1,0.0009182736455463728,0,0.0
Sayonara Dai Kyu Wakusei,Searchlight,2,0.0018365472910927456,0,0.0
Searchlight,"Yuunagi, Ensemble",1,0.0009182736455463728,0,0.0
bad music disco,Sentimental Period,1,0.0009182736455463728,0,0.0
Mizu to Ame ni Tsuite,"Nigatsu, Hakuchu no Nagareboshi to Hikoukigumo",4,0.0036730945821854912,0,0.0
Counter Identity,Galileo no Showcase,7,0.006427915518824609,0,0.0
Messenger From Zen Sekai,Counter Identity,2,0.0018365472910927456,0,0.0
Karakuri Karukare,Itsuka no Shounen,2,0.0018365472910927456,0,0.0
Andromeda,MR. Andy,2,0.0018365472910927456,0,0.0
Ryusei Kouro,Sayonara Dai Kyu Wakusei,1,0.0009182736455463728,0,0.0
Hakoniwa Rock Show,Ryusei Kouro,2,0.0018365472910927456,0,0.0
Dance Party,Hakoniwa Rock Show,1,0.0009182736455463728,0,0.0
Searchlight,Dance Party,1,0.0009182736455463728,0,0.0
Toumei Ningen,Mikansei Daisy,1,0.0009182736455463728,0,0.0
Sayonara Summer Time Machine,Macaroni,1,0.0009182736455463728,0,0.0
Searchlight,Sentimental Period,1,0.0009182736455463728,0,0.0
Ryusei Kouro,Light Flat,2,0.0018365472910927456,0,0.0
Another World,Ryusei Kouro,2,0.0018365472910927456,0,0.0
Deirai Kyousou Gakudan,Master Volume,1,0.0009182736455463728,0,0.0
Light Flat,Deirai Kyousou Gakudan,1,0.0009182736455463728,0,0.0
Full Color Program,Light Flat,3,0.0027548209366391185,0,0.0
like coffee no Omajinai,Sugar Song to Bitter Step,1,0.0009182736455463728,0,0.0
Momai termination,like coffee no Omajinai,2,0.0018365472910927456,0,0.0
Linear Blue wo Kikinagara,Momai termination,1,0.0009182736455463728,0,0.0
Sayonara Dai Kyu Wakusei,Galileo no Showcase,6,0.005509641873278237,0,0.0
Counter Identity,Sayonara Dai Kyu Wakusei,2,0.0018365472910927456,0,0.0
Karakuri Karukare,Snow Reverse,2,0.0018365472910927456,0,0.0
Sora no Tobikata,bad music disco,1,0.0009182736455463728,0,0.0
Shoegazer Speaker,Chandelier Waltz,4,0.0036730945821854912,0,0.0
"Yuunagi, Ensemble",Galileo no Showcase,10,0.009182736455463728,0,0.0
Chandelier Waltz,Miss. Sandy,5,0.004591368227731864,0,0.0
MR. Andy,Sayonara Summer Time Machine,1,0.0009182736455463728,0,0.0
Ryusei no Squall,MR. Andy,1,0.0009182736455463728,0,0.0
"kid, I like quartet",Ryusei no Squall,4,0.0036730945821854912,0,0.0
Momai termination,Mekator Jikuu Tankentai,1,0.0009182736455463728,0,0.0
Tengoku to Jigoku,Toushindai no Chikyu,1,0.0009182736455463728,0,0.0
Nagareboshi wo Uchi Otose,Tengoku to Jigoku,3,0.0027548209366391185,0,0.0
Ikenai fool logic,Sekai wa Fancy,6,0.005509641873278237,0,0.0
Chaos ga Kiwamaru,Nani ka ga Kawari So,2,0.0018365472910927456,0,0.0
Tsuki to Tenbin,23:25,1,0.0009182736455463728,0,0.0
Karakuri Karukare,Tsuki to Tenbin,5,0.004591368227731864,0,0.0
MR. Andy,Mizu to Ame ni Tsuite,5,0.004591368227731864,0,0.0
Light Flat,Karakuri Karukare,2,0.0018365472910927456,0,0.0
Tsuki to Tenbin,Sayonara Dai Kyu Wakusei,1,0.0009182736455463728,0,0.0
23:25,Tsuki to Tenbin,4,0.0036730945821854912,0,0.0
Clover,Sentimental Period,8,0.0073461891643709825,0,0.0
Orion wo Nazoru,Airabuniju,6,0.005509641873278237,0,0.0
Tettoutetsubi Yonayona Drive,Nani ka ga Kawari So,4,0.0036730945821854912,0,0.0
Tengoku to Jigoku,Tettoutetsubi Yonayona Drive,5,0.004591368227731864,0,0.0
Signal ABC,Tengoku to Jigoku,5,0.004591368227731864,0,0.0
Mikansei Daisy,Signal ABC,4,0.0036730945821854912,0,0.0
Deirai Kyousou Gakudan,Siren in the Spy,4,0.0036730945821854912,0,0.0
Sayonara Summer Time Machine,Deirai Kyousou Gakudan,4,0.0036730945821854912,0,0.0
Miss. Sandy,Sayonara Summer Time Machine,4,0.0036730945821854912,0,0.0
5-bu-go no Stardust,Karakuri Karukare,2,0.0018365472910927456,0,0.0
Ryusei Kouro,Sanpo Saki My Life,2,0.0018365472910927456,0,0.0
Mizu to Ame ni Tsuite,Ryusei Kouro,2,0.0018365472910927456,0,0.0
Clover,Mizu to Ame ni Tsuite,5,0.004591368227731864,0,0.0
like coffee no Omajinai,Clover,1,0.0009182736455463728,0,0.0
Deirai Kyousou Gakudan,like coffee no Omajinai,1,0.0009182736455463728,0,0.0
Linear Blue wo Kikinagara,Master Volume,2,0.0018365472910927456,0,0.0
instant EGOIST,Serenade ga Tomaranai,3,0.0027548209366391185,0,0.0
Sugar Song to Bitter Step,City peel,1,0.0009182736455463728,0,0.0
Koisuru Wakusei,kaleido proud fiesta,2,0.0018365472910927456,0,0.0
mix juice no Iutouri,Koisuru Wakusei,3,0.0027548209366391185,0,0.0
Sugar Song to Bitter Step,Program continued,3,0.0027548209366391185,0,0.0
Boku wa Kimi ni Naritai,Sakura no Ato (all quartets lead to the?),1,0.0009182736455463728,0,0.0
5-bu-go no Stardust,Boku wa Kimi ni Naritai,1,0.0009182736455463728,0,0.0
"10% roll, 10% romance",5-bu-go no Stardust,1,0.0009182736455463728,0,0.0
Orion wo Nazoru,"10% roll, 10% romance",2,0.0018365472910927456,0,0.0
Snow Reverse,Chandelier Waltz,1,0.0009182736455463728,0,0.0
Tettoutetsubi Yonayona Drive,Snow Reverse,1,0.0009182736455463728,0,0.0
Love Song wa Totsuzen ni? ~What is the name of that mystery??~,Tettoutetsubi Yonayona Drive,1,0.0009182736455463728,0,0.0
Linear Blue wo Kikinagara,Sakura no Ato (all quartets lead to the?),2,0.0018365472910927456,0,0.0
Haru ga Kite Bokura,Linear Blue wo Kikinagara,1,0.0009182736455463728,0,0.0
Master Volume,Friday Novels,1,0.0009182736455463728,0,0.0
"10% roll, 10% romance",Master Volume,2,0.0018365472910927456,0,0.0
harmonized finale,"10% roll, 10% romance",1,0.0009182736455463728,0,0.0
Kimi no Moto e,Orion wo Nazoru,5,0.004591368227731864,0,0.0
harmonized finale,Kimi no Moto e,1,0.0009182736455463728,0,0.0
Ride on Time,Sakura no Ato (all quartets lead to the?),3,0.0027548209366391185,0,0.0
Tengoku to Jigoku,Full Color Program,4,0.0036730945821854912,0,0.0
Full Color Program,Otonoba Chukan Shiken,1,0.0009182736455463728,0,0.0
Chaos ga Kiwamaru,kaleido proud fiesta,1,0.0009182736455463728,0,0.0
Program continued,Orion wo Nazoru,1,0.0009182736455463728,0,0.0
Galileo no Showcase,Itsuka no Shounen,4,0.0036730945821854912,0,0.0
Phantom Joke,Chaos ga Kiwamaru,1,0.0009182736455463728,0,0.0
Bachigai Hummingbird,Phantom Joke,1,0.0009182736455463728,0,0.0
kaleido proud fiesta,Bachigai Hummingbird,1,0.0009182736455463728,0,0.0
Instrumental Jam,BUSTER DICE MISERY,2,0.0018365472910927456,0,0.0
"10% roll, 10% romance",Instrumental Jam,1,0.0009182736455463728,0,0.0
Otonoba Chukan Shiken,"10% roll, 10% romance",1,0.0009182736455463728,0,0.0
Instrumental Jam,Otonoba Chukan Shiken,3,0.0027548209366391185,0,0.0
instant EGOIST,Instrumental Jam,1,0.0009182736455463728,0,0.0
Kimi no Hitomi ni Koishi Tenai,instant EGOIST,1,0.0009182736455463728,0,0.0
Cheap Cheap Endroll,Program continued,1,0.0009182736455463728,0,0.0
kaleido proud fiesta,Anti-Trendy Club,1,0.0009182736455463728,0,0.0
"Nigatsu, Hakuchu no Nagareboshi to Hikoukigumo",23:25,1,0.0009182736455463728,0,0.0
Sayonara Dai Kyu Wakusei,Ryusei Kouro,1,0.0009182736455463728,0,0.0
Phantom Joke,Tengoku to Jigoku,1,0.0009182736455463728,0,0.0
Shoegazer Speaker,Phantom Joke,1,0.0009182736455463728,0,0.0
Orion wo Nazoru,Hatch I need,1,0.0009182736455463728,0,0.0
Karakuri Karukare,"Yuunagi, Ensemble",2,0.0018365472910927456,0,0.0
23:25,Searchlight,3,0.0027548209366391185,0,0.0
Space Shuttle Lullaby,Tengoku to Jigoku,1,0.0009182736455463728,0,0.0
Ride on Time,Space Shuttle Lullaby,1,0.0009182736455463728,0,0.0
Anti-Trendy Club,Ride on Time,1,0.0009182736455463728,0,0.0
Nani ka ga Kawari So,"I wanna believe, Yoru o Iku",1,0.0009182736455463728,0,0.0
