曲A,曲B,演奏公演数,全公演割合,演奏ツアー数,全ツアー割合
Sakura no Ato (all quartets lead to the?),Tettoutetsubi Yonayona Drive,194,0.1781450872359963,14,0.34146341463414637
23:25,Full Color Program,111,0.10192837465564739,13,0.3170731707317073
23:25,Bachigai Hummingbird,149,0.13682277318640956,13,0.3170731707317073
Bachigai Hummingbird,Orion wo Nazoru,253,0.23232323232323232,13,0.3170731707317073
Full Color Program,cody beats,120,0.11019283746556474,13,0.3170731707317073
Sugar Song to Bitter Step,Tettoutetsubi Yonayona Drive,183,0.16804407713498623,12,0.2926829268292683
Bachigai Hummingbird,Chandelier Waltz,225,0.2066115702479339,12,0.2926829268292683
Full Color Program,Galileo no Showcase,241,0.22130394857667585,12,0.2926829268292683
Bachigai Hummingbird,Full Color Program,147,0.1349862258953168,12,0.2926829268292683
Bachigai Hummingbird,"kid, I like quartet",136,0.1248852157943067,11,0.2682926829268293
Bachigai Hummingbird,Galileo no Showcase,164,0.15059687786960516,11,0.2682926829268293
Chandelier Waltz,Orion wo Nazoru,199,0.1827364554637282,11,0.2682926829268293
Orion wo Nazoru,Sakura no Ato (all quartets lead to the?),199,0.1827364554637282,11,0.2682926829268293
Full Color Program,Hakoniwa Rock Show,103,0.0945821854912764,11,0.2682926829268293
Bachigai Hummingbird,Tettoutetsubi Yonayona Drive,143,0.13131313131313133,10,0.24390243902439024
23:25,"kid, I like quartet",93,0.08539944903581267,10,0.24390243902439024
Chandelier Waltz,Tettoutetsubi Yonayona Drive,180,0.1652892561983471,10,0.24390243902439024
23:25,Tettoutetsubi Yonayona Drive,99,0.09090909090909091,10,0.24390243902439024
Bachigai Hummingbird,Sakura no Ato (all quartets lead to the?),214,0.19651056014692378,10,0.24390243902439024
Galileo no Showcase,"kid, I like quartet",95,0.08723599632690542,10,0.24390243902439024
Chandelier Waltz,Full Color Program,97,0.08907254361799816,10,0.24390243902439024
Full Color Program,Orion wo Nazoru,120,0.11019283746556474,10,0.24390243902439024
Galileo no Showcase,Master Volume,135,0.12396694214876033,10,0.24390243902439024
23:25,Galileo no Showcase,110,0.10101010101010101,10,0.24390243902439024
Chandelier Waltz,"kid, I like quartet",125,0.1147842056932966,10,0.24390243902439024
Full Color Program,Ride on Time,85,0.0780532598714417,9,0.21951219512195122
23:25,Chandelier Waltz,119,0.10927456382001836,9,0.21951219512195122
Chandelier Waltz,Sugar Song to Bitter Step,184,0.1689623507805326,9,0.21951219512195122
Counter Identity,Full Color Program,87,0.07988980716253444,9,0.21951219512195122
Galileo no Showcase,cody beats,99,0.09090909090909091,9,0.21951219512195122
Full Color Program,"kid, I like quartet",88,0.08080808080808081,9,0.21951219512195122
Full Color Program,Master Volume,131,0.12029384756657484,9,0.21951219512195122
Clover,Full Color Program,131,0.12029384756657484,9,0.21951219512195122
Hakoniwa Rock Show,Orion wo Nazoru,129,0.1184573002754821,9,0.21951219512195122
Tengoku to Jigoku,Tettoutetsubi Yonayona Drive,125,0.1147842056932966,9,0.21951219512195122
23:25,Karakuri Karukare,77,0.0707070707070707,9,0.21951219512195122
23:25,Sakura no Ato (all quartets lead to the?),90,0.08264462809917356,9,0.21951219512195122
23:25,Orion wo Nazoru,111,0.10192837465564739,9,0.21951219512195122
Hakoniwa Rock Show,cody beats,68,0.06244260789715335,9,0.21951219512195122
Sakura no Ato (all quartets lead to the?),Sugar Song to Bitter Step,229,0.21028466483011937,9,0.21951219512195122
Full Color Program,Sora no Tobikata,56,0.051423324150596875,9,0.21951219512195122
Orion wo Nazoru,Tettoutetsubi Yonayona Drive,132,0.12121212121212122,9,0.21951219512195122
Galileo no Showcase,Hakoniwa Rock Show,144,0.1322314049586777,9,0.21951219512195122
Bachigai Hummingbird,Hakoniwa Rock Show,130,0.11937557392102846,9,0.21951219512195122
Full Color Program,MR. Andy,182,0.16712580348943984,8,0.1951219512195122
Galileo no Showcase,MR. Andy,220,0.20202020202020202,8,0.1951219512195122
Galileo no Showcase,Orion wo Nazoru,108,0.09917355371900827,8,0.1951219512195122
Sugar Song to Bitter Step,Tengoku to Jigoku,176,0.16161616161616163,8,0.1951219512195122
Full Color Program,Sanpo Saki My Life,118,0.10835629017447199,8,0.1951219512195122
Chandelier Waltz,Sakura no Ato (all quartets lead to the?),172,0.15794306703397612,8,0.1951219512195122
Deirai Kyousou Gakudan,Full Color Program,104,0.09550045913682277,8,0.1951219512195122
Full Color Program,Karakuri Karukare,73,0.06703397612488522,8,0.1951219512195122
MR. Andy,Sora no Tobikata,42,0.03856749311294766,8,0.1951219512195122
Chandelier Waltz,Hakoniwa Rock Show,132,0.12121212121212122,8,0.1951219512195122
Kimi no Hitomi ni Koishi Tenai,Sakura no Ato (all quartets lead to the?),105,0.09641873278236915,8,0.1951219512195122
Linear Blue wo Kikinagara,Tettoutetsubi Yonayona Drive,89,0.08172635445362718,8,0.1951219512195122
Orion wo Nazoru,"kid, I like quartet",132,0.12121212121212122,8,0.1951219512195122
23:25,Master Volume,87,0.07988980716253444,8,0.1951219512195122
Bachigai Hummingbird,cody beats,85,0.0780532598714417,8,0.1951219512195122
23:25,cody beats,69,0.06336088154269973,8,0.1951219512195122
Counter Identity,cody beats,74,0.06795224977043159,8,0.1951219512195122
Bachigai Hummingbird,crazy birthday,108,0.09917355371900827,8,0.1951219512195122
Airabuniju,Full Color Program,46,0.04224058769513315,8,0.1951219512195122
Chandelier Waltz,Linear Blue wo Kikinagara,117,0.10743801652892562,8,0.1951219512195122
Galileo no Showcase,Ride on Time,85,0.0780532598714417,8,0.1951219512195122
23:25,MR. Andy,128,0.11753902662993572,8,0.1951219512195122
Master Volume,Sora no Tobikata,48,0.0440771349862259,8,0.1951219512195122
23:25,Scarsdale,97,0.08907254361799816,7,0.17073170731707318
23:25,Sora no Tobikata,43,0.03948576675849403,7,0.17073170731707318
Haru ga Kite Bokura,Sugar Song to Bitter Step,127,0.11662075298438934,7,0.17073170731707318
Bachigai Hummingbird,Clover,80,0.07346189164370982,7,0.17073170731707318
Full Color Program,Sentimental Period,129,0.1184573002754821,7,0.17073170731707318
Master Volume,"kid, I like quartet",54,0.049586776859504134,7,0.17073170731707318
MR. Andy,Master Volume,123,0.11294765840220386,7,0.17073170731707318
Orion wo Nazoru,cody beats,72,0.06611570247933884,7,0.17073170731707318
Galileo no Showcase,Karakuri Karukare,106,0.09733700642791551,7,0.17073170731707318
23:25,Toushindai no Chikyu,47,0.04315886134067952,7,0.17073170731707318
Atorakushon ga Hajimaru (they call it “NO.6”),Tettoutetsubi Yonayona Drive,80,0.07346189164370982,7,0.17073170731707318
Kimi no Hitomi ni Koishi Tenai,Sugar Song to Bitter Step,125,0.1147842056932966,7,0.17073170731707318
Atorakushon ga Hajimaru (they call it “NO.6”),Sakura no Ato (all quartets lead to the?),101,0.09274563820018365,7,0.17073170731707318
Counter Identity,"kid, I like quartet",56,0.051423324150596875,7,0.17073170731707318
Bachigai Hummingbird,Sugar Song to Bitter Step,177,0.162534435261708,7,0.17073170731707318
Bachigai Hummingbird,Counter Identity,77,0.0707070707070707,7,0.17073170731707318
Bachigai Hummingbird,Toushindai no Chikyu,87,0.07988980716253444,7,0.17073170731707318
Counter Identity,Hakoniwa Rock Show,45,0.04132231404958678,7,0.17073170731707318
Bachigai Hummingbird,to the CIDER ROAD,94,0.08631772268135904,7,0.17073170731707318
Ride on Time,cody beats,65,0.05968778696051423,7,0.17073170731707318
Bachigai Hummingbird,Linear Blue wo Kikinagara,102,0.09366391184573003,7,0.17073170731707318
Galileo no Showcase,Toushindai no Chikyu,77,0.0707070707070707,7,0.17073170731707318
Otonoba Chukan Shiken,Sugar Song to Bitter Step,141,0.12947658402203857,7,0.17073170731707318
23:25,Messenger From Zen Sekai,55,0.050505050505050504,7,0.17073170731707318
Counter Identity,Galileo no Showcase,88,0.08080808080808081,7,0.17073170731707318
Full Color Program,Toushindai no Chikyu,48,0.0440771349862259,7,0.17073170731707318
Sanpo Saki My Life,cody beats,65,0.05968778696051423,7,0.17073170731707318
MR. Andy,Sentimental Period,182,0.16712580348943984,7,0.17073170731707318
Galileo no Showcase,Sora no Tobikata,53,0.048668503213957756,7,0.17073170731707318
Sora no Tobikata,cody beats,47,0.04315886134067952,7,0.17073170731707318
Master Volume,cody beats,64,0.05876951331496786,7,0.17073170731707318
Invisible Sensation,Sugar Song to Bitter Step,139,0.12764003673094582,7,0.17073170731707318
23:25,Sanpo Saki My Life,55,0.050505050505050504,7,0.17073170731707318
MR. Andy,Sanpo Saki My Life,121,0.1111111111111111,7,0.17073170731707318
Tettoutetsubi Yonayona Drive,crazy birthday,73,0.06703397612488522,7,0.17073170731707318
Instrumental Jam,Sugar Song to Bitter Step,82,0.07529843893480258,7,0.17073170731707318
23:25,Tengoku to Jigoku,78,0.07162534435261708,7,0.17073170731707318
Linear Blue wo Kikinagara,Sakura no Ato (all quartets lead to the?),80,0.07346189164370982,7,0.17073170731707318
"10% roll, 10% romance",Sugar Song to Bitter Step,137,0.1258034894398531,7,0.17073170731707318
Chandelier Waltz,Tengoku to Jigoku,133,0.12213039485766758,7,0.17073170731707318
Hakoniwa Rock Show,Karakuri Karukare,79,0.07254361799816346,7,0.17073170731707318
Tettoutetsubi Yonayona Drive,harmonized finale,74,0.06795224977043159,7,0.17073170731707318
Full Color Program,Sakura no Ato (all quartets lead to the?),80,0.07346189164370982,7,0.17073170731707318
Clover,Galileo no Showcase,132,0.12121212121212122,7,0.17073170731707318
Linear Blue wo Kikinagara,"kid, I like quartet",88,0.08080808080808081,7,0.17073170731707318
Sugar Song to Bitter Step,kaleido proud fiesta,106,0.09733700642791551,7,0.17073170731707318
23:25,Linear Blue wo Kikinagara,61,0.05601469237832874,7,0.17073170731707318
Galileo no Showcase,Sentimental Period,201,0.18457300275482094,7,0.17073170731707318
Chandelier Waltz,cody beats,59,0.05417814508723599,7,0.17073170731707318
Sakura no Ato (all quartets lead to the?),Tengoku to Jigoku,172,0.15794306703397612,7,0.17073170731707318
Orion wo Nazoru,Tengoku to Jigoku,147,0.1349862258953168,7,0.17073170731707318
cody beats,"kid, I like quartet",67,0.06152433425160698,7,0.17073170731707318
Drum Solo,Sugar Song to Bitter Step,124,0.11386593204775022,7,0.17073170731707318
Hakoniwa Rock Show,Sanpo Saki My Life,70,0.0642791551882461,7,0.17073170731707318
23:25,Hakoniwa Rock Show,80,0.07346189164370982,7,0.17073170731707318
Full Color Program,Tettoutetsubi Yonayona Drive,53,0.048668503213957756,7,0.17073170731707318
Orion wo Nazoru,to the CIDER ROAD,94,0.08631772268135904,6,0.14634146341463414
Full Color Program,Light Flat,28,0.025711662075298437,6,0.14634146341463414
Counter Identity,Orion wo Nazoru,63,0.05785123966942149,6,0.14634146341463414
MR. Andy,cody beats,75,0.06887052341597796,6,0.14634146341463414
Sanpo Saki My Life,Sora no Tobikata,37,0.03397612488521579,6,0.14634146341463414
Orion wo Nazoru,Scarsdale,98,0.08999081726354453,6,0.14634146341463414
Galileo no Showcase,Sugar Song to Bitter Step,116,0.10651974288337925,6,0.14634146341463414
Full Color Program,Sugar Song to Bitter Step,85,0.0780532598714417,6,0.14634146341463414
Airabuniju,cody beats,43,0.03948576675849403,6,0.14634146341463414
Shoegazer Speaker,Tettoutetsubi Yonayona Drive,112,0.10284664830119375,6,0.14634146341463414
Chaos ga Kiwamaru,kaleido proud fiesta,94,0.08631772268135904,6,0.14634146341463414
Full Color Program,Snow Reverse,28,0.025711662075298437,6,0.14634146341463414
Orion wo Nazoru,harmonized finale,95,0.08723599632690542,6,0.14634146341463414
Master Volume,Toushindai no Chikyu,57,0.05234159779614325,6,0.14634146341463414
Atorakushon ga Hajimaru (they call it “NO.6”),Sugar Song to Bitter Step,84,0.07713498622589532,6,0.14634146341463414
Sakura no Ato (all quartets lead to the?),crazy birthday,99,0.09090909090909091,6,0.14634146341463414
Karakuri Karukare,cody beats,31,0.028466483011937556,6,0.14634146341463414
Master Volume,Ride on Time,56,0.051423324150596875,6,0.14634146341463414
Sugar Song to Bitter Step,fake town baby,130,0.11937557392102846,6,0.14634146341463414
Chandelier Waltz,to the CIDER ROAD,93,0.08539944903581267,6,0.14634146341463414
Chandelier Waltz,crazy birthday,82,0.07529843893480258,6,0.14634146341463414
Bachigai Hummingbird,Karakuri Karukare,52,0.047750229568411386,6,0.14634146341463414
Galileo no Showcase,Messenger From Zen Sekai,76,0.06978879706152434,6,0.14634146341463414
Counter Identity,Karakuri Karukare,15,0.013774104683195593,6,0.14634146341463414
Full Color Program,Messenger From Zen Sekai,68,0.06244260789715335,6,0.14634146341463414
Bachigai Hummingbird,Drum Solo,84,0.07713498622589532,6,0.14634146341463414
23:25,Sentimental Period,86,0.07897153351698806,6,0.14634146341463414
Chandelier Waltz,harmonized finale,87,0.07988980716253444,6,0.14634146341463414
Chandelier Waltz,Otonoba Chukan Shiken,110,0.10101010101010101,6,0.14634146341463414
Clover,Master Volume,79,0.07254361799816346,6,0.14634146341463414
Sentimental Period,cody beats,67,0.06152433425160698,6,0.14634146341463414
Sentimental Period,Sora no Tobikata,48,0.0440771349862259,6,0.14634146341463414
Orion wo Nazoru,Sugar Song to Bitter Step,163,0.14967860422405876,6,0.14634146341463414
Bachigai Hummingbird,Scarsdale,105,0.09641873278236915,6,0.14634146341463414
Bachigai Hummingbird,Master Volume,72,0.06611570247933884,6,0.14634146341463414
MR. Andy,"kid, I like quartet",84,0.07713498622589532,6,0.14634146341463414
Galileo no Showcase,Sanpo Saki My Life,114,0.1046831955922865,6,0.14634146341463414
Karakuri Karukare,Master Volume,76,0.06978879706152434,6,0.14634146341463414
Cheap Cheap Endroll,Sugar Song to Bitter Step,131,0.12029384756657484,6,0.14634146341463414
Tettoutetsubi Yonayona Drive,"kid, I like quartet",73,0.06703397612488522,6,0.14634146341463414
Full Color Program,Scarsdale,77,0.0707070707070707,6,0.14634146341463414
Haru ga Kite Bokura,Sakura no Ato (all quartets lead to the?),94,0.08631772268135904,6,0.14634146341463414
Hakoniwa Rock Show,Sentimental Period,80,0.07346189164370982,6,0.14634146341463414
23:25,Shupurehikouru ~Sekai ga Owaru Mae ni~,45,0.04132231404958678,6,0.14634146341463414
Bachigai Hummingbird,Deirai Kyousou Gakudan,55,0.050505050505050504,6,0.14634146341463414
23:25,Deirai Kyousou Gakudan,34,0.031221303948576674,6,0.14634146341463414
Linear Blue wo Kikinagara,Orion wo Nazoru,84,0.07713498622589532,5,0.12195121951219512
"10% roll, 10% romance",Sakura no Ato (all quartets lead to the?),80,0.07346189164370982,5,0.12195121951219512
Airabuniju,Karakuri Karukare,24,0.02203856749311295,5,0.12195121951219512
Galileo no Showcase,Tettoutetsubi Yonayona Drive,74,0.06795224977043159,5,0.12195121951219512
crazy birthday,to the CIDER ROAD,66,0.06060606060606061,5,0.12195121951219512
23:25,Airabuniju,36,0.03305785123966942,5,0.12195121951219512
Galileo no Showcase,Worldwide Supergirl,32,0.02938475665748393,5,0.12195121951219512
Hakoniwa Rock Show,Sora no Tobikata,40,0.03673094582185491,5,0.12195121951219512
Airabuniju,Master Volume,40,0.03673094582185491,5,0.12195121951219512
Karakuri Karukare,Sentimental Period,84,0.07713498622589532,5,0.12195121951219512
MR. Andy,Ride on Time,42,0.03856749311294766,5,0.12195121951219512
Cheap Cheap Endroll,Sakura no Ato (all quartets lead to the?),101,0.09274563820018365,5,0.12195121951219512
Linear Blue wo Kikinagara,Sugar Song to Bitter Step,76,0.06978879706152434,5,0.12195121951219512
Counter Identity,Sanpo Saki My Life,33,0.030303030303030304,5,0.12195121951219512
Bachigai Hummingbird,Protract Countdown,38,0.03489439853076217,5,0.12195121951219512
Hakoniwa Rock Show,WINDOW Akeru,56,0.051423324150596875,5,0.12195121951219512
Full Color Program,Shupurehikouru ~Sekai ga Owaru Mae ni~,42,0.03856749311294766,5,0.12195121951219512
Full Color Program,WINDOW Akeru,56,0.051423324150596875,5,0.12195121951219512
Karakuri Karukare,WINDOW Akeru,68,0.06244260789715335,5,0.12195121951219512
Karakuri Karukare,Ride on Time,38,0.03489439853076217,5,0.12195121951219512
Chandelier Waltz,Master Volume,53,0.048668503213957756,5,0.12195121951219512
Bachigai Hummingbird,like coffee no Omajinai,39,0.03581267217630854,5,0.12195121951219512
Orion wo Nazoru,crazy birthday,94,0.08631772268135904,5,0.12195121951219512
Seihitsu Kanbi Akigure Jojou,Sugar Song to Bitter Step,88,0.08080808080808081,5,0.12195121951219512
Hakoniwa Rock Show,to the CIDER ROAD,89,0.08172635445362718,5,0.12195121951219512
Tettoutetsubi Yonayona Drive,kaleido proud fiesta,49,0.04499540863177227,5,0.12195121951219512
Orion wo Nazoru,Worldwide Supergirl,71,0.06519742883379247,5,0.12195121951219512
Nani ka ga Kawari So,Tettoutetsubi Yonayona Drive,71,0.06519742883379247,5,0.12195121951219512
Galileo no Showcase,WINDOW Akeru,72,0.06611570247933884,5,0.12195121951219512
23:25,Protract Countdown,34,0.031221303948576674,5,0.12195121951219512
Hakoniwa Rock Show,Ride on Time,46,0.04224058769513315,5,0.12195121951219512
Scarsdale,"kid, I like quartet",64,0.05876951331496786,5,0.12195121951219512
Hakoniwa Rock Show,"kid, I like quartet",63,0.05785123966942149,5,0.12195121951219512
Ride on Time,Sentimental Period,45,0.04132231404958678,5,0.12195121951219512
Hikari Nodokeki Haru no Hi ni,Orion wo Nazoru,37,0.03397612488521579,5,0.12195121951219512
Sakura no Ato (all quartets lead to the?),fake town baby,73,0.06703397612488522,5,0.12195121951219512
Sanpo Saki My Life,Sentimental Period,93,0.08539944903581267,5,0.12195121951219512
Atorakushon ga Hajimaru (they call it “NO.6”),Kimi no Hitomi ni Koishi Tenai,41,0.03764921946740129,5,0.12195121951219512
Chandelier Waltz,like coffee no Omajinai,45,0.04132231404958678,5,0.12195121951219512
23:25,Clover,38,0.03489439853076217,5,0.12195121951219512
Otonoba Chukan Shiken,Tettoutetsubi Yonayona Drive,101,0.09274563820018365,5,0.12195121951219512
Bachigai Hummingbird,harmonized finale,81,0.0743801652892562,5,0.12195121951219512
Kimi no Moto e,"kid, I like quartet",63,0.05785123966942149,5,0.12195121951219512
Otonoba Chukan Shiken,Tengoku to Jigoku,100,0.09182736455463728,5,0.12195121951219512
Tengoku to Jigoku,harmonized finale,64,0.05876951331496786,5,0.12195121951219512
Bachigai Hummingbird,Sanpo Saki My Life,65,0.05968778696051423,5,0.12195121951219512
Master Volume,Sanpo Saki My Life,89,0.08172635445362718,5,0.12195121951219512
Sakura no Ato (all quartets lead to the?),"kid, I like quartet",51,0.046831955922865015,5,0.12195121951219512
Pandemic Sudden Death,Tettoutetsubi Yonayona Drive,120,0.11019283746556474,5,0.12195121951219512
Sanpo Saki My Life,"kid, I like quartet",57,0.05234159779614325,5,0.12195121951219512
Instrumental Jam,Invisible Sensation,48,0.0440771349862259,5,0.12195121951219512
Hakoniwa Rock Show,MR. Andy,59,0.05417814508723599,5,0.12195121951219512
Drum Solo,Tettoutetsubi Yonayona Drive,94,0.08631772268135904,5,0.12195121951219512
Scarsdale,cody beats,57,0.05234159779614325,5,0.12195121951219512
Chaos ga Kiwamaru,Sugar Song to Bitter Step,107,0.09825528007346189,5,0.12195121951219512
Protract Countdown,cody beats,37,0.03397612488521579,5,0.12195121951219512
Deirai Kyousou Gakudan,"kid, I like quartet",19,0.017447199265381085,5,0.12195121951219512
Deirai Kyousou Gakudan,Master Volume,56,0.051423324150596875,5,0.12195121951219512
Airabuniju,Deirai Kyousou Gakudan,32,0.02938475665748393,5,0.12195121951219512
Galileo no Showcase,Sakura no Ato (all quartets lead to the?),102,0.09366391184573003,5,0.12195121951219512
Bachigai Hummingbird,Kimi no Moto e,76,0.06978879706152434,5,0.12195121951219512
Clover,Deirai Kyousou Gakudan,90,0.08264462809917356,5,0.12195121951219512
Drum Solo,Galileo no Showcase,58,0.05325987144168962,5,0.12195121951219512
Clover,Scarsdale,29,0.02662993572084481,5,0.12195121951219512
Protract Countdown,"kid, I like quartet",33,0.030303030303030304,5,0.12195121951219512
Counter Identity,Sentimental Period,49,0.04499540863177227,5,0.12195121951219512
Sakura no Ato (all quartets lead to the?),harmonized finale,73,0.06703397612488522,5,0.12195121951219512
Orion wo Nazoru,Protract Countdown,46,0.04224058769513315,5,0.12195121951219512
Airabuniju,Galileo no Showcase,30,0.027548209366391185,5,0.12195121951219512
Karakuri Karukare,Sora no Tobikata,27,0.024793388429752067,5,0.12195121951219512
Linear Blue wo Kikinagara,Master Volume,40,0.03673094582185491,5,0.12195121951219512
Tettoutetsubi Yonayona Drive,Toushindai no Chikyu,66,0.06060606060606061,5,0.12195121951219512
Invisible Sensation,Tengoku to Jigoku,62,0.05693296602387511,5,0.12195121951219512
23:25,crazy birthday,53,0.048668503213957756,5,0.12195121951219512
Sakura no Ato (all quartets lead to the?),Sawarenai Uta,60,0.05509641873278237,5,0.12195121951219512
Snow Reverse,cody beats,26,0.023875114784205693,5,0.12195121951219512
Toushindai no Chikyu,"kid, I like quartet",17,0.015610651974288337,5,0.12195121951219512
Bachigai Hummingbird,Shupurehikouru ~Sekai ga Owaru Mae ni~,46,0.04224058769513315,5,0.12195121951219512
Counter Identity,Toushindai no Chikyu,11,0.010101010101010102,5,0.12195121951219512
Master Volume,over driver,11,0.010101010101010102,5,0.12195121951219512
Pandemic Sudden Death,Sugar Song to Bitter Step,130,0.11937557392102846,5,0.12195121951219512
Scarsdale,Sora no Tobikata,28,0.025711662075298437,5,0.12195121951219512
Karakuri Karukare,Toushindai no Chikyu,41,0.03764921946740129,5,0.12195121951219512
"10% roll, 10% romance",fake town baby,103,0.0945821854912764,5,0.12195121951219512
Counter Identity,MR. Andy,61,0.05601469237832874,5,0.12195121951219512
Bachigai Hummingbird,Sora no Tobikata,29,0.02662993572084481,5,0.12195121951219512
23:25,Atorakushon ga Hajimaru (they call it “NO.6”),35,0.03213957759412305,5,0.12195121951219512
Orion wo Nazoru,Shupurehikouru ~Sekai ga Owaru Mae ni~,40,0.03673094582185491,5,0.12195121951219512
Master Volume,Orion wo Nazoru,51,0.046831955922865015,5,0.12195121951219512
Full Color Program,Protract Countdown,47,0.04315886134067952,5,0.12195121951219512
23:25,WINDOW Akeru,59,0.05417814508723599,5,0.12195121951219512
Tettoutetsubi Yonayona Drive,fake town baby,48,0.0440771349862259,5,0.12195121951219512
Atorakushon ga Hajimaru (they call it “NO.6”),Bachigai Hummingbird,74,0.06795224977043159,5,0.12195121951219512
Silent Libre Mirage,Sugar Song to Bitter Step,76,0.06978879706152434,5,0.12195121951219512
Haru ga Kite Bokura,Invisible Sensation,92,0.0844811753902663,5,0.12195121951219512
Haru ga Kite Bokura,Kimi no Hitomi ni Koishi Tenai,83,0.07621671258034894,5,0.12195121951219512
Master Volume,Sentimental Period,120,0.11019283746556474,5,0.12195121951219512
Clover,MR. Andy,85,0.0780532598714417,5,0.12195121951219512
Counter Identity,Itsuka no Shounen,34,0.031221303948576674,5,0.12195121951219512
Gyakuten Sayonara,cody beats,16,0.014692378328741965,5,0.12195121951219512
Clover,Toushindai no Chikyu,57,0.05234159779614325,5,0.12195121951219512
Bachigai Hummingbird,Mikansei Daisy,28,0.025711662075298437,5,0.12195121951219512
23:25,Childhood Supernova,22,0.020202020202020204,5,0.12195121951219512
Full Color Program,Yoru ga Yureteiru,41,0.03764921946740129,5,0.12195121951219512
Invisible Sensation,Tettoutetsubi Yonayona Drive,49,0.04499540863177227,5,0.12195121951219512
Invisible Sensation,fake town baby,94,0.08631772268135904,5,0.12195121951219512
Full Color Program,Itsuka no Shounen,46,0.04224058769513315,5,0.12195121951219512
Full Color Program,Love Song wa Totsuzen ni? ~What is the name of that mystery??~,56,0.051423324150596875,5,0.12195121951219512
Linear Blue wo Kikinagara,crazy birthday,57,0.05234159779614325,5,0.12195121951219512
"Catch up, latency",Sakura no Ato (all quartets lead to the?),44,0.04040404040404041,5,0.12195121951219512
Chandelier Waltz,Love Song wa Totsuzen ni? ~What is the name of that mystery??~,57,0.05234159779614325,5,0.12195121951219512
Chandelier Waltz,Galileo no Showcase,70,0.0642791551882461,5,0.12195121951219512
Galileo no Showcase,Linear Blue wo Kikinagara,47,0.04315886134067952,5,0.12195121951219512
Bachigai Hummingbird,Tameiki shooting the MOON,45,0.04132231404958678,5,0.12195121951219512
Chandelier Waltz,Dareka ga Wasurete iru Kamoshirenai Bokura ni Daijina 001 no Koto,83,0.07621671258034894,5,0.12195121951219512
"Catch up, latency",Tettoutetsubi Yonayona Drive,34,0.031221303948576674,5,0.12195121951219512
Dareka ga Wasurete iru Kamoshirenai Bokura ni Daijina 001 no Koto,"kid, I like quartet",88,0.08080808080808081,5,0.12195121951219512
Galileo no Showcase,Itsuka no Shounen,68,0.06244260789715335,5,0.12195121951219512
Full Color Program,Gyakuten Sayonara,10,0.009182736455463728,5,0.12195121951219512
Boku wa Kimi ni Naritai,Love Song wa Totsuzen ni? ~What is the name of that mystery??~,49,0.04499540863177227,5,0.12195121951219512
Kimi no Hitomi ni Koishi Tenai,Tettoutetsubi Yonayona Drive,24,0.02203856749311295,5,0.12195121951219512
Counter Identity,Ride on Time,47,0.04315886134067952,5,0.12195121951219512
Boku wa Kimi ni Naritai,Sayonara Summer Time Machine,18,0.01652892561983471,4,0.0975609756097561
Invisible Sensation,Sakura no Ato (all quartets lead to the?),69,0.06336088154269973,4,0.0975609756097561
MR. Andy,Toushindai no Chikyu,54,0.049586776859504134,4,0.0975609756097561
"10% roll, 10% romance",Invisible Sensation,77,0.0707070707070707,4,0.0975609756097561
Dareka ga Wasurete iru Kamoshirenai Bokura ni Daijina 001 no Koto,Full Color Program,52,0.047750229568411386,4,0.0975609756097561
Tettoutetsubi Yonayona Drive,to the CIDER ROAD,46,0.04224058769513315,4,0.0975609756097561
Galileo no Showcase,Sawarenai Uta,48,0.0440771349862259,4,0.0975609756097561
Deirai Kyousou Gakudan,cody beats,26,0.023875114784205693,4,0.0975609756097561
Clover,cody beats,29,0.02662993572084481,4,0.0975609756097561
Drum Solo,Invisible Sensation,50,0.04591368227731864,4,0.0975609756097561
Chandelier Waltz,Sanpo Saki My Life,82,0.07529843893480258,4,0.0975609756097561
Galileo no Showcase,Light Flat,67,0.06152433425160698,4,0.0975609756097561
Karakuri Karukare,Tengoku to Jigoku,70,0.0642791551882461,4,0.0975609756097561
Light Flat,Master Volume,22,0.020202020202020204,4,0.0975609756097561
Light Flat,cody beats,6,0.005509641873278237,4,0.0975609756097561
Gyakuten Sayonara,Snow Reverse,35,0.03213957759412305,4,0.0975609756097561
Chandelier Waltz,Siren in the Spy,58,0.05325987144168962,4,0.0975609756097561
Airabuniju,Sanpo Saki My Life,20,0.018365472910927456,4,0.0975609756097561
Full Color Program,Serenade ga Tomaranai,52,0.047750229568411386,4,0.0975609756097561
Siren in the Spy,Tettoutetsubi Yonayona Drive,57,0.05234159779614325,4,0.0975609756097561
Clover,"kid, I like quartet",24,0.02203856749311295,4,0.0975609756097561
Light Flat,MR. Andy,41,0.03764921946740129,4,0.0975609756097561
Nani ka ga Kawari So,Sakura no Ato (all quartets lead to the?),69,0.06336088154269973,4,0.0975609756097561
Airabuniju,Clover,25,0.02295684113865932,4,0.0975609756097561
Clover,Sora no Tobikata,22,0.020202020202020204,4,0.0975609756097561
Invisible Sensation,crazy birthday,52,0.047750229568411386,4,0.0975609756097561
Clover,Light Flat,24,0.02203856749311295,4,0.0975609756097561
23:25,Gyakuten Sayonara,8,0.0073461891643709825,4,0.0975609756097561
Full Color Program,Worldwide Supergirl,38,0.03489439853076217,4,0.0975609756097561
23:25,Kimi no Moto e,54,0.049586776859504134,4,0.0975609756097561
Karakuri Karukare,crazy birthday,64,0.05876951331496786,4,0.0975609756097561
Chandelier Waltz,Pandemic Sudden Death,112,0.10284664830119375,4,0.0975609756097561
Ride on Time,Serenade ga Tomaranai,44,0.04040404040404041,4,0.0975609756097561
Sanpo Saki My Life,Scarsdale,37,0.03397612488521579,4,0.0975609756097561
23:25,Nani ka ga Kawari So,59,0.05417814508723599,4,0.0975609756097561
Galileo no Showcase,Seihitsu Kanbi Akigure Jojou,74,0.06795224977043159,4,0.0975609756097561
23:25,Dareka ga Wasurete iru Kamoshirenai Bokura ni Daijina 001 no Koto,47,0.04315886134067952,4,0.0975609756097561
Chandelier Waltz,Karakuri Karukare,49,0.04499540863177227,4,0.0975609756097561
Clover,Counter Identity,18,0.01652892561983471,4,0.0975609756097561
Messenger From Zen Sekai,Sakura no Ato (all quartets lead to the?),29,0.02662993572084481,4,0.0975609756097561
Own Civilization (nano‐mile met),Sugar Song to Bitter Step,77,0.0707070707070707,4,0.0975609756097561
Counter Identity,Master Volume,25,0.02295684113865932,4,0.0975609756097561
Chandelier Waltz,Kimi no Moto e,52,0.047750229568411386,4,0.0975609756097561
"kid, I like quartet",over driver,7,0.006427915518824609,4,0.0975609756097561
"10% roll, 10% romance",Tettoutetsubi Yonayona Drive,45,0.04132231404958678,4,0.0975609756097561
Galileo no Showcase,Scarsdale,48,0.0440771349862259,4,0.0975609756097561
Scarsdale,Toushindai no Chikyu,29,0.02662993572084481,4,0.0975609756097561
Ryusei no Squall,Sakura no Ato (all quartets lead to the?),64,0.05876951331496786,4,0.0975609756097561
23:25,Counter Identity,40,0.03673094582185491,4,0.0975609756097561
Counter Identity,Scarsdale,46,0.04224058769513315,4,0.0975609756097561
Deirai Kyousou Gakudan,Karakuri Karukare,49,0.04499540863177227,4,0.0975609756097561
23:25,Mekator Jikuu Tankentai,56,0.051423324150596875,4,0.0975609756097561
Deirai Kyousou Gakudan,Sanpo Saki My Life,55,0.050505050505050504,4,0.0975609756097561
Full Color Program,Sayonara Dai Kyu Wakusei,26,0.023875114784205693,4,0.0975609756097561
Bachigai Hummingbird,Cheap Cheap Endroll,102,0.09366391184573003,4,0.0975609756097561
Galileo no Showcase,Kimi no Moto e,47,0.04315886134067952,4,0.0975609756097561
Bachigai Hummingbird,Shoegazer Speaker,65,0.05968778696051423,4,0.0975609756097561
Orion wo Nazoru,Sanpo Saki My Life,60,0.05509641873278237,4,0.0975609756097561
Clover,Orion wo Nazoru,31,0.028466483011937556,4,0.0975609756097561
Deirai Kyousou Gakudan,Orion wo Nazoru,27,0.024793388429752067,4,0.0975609756097561
Orion wo Nazoru,Sora no Tobikata,25,0.02295684113865932,4,0.0975609756097561
Full Color Program,Tameiki shooting the MOON,34,0.031221303948576674,4,0.0975609756097561
Deirai Kyousou Gakudan,MR. Andy,61,0.05601469237832874,4,0.0975609756097561
Love Song wa Totsuzen ni? ~What is the name of that mystery??~,cody beats,30,0.027548209366391185,4,0.0975609756097561
Karakuri Karukare,Tettoutetsubi Yonayona Drive,43,0.03948576675849403,4,0.0975609756097561
Orchestra o Mi ni Ikou,Sugar Song to Bitter Step,70,0.0642791551882461,4,0.0975609756097561
Clover,Sanpo Saki My Life,69,0.06336088154269973,4,0.0975609756097561
Galileo no Showcase,Instrumental Jam,43,0.03948576675849403,4,0.0975609756097561
Sekai wa Fancy,Sugar Song to Bitter Step,78,0.07162534435261708,4,0.0975609756097561
Bachigai Hummingbird,CAPACITY Koeru,56,0.051423324150596875,4,0.0975609756097561
Master Volume,Scarsdale,54,0.049586776859504134,4,0.0975609756097561
Sawarenai Uta,Tettoutetsubi Yonayona Drive,52,0.047750229568411386,4,0.0975609756097561
"10% roll, 10% romance",Haru ga Kite Bokura,66,0.06060606060606061,4,0.0975609756097561
5-bu-go no Stardust,Sanpo Saki My Life,50,0.04591368227731864,4,0.0975609756097561
Coffee Cup Syndrome,Sentimental Period,25,0.02295684113865932,4,0.0975609756097561
Galileo no Showcase,Mizu to Ame ni Tsuite,119,0.10927456382001836,4,0.0975609756097561
Clover,Sentimental Period,67,0.06152433425160698,4,0.0975609756097561
5-bu-go no Stardust,Radial Night Chaser,70,0.0642791551882461,4,0.0975609756097561
Coffee Cup Syndrome,Master Volume,24,0.02203856749311295,4,0.0975609756097561
Gyakuten Sayonara,Hakoniwa Rock Show,7,0.006427915518824609,4,0.0975609756097561
Coffee Cup Syndrome,MR. Andy,25,0.02295684113865932,4,0.0975609756097561
Shoegazer Speaker,Sugar Song to Bitter Step,77,0.0707070707070707,4,0.0975609756097561
Clover,Tettoutetsubi Yonayona Drive,26,0.023875114784205693,4,0.0975609756097561
Pandemic Sudden Death,Tengoku to Jigoku,74,0.06795224977043159,4,0.0975609756097561
Sentimental Period,WINDOW Akeru,58,0.05325987144168962,4,0.0975609756097561
5-bu-go no Stardust,Chandelier Waltz,40,0.03673094582185491,4,0.0975609756097561
Haru ga Kite Bokura,fake town baby,68,0.06244260789715335,4,0.0975609756097561
"10% roll, 10% romance",Chandelier Waltz,66,0.06060606060606061,4,0.0975609756097561
Haru ga Kite Bokura,Tettoutetsubi Yonayona Drive,26,0.023875114784205693,4,0.0975609756097561
Boku wa Kimi ni Naritai,Chandelier Waltz,18,0.01652892561983471,4,0.0975609756097561
Hakoniwa Rock Show,Sakura no Ato (all quartets lead to the?),81,0.0743801652892562,4,0.0975609756097561
Boku wa Kimi ni Naritai,Full Color Program,32,0.02938475665748393,4,0.0975609756097561
Childhood Supernova,Full Color Program,25,0.02295684113865932,4,0.0975609756097561
5-bu-go no Stardust,Hakoniwa Rock Show,50,0.04591368227731864,4,0.0975609756097561
Boku wa Kimi ni Naritai,Signal ABC,45,0.04132231404958678,4,0.0975609756097561
Mekator Jikuu Tankentai,Tettoutetsubi Yonayona Drive,67,0.06152433425160698,4,0.0975609756097561
Signal ABC,Snow Reverse,48,0.0440771349862259,4,0.0975609756097561
Haru ga Kite Bokura,Orchestra o Mi ni Ikou,70,0.0642791551882461,4,0.0975609756097561
Tengoku to Jigoku,"kid, I like quartet",42,0.03856749311294766,4,0.0975609756097561
Nonfiction Compass,Sawarenai Uta,44,0.04040404040404041,4,0.0975609756097561
Sakura no Ato (all quartets lead to the?),Shoegazer Speaker,71,0.06519742883379247,4,0.0975609756097561
Kimi no Hitomi ni Koishi Tenai,kaleido proud fiesta,36,0.03305785123966942,4,0.0975609756097561
Coffee Cup Syndrome,Galileo no Showcase,53,0.048668503213957756,4,0.0975609756097561
Sakura no Ato (all quartets lead to the?),kaleido proud fiesta,46,0.04224058769513315,4,0.0975609756097561
"Catch up, latency",Invisible Sensation,38,0.03489439853076217,4,0.0975609756097561
MR. Andy,Orion wo Nazoru,80,0.07346189164370982,4,0.0975609756097561
Pandemic Sudden Death,Sakura no Ato (all quartets lead to the?),99,0.09090909090909091,4,0.0975609756097561
Sora no Tobikata,WINDOW Akeru,15,0.013774104683195593,4,0.0975609756097561
Love Song wa Totsuzen ni? ~What is the name of that mystery??~,Snow Reverse,39,0.03581267217630854,4,0.0975609756097561
Childhood Supernova,"kid, I like quartet",35,0.03213957759412305,4,0.0975609756097561
Sentimental Period,Toushindai no Chikyu,44,0.04040404040404041,4,0.0975609756097561
Deirai Kyousou Gakudan,Galileo no Showcase,100,0.09182736455463728,4,0.0975609756097561
Love Song wa Totsuzen ni? ~What is the name of that mystery??~,Signal ABC,45,0.04132231404958678,4,0.0975609756097561
Nonfiction Compass,Sangatsu Monogatari,37,0.03397612488521579,4,0.0975609756097561
Bachigai Hummingbird,MR. Andy,79,0.07254361799816346,4,0.0975609756097561
Bachigai Hummingbird,Tengoku to Jigoku,115,0.10560146923783287,4,0.0975609756097561
Galileo no Showcase,crazy birthday,47,0.04315886134067952,4,0.0975609756097561
Dizzy Trickster,Sugar Song to Bitter Step,71,0.06519742883379247,4,0.0975609756097561
Invisible Sensation,Orchestra o Mi ni Ikou,70,0.0642791551882461,4,0.0975609756097561
MR. Andy,Scarsdale,67,0.06152433425160698,4,0.0975609756097561
Sangatsu Monogatari,Sawarenai Uta,37,0.03397612488521579,4,0.0975609756097561
Sora no Tobikata,"kid, I like quartet",23,0.021120293847566574,4,0.0975609756097561
MR. Andy,WINDOW Akeru,52,0.047750229568411386,4,0.0975609756097561
Karakuri Karukare,MR. Andy,87,0.07988980716253444,4,0.0975609756097561
Sakura no Ato (all quartets lead to the?),to the CIDER ROAD,46,0.04224058769513315,4,0.0975609756097561
Master Volume,WINDOW Akeru,52,0.047750229568411386,4,0.0975609756097561
Deirai Kyousou Gakudan,Sentimental Period,55,0.050505050505050504,4,0.0975609756097561
Karakuri Karukare,Sanpo Saki My Life,53,0.048668503213957756,4,0.0975609756097561
Clover,Sugar Song to Bitter Step,58,0.05325987144168962,4,0.0975609756097561
Chandelier Waltz,Childhood Supernova,32,0.02938475665748393,4,0.0975609756097561
Shupurehikouru ~Sekai ga Owaru Mae ni~,"kid, I like quartet",41,0.03764921946740129,4,0.0975609756097561
Sugar Song to Bitter Step,harmonized finale,47,0.04315886134067952,4,0.0975609756097561
Clover,Fiction Freak Crisis,67,0.06152433425160698,4,0.0975609756097561
Linear Blue wo Kikinagara,MR. Andy,62,0.05693296602387511,4,0.0975609756097561
Bachigai Hummingbird,Sawarenai Uta,58,0.05325987144168962,4,0.0975609756097561
Airabuniju,Bachigai Hummingbird,32,0.02938475665748393,4,0.0975609756097561
Sugar Song to Bitter Step,"kid, I like quartet",67,0.06152433425160698,4,0.0975609756097561
Clover,Ride on Time,33,0.030303030303030304,4,0.0975609756097561
Hakoniwa Rock Show,Master Volume,42,0.03856749311294766,4,0.0975609756097561
Chandelier Waltz,Drum Solo,76,0.06978879706152434,4,0.0975609756097561
Yoru ga Yureteiru,cody beats,31,0.028466483011937556,4,0.0975609756097561
Full Color Program,crazy birthday,28,0.025711662075298437,4,0.0975609756097561
Airabuniju,Ride on Time,30,0.027548209366391185,4,0.0975609756097561
Bachigai Hummingbird,Kimi wa Tomodachi,73,0.06703397612488522,4,0.0975609756097561
Ride on Time,Sanpo Saki My Life,21,0.01928374655647383,4,0.0975609756097561
Bachigai Hummingbird,Dareka ga Wasurete iru Kamoshirenai Bokura ni Daijina 001 no Koto,65,0.05968778696051423,4,0.0975609756097561
23:25,meet the world time,38,0.03489439853076217,4,0.0975609756097561
"10% roll, 10% romance",Kimi no Hitomi ni Koishi Tenai,70,0.0642791551882461,4,0.0975609756097561
Instrumental Jam,fake town baby,24,0.02203856749311295,4,0.0975609756097561
Drum Solo,Instrumental Jam,46,0.04224058769513315,4,0.0975609756097561
Karakuri Karukare,"kid, I like quartet",11,0.010101010101010102,4,0.0975609756097561
Hikari Nodokeki Haru no Hi ni,"kid, I like quartet",29,0.02662993572084481,4,0.0975609756097561
crazy birthday,"kid, I like quartet",41,0.03764921946740129,4,0.0975609756097561
Ride on Time,"kid, I like quartet",33,0.030303030303030304,4,0.0975609756097561
Bachigai Hummingbird,Hikari Nodokeki Haru no Hi ni,31,0.028466483011937556,4,0.0975609756097561
Drum Solo,Sakura no Ato (all quartets lead to the?),79,0.07254361799816346,4,0.0975609756097561
Sugar Song to Bitter Step,Yoru ga Yureteiru,50,0.04591368227731864,4,0.0975609756097561
Bachigai Hummingbird,Childhood Supernova,33,0.030303030303030304,4,0.0975609756097561
Deirai Kyousou Gakudan,Ride on Time,15,0.013774104683195593,4,0.0975609756097561
Full Color Program,Linear Blue wo Kikinagara,53,0.048668503213957756,4,0.0975609756097561
Mikansei Daisy,"kid, I like quartet",26,0.023875114784205693,4,0.0975609756097561
Full Color Program,meet the world time,30,0.027548209366391185,4,0.0975609756097561
Master Volume,Snow Reverse,22,0.020202020202020204,4,0.0975609756097561
23:25,Mikansei Daisy,23,0.021120293847566574,4,0.0975609756097561
Messenger From Zen Sekai,meet the world time,47,0.04315886134067952,4,0.0975609756097561
Linear Blue wo Kikinagara,Toushindai no Chikyu,33,0.030303030303030304,4,0.0975609756097561
Counter Identity,Deirai Kyousou Gakudan,15,0.013774104683195593,4,0.0975609756097561
Chandelier Waltz,Toushindai no Chikyu,63,0.05785123966942149,4,0.0975609756097561
Airabuniju,Counter Identity,14,0.012855831037649219,4,0.0975609756097561
23:25,Sugar Song to Bitter Step,47,0.04315886134067952,4,0.0975609756097561
MR. Andy,Messenger From Zen Sekai,62,0.05693296602387511,4,0.0975609756097561
Full Color Program,to the CIDER ROAD,33,0.030303030303030304,4,0.0975609756097561
Chandelier Waltz,Nani ka ga Kawari So,68,0.06244260789715335,4,0.0975609756097561
Sakura no Ato (all quartets lead to the?),mix juice no Iutouri,108,0.09917355371900827,4,0.0975609756097561
Silent Libre Mirage,Tettoutetsubi Yonayona Drive,41,0.03764921946740129,4,0.0975609756097561
Hakoniwa Rock Show,Itsuka no Shounen,50,0.04591368227731864,4,0.0975609756097561
Ride on Time,Snow Reverse,20,0.018365472910927456,4,0.0975609756097561
Orion wo Nazoru,Ryusei no Squall,78,0.07162534435261708,4,0.0975609756097561
MIDNIGHT JUNGLE,Tettoutetsubi Yonayona Drive,39,0.03581267217630854,4,0.0975609756097561
Sakura no Ato (all quartets lead to the?),Seihitsu Kanbi Akigure Jojou,59,0.05417814508723599,4,0.0975609756097561
Tengoku to Jigoku,mix juice no Iutouri,73,0.06703397612488522,4,0.0975609756097561
Karakuri Karukare,Orion wo Nazoru,52,0.047750229568411386,4,0.0975609756097561
Full Color Program,Hikari Nodokeki Haru no Hi ni,40,0.03673094582185491,4,0.0975609756097561
5-bu-go no Stardust,Master Volume,17,0.015610651974288337,4,0.0975609756097561
Orion wo Nazoru,fake town baby,54,0.049586776859504134,4,0.0975609756097561
Dareka ga Wasurete iru Kamoshirenai Bokura ni Daijina 001 no Koto,Orion wo Nazoru,74,0.06795224977043159,4,0.0975609756097561
Linear Blue wo Kikinagara,like coffee no Omajinai,43,0.03948576675849403,4,0.0975609756097561
MIDNIGHT JUNGLE,Sakura no Ato (all quartets lead to the?),61,0.05601469237832874,4,0.0975609756097561
Mikansei Daisy,Orion wo Nazoru,37,0.03397612488521579,4,0.0975609756097561
Atorakushon ga Hajimaru (they call it “NO.6”),Tengoku to Jigoku,54,0.049586776859504134,4,0.0975609756097561
Kimi no Hitomi ni Koishi Tenai,Seihitsu Kanbi Akigure Jojou,56,0.051423324150596875,4,0.0975609756097561
MIDNIGHT JUNGLE,Sugar Song to Bitter Step,86,0.07897153351698806,4,0.0975609756097561
Seihitsu Kanbi Akigure Jojou,Tettoutetsubi Yonayona Drive,38,0.03489439853076217,4,0.0975609756097561
Chandelier Waltz,Counter Identity,29,0.02662993572084481,4,0.0975609756097561
Sugar Song to Bitter Step,crazy birthday,64,0.05876951331496786,4,0.0975609756097561
Haru ga Kite Bokura,Orion wo Nazoru,45,0.04132231404958678,4,0.0975609756097561
Kimi wa Tomodachi,like coffee no Omajinai,34,0.031221303948576674,4,0.0975609756097561
Atorakushon ga Hajimaru (they call it “NO.6”),Orion wo Nazoru,45,0.04132231404958678,4,0.0975609756097561
Itsuka no Shounen,Ride on Time,30,0.027548209366391185,4,0.0975609756097561
Orion wo Nazoru,Sawarenai Uta,60,0.05509641873278237,4,0.0975609756097561
Orion wo Nazoru,instant EGOIST,65,0.05968778696051423,4,0.0975609756097561
crazy birthday,like coffee no Omajinai,32,0.02938475665748393,4,0.0975609756097561
Snow Answer,"kid, I like quartet",15,0.013774104683195593,4,0.0975609756097561
"10% roll, 10% romance",Orion wo Nazoru,67,0.06152433425160698,4,0.0975609756097561
Counter Identity,Linear Blue wo Kikinagara,30,0.027548209366391185,4,0.0975609756097561
"kid, I like quartet",like coffee no Omajinai,36,0.03305785123966942,4,0.0975609756097561
Orion wo Nazoru,mix juice no Iutouri,58,0.05325987144168962,4,0.0975609756097561
Fiction Freak Crisis,Sugar Song to Bitter Step,74,0.06795224977043159,4,0.0975609756097561
Itsuka no Shounen,cody beats,31,0.028466483011937556,4,0.0975609756097561
Counter Identity,Light Flat,10,0.009182736455463728,4,0.0975609756097561
Hakoniwa Rock Show,crazy birthday,64,0.05876951331496786,4,0.0975609756097561
Bachigai Hummingbird,Worldwide Supergirl,75,0.06887052341597796,4,0.0975609756097561
Atorakushon ga Hajimaru (they call it “NO.6”),Linear Blue wo Kikinagara,34,0.031221303948576674,4,0.0975609756097561
Tameiki shooting the MOON,crazy birthday,39,0.03581267217630854,4,0.0975609756097561
Coffee Cup Syndrome,Full Color Program,20,0.018365472910927456,4,0.0975609756097561
"Catch up, latency",Sugar Song to Bitter Step,49,0.04499540863177227,4,0.0975609756097561
Master Volume,Tettoutetsubi Yonayona Drive,19,0.017447199265381085,4,0.0975609756097561
Drum Solo,MIDNIGHT JUNGLE,60,0.05509641873278237,4,0.0975609756097561
Shoegazer Speaker,Tengoku to Jigoku,73,0.06703397612488522,4,0.0975609756097561
MR. Andy,Snow Reverse,24,0.02203856749311295,4,0.0975609756097561
Sakura no Ato (all quartets lead to the?),instant EGOIST,74,0.06795224977043159,4,0.0975609756097561
"Catch up, latency",fake town baby,41,0.03764921946740129,4,0.0975609756097561
23:25,Ride on Time,54,0.049586776859504134,4,0.0975609756097561
Sawarenai Uta,"kid, I like quartet",54,0.049586776859504134,4,0.0975609756097561
Bachigai Hummingbird,Messenger From Zen Sekai,37,0.03397612488521579,4,0.0975609756097561
Sentimental Period,Snow Reverse,26,0.023875114784205693,4,0.0975609756097561
Instrumental Jam,MIDNIGHT JUNGLE,45,0.04132231404958678,4,0.0975609756097561
Otonoba Chukan Shiken,Pandemic Sudden Death,96,0.0881542699724518,4,0.0975609756097561
Master Volume,Messenger From Zen Sekai,52,0.047750229568411386,4,0.0975609756097561
Sekai wa Fancy,kaleido proud fiesta,57,0.05234159779614325,4,0.0975609756097561
23:25,harmonized finale,52,0.047750229568411386,4,0.0975609756097561
Ride on Time,Sora no Tobikata,20,0.018365472910927456,4,0.0975609756097561
Worldwide Supergirl,"kid, I like quartet",48,0.0440771349862259,4,0.0975609756097561
Chandelier Waltz,Shoegazer Speaker,91,0.08356290174471992,4,0.0975609756097561
Galileo no Showcase,Snow Reverse,38,0.03489439853076217,4,0.0975609756097561
Deirai Kyousou Gakudan,Sakura no Ato (all quartets lead to the?),48,0.0440771349862259,4,0.0975609756097561
Atorakushon ga Hajimaru (they call it “NO.6”),"Catch up, latency",26,0.023875114784205693,4,0.0975609756097561
"10% roll, 10% romance",kaleido proud fiesta,59,0.05417814508723599,4,0.0975609756097561
Ryusei no Squall,Sawarenai Uta,65,0.05968778696051423,4,0.0975609756097561
Airabuniju,Sentimental Period,25,0.02295684113865932,4,0.0975609756097561
Messenger From Zen Sekai,Sentimental Period,51,0.046831955922865015,4,0.0975609756097561
Mikazuki no Yoru no Mannaka,Sawarenai Uta,49,0.04499540863177227,3,0.07317073170731707
Coffee Cup Syndrome,Hakoniwa Rock Show,41,0.03764921946740129,3,0.07317073170731707
Sekai wa Fancy,Tengoku to Jigoku,52,0.047750229568411386,3,0.07317073170731707
Cheap Cheap Endroll,Tettoutetsubi Yonayona Drive,52,0.047750229568411386,3,0.07317073170731707
Tengoku to Jigoku,to the CIDER ROAD,40,0.03673094582185491,3,0.07317073170731707
Dareka ga Wasurete iru Kamoshirenai Bokura ni Daijina 001 no Koto,Galileo no Showcase,34,0.031221303948576674,3,0.07317073170731707
5-bu-go no Stardust,Sawarenai Uta,32,0.02938475665748393,3,0.07317073170731707
Pistol Galaxy,Seku x Kara x Shisonzuuru,43,0.03948576675849403,3,0.07317073170731707
Boku wa Kimi ni Naritai,Sawarenai Uta,33,0.030303030303030304,3,0.07317073170731707
Aerial Alien,Tettoutetsubi Yonayona Drive,53,0.048668503213957756,3,0.07317073170731707
Serenade ga Tomaranai,Tettoutetsubi Yonayona Drive,35,0.03213957759412305,3,0.07317073170731707
Childhood Supernova,Galileo no Showcase,46,0.04224058769513315,3,0.07317073170731707
Clover,Karakuri Karukare,54,0.049586776859504134,3,0.07317073170731707
"I wanna believe, Yoru o Iku",Snow Reverse,42,0.03856749311294766,3,0.07317073170731707
Kimi wa Tomodachi,Serenade ga Tomaranai,42,0.03856749311294766,3,0.07317073170731707
Otonoba Chukan Shiken,"kid, I like quartet",44,0.04040404040404041,3,0.07317073170731707
RUNNERS HIGH REPRISE,Tettoutetsubi Yonayona Drive,26,0.023875114784205693,3,0.07317073170731707
"I wanna believe, Yoru o Iku",Micro Paradiso!,42,0.03856749311294766,3,0.07317073170731707
Bachigai Hummingbird,Coffee Cup Syndrome,28,0.025711662075298437,3,0.07317073170731707
Kimi no Moto e,Scarsdale,58,0.05325987144168962,3,0.07317073170731707
Coffee Cup Syndrome,cody beats,19,0.017447199265381085,3,0.07317073170731707
Childhood Supernova,Hakoniwa Rock Show,42,0.03856749311294766,3,0.07317073170731707
Hakoniwa Rock Show,Tettoutetsubi Yonayona Drive,64,0.05876951331496786,3,0.07317073170731707
Sawarenai Uta,Sugar Song to Bitter Step,43,0.03948576675849403,3,0.07317073170731707
Friday Novels,Tengoku to Jigoku,61,0.05601469237832874,3,0.07317073170731707
Kimi no Moto e,Sawarenai Uta,44,0.04040404040404041,3,0.07317073170731707
Anti-Trendy Club,Millennium Happy Chainsaw Edge,42,0.03856749311294766,3,0.07317073170731707
Silent Libre Mirage,Tengoku to Jigoku,24,0.02203856749311295,3,0.07317073170731707
Deirai Kyousou Gakudan,Toushindai no Chikyu,40,0.03673094582185491,3,0.07317073170731707
5-bu-go no Stardust,Gyakuten Sayonara,34,0.031221303948576674,3,0.07317073170731707
Bachigai Hummingbird,Pandemic Sudden Death,79,0.07254361799816346,3,0.07317073170731707
Sakura no Ato (all quartets lead to the?),Shupurehikouru ~Sekai ga Owaru Mae ni~,23,0.021120293847566574,3,0.07317073170731707
Full Color Program,Tengoku to Jigoku,24,0.02203856749311295,3,0.07317073170731707
Hakoniwa Rock Show,Nagareboshi wo Uchi Otose,50,0.04591368227731864,3,0.07317073170731707
Chandelier Waltz,Nagareboshi wo Uchi Otose,52,0.047750229568411386,3,0.07317073170731707
Full Color Program,Kimi wa Tomodachi,43,0.03948576675849403,3,0.07317073170731707
Nagareboshi wo Uchi Otose,Sakura no Ato (all quartets lead to the?),60,0.05509641873278237,3,0.07317073170731707
Kimi no Moto e,Tettoutetsubi Yonayona Drive,28,0.025711662075298437,3,0.07317073170731707
Sawarenai Uta,over driver,32,0.02938475665748393,3,0.07317073170731707
Millennium Happy Chainsaw Edge,kaleido proud fiesta,48,0.0440771349862259,3,0.07317073170731707
Master Volume,Snow Answer,3,0.0027548209366391185,3,0.07317073170731707
Aerial Alien,Atorakushon ga Hajimaru (they call it “NO.6”),51,0.046831955922865015,3,0.07317073170731707
Drum Solo,Tengoku to Jigoku,40,0.03673094582185491,3,0.07317073170731707
Hakoniwa Rock Show,Tengoku to Jigoku,66,0.06060606060606061,3,0.07317073170731707
Sawarenai Uta,Snow Reverse,32,0.02938475665748393,3,0.07317073170731707
Protract Countdown,Worldwide Supergirl,19,0.017447199265381085,3,0.07317073170731707
Aerial Alien,Bachigai Hummingbird,51,0.046831955922865015,3,0.07317073170731707
Tengoku to Jigoku,crazy birthday,75,0.06887052341597796,3,0.07317073170731707
Hakoniwa Rock Show,Shoegazer Speaker,62,0.05693296602387511,3,0.07317073170731707
Master Volume,Mizu to Ame ni Tsuite,34,0.031221303948576674,3,0.07317073170731707
Orion wo Nazoru,WINDOW Akeru,59,0.05417814508723599,3,0.07317073170731707
instant EGOIST,to the CIDER ROAD,42,0.03856749311294766,3,0.07317073170731707
Nani ka ga Kawari So,Orion wo Nazoru,51,0.046831955922865015,3,0.07317073170731707
Aerial Alien,Sugar Song to Bitter Step,56,0.051423324150596875,3,0.07317073170731707
Mekator Jikuu Tankentai,Tengoku to Jigoku,47,0.04315886134067952,3,0.07317073170731707
Chaos ga Kiwamaru,Millennium Happy Chainsaw Edge,50,0.04591368227731864,3,0.07317073170731707
Bachigai Hummingbird,Snow Answer,4,0.0036730945821854912,3,0.07317073170731707
Mikazuki no Yoru no Mannaka,Snow Reverse,33,0.030303030303030304,3,0.07317073170731707
Mikazuki no Yoru no Mannaka,over driver,33,0.030303030303030304,3,0.07317073170731707
23:25,to the CIDER ROAD,40,0.03673094582185491,3,0.07317073170731707
Dareka ga Wasurete iru Kamoshirenai Bokura ni Daijina 001 no Koto,Tettoutetsubi Yonayona Drive,67,0.06152433425160698,3,0.07317073170731707
Full Color Program,harmonized finale,25,0.02295684113865932,3,0.07317073170731707
Hakoniwa Rock Show,"Yuunagi, Ensemble",52,0.047750229568411386,3,0.07317073170731707
Boku wa Kimi ni Naritai,Seku x Kara x Shisonzuuru,43,0.03948576675849403,3,0.07317073170731707
Pistol Galaxy,Sawarenai Uta,42,0.03856749311294766,3,0.07317073170731707
Galileo no Showcase,"Yuunagi, Ensemble",63,0.05785123966942149,3,0.07317073170731707
Anti-Trendy Club,kaleido proud fiesta,43,0.03948576675849403,3,0.07317073170731707
Tettoutetsubi Yonayona Drive,WINDOW Akeru,60,0.05509641873278237,3,0.07317073170731707
Hakoniwa Rock Show,Light Flat,38,0.03489439853076217,3,0.07317073170731707
Mikansei Daisy,Sakura no Ato (all quartets lead to the?),14,0.012855831037649219,3,0.07317073170731707
Airabuniju,MR. Andy,28,0.025711662075298437,3,0.07317073170731707
Orion wo Nazoru,Tasogare in the Spy,63,0.05785123966942149,3,0.07317073170731707
Galileo no Showcase,Mikansei Daisy,20,0.018365472910927456,3,0.07317073170731707
5-bu-go no Stardust,Mikazuki no Yoru no Mannaka,32,0.02938475665748393,3,0.07317073170731707
Sekai wa Fancy,harmonized finale,48,0.0440771349862259,3,0.07317073170731707
Anti-Trendy Club,Chaos ga Kiwamaru,57,0.05234159779614325,3,0.07317073170731707
Sawarenai Uta,Seku x Kara x Shisonzuuru,42,0.03856749311294766,3,0.07317073170731707
Karakuri Karukare,meet the world time,17,0.015610651974288337,3,0.07317073170731707
Space Shuttle Lullaby,kaleido proud fiesta,56,0.051423324150596875,3,0.07317073170731707
cody beats,meet the world time,28,0.025711662075298437,3,0.07317073170731707
Drum Solo,Orion wo Nazoru,33,0.030303030303030304,3,0.07317073170731707
Natsukage Tail Light,Sekai wa Fancy,60,0.05509641873278237,3,0.07317073170731707
Airabuniju,meet the world time,20,0.018365472910927456,3,0.07317073170731707
Gyakuten Sayonara,Mikazuki no Yoru no Mannaka,32,0.02938475665748393,3,0.07317073170731707
23:25,Coffee Cup Syndrome,19,0.017447199265381085,3,0.07317073170731707
Gyakuten Sayonara,Sawarenai Uta,32,0.02938475665748393,3,0.07317073170731707
Houkago Marriage,kaleido proud fiesta,40,0.03673094582185491,3,0.07317073170731707
Sentimental Period,"kid, I like quartet",50,0.04591368227731864,3,0.07317073170731707
Instrumental Jam,Tettoutetsubi Yonayona Drive,32,0.02938475665748393,3,0.07317073170731707
Chaos ga Kiwamaru,Tettoutetsubi Yonayona Drive,50,0.04591368227731864,3,0.07317073170731707
Chaos ga Kiwamaru,Houkago Marriage,40,0.03673094582185491,3,0.07317073170731707
Micro Paradiso!,Snow Reverse,44,0.04040404040404041,3,0.07317073170731707
Childhood Supernova,Kimi no Moto e,28,0.025711662075298437,3,0.07317073170731707
Haru ga Kite Bokura,Hatch I need,39,0.03581267217630854,3,0.07317073170731707
Drum Solo,Shoegazer Speaker,44,0.04040404040404041,3,0.07317073170731707
Nihil Pip Viper,Sugar Song to Bitter Step,55,0.050505050505050504,3,0.07317073170731707
Phantom Joke,Tettoutetsubi Yonayona Drive,56,0.051423324150596875,3,0.07317073170731707
5-bu-go no Stardust,over driver,34,0.031221303948576674,3,0.07317073170731707
Shoegazer Speaker,Tasogare in the Spy,62,0.05693296602387511,3,0.07317073170731707
Chaos ga Kiwamaru,Sekai wa Fancy,45,0.04132231404958678,3,0.07317073170731707
Karakuri Karukare,Scarsdale,8,0.0073461891643709825,3,0.07317073170731707
23:25,Invisible Sensation,33,0.030303030303030304,3,0.07317073170731707
Boku wa Kimi ni Naritai,Snow Reverse,38,0.03489439853076217,3,0.07317073170731707
Tasogare in the Spy,Tettoutetsubi Yonayona Drive,62,0.05693296602387511,3,0.07317073170731707
Bachigai Hummingbird,Tasogare in the Spy,63,0.05785123966942149,3,0.07317073170731707
Shoegazer Speaker,WINDOW Akeru,60,0.05509641873278237,3,0.07317073170731707
Chandelier Waltz,Tasogare in the Spy,63,0.05785123966942149,3,0.07317073170731707
Pandemic Sudden Death,"kid, I like quartet",52,0.047750229568411386,3,0.07317073170731707
Hakoniwa Rock Show,Tasogare in the Spy,63,0.05785123966942149,3,0.07317073170731707
5-bu-go no Stardust,Snow Reverse,38,0.03489439853076217,3,0.07317073170731707
Chaos ga Kiwamaru,Space Shuttle Lullaby,57,0.05234159779614325,3,0.07317073170731707
Sentimental Period,meet the world time,27,0.024793388429752067,3,0.07317073170731707
harmonized finale,to the CIDER ROAD,63,0.05785123966942149,3,0.07317073170731707
Karakuri Karukare,Messenger From Zen Sekai,26,0.023875114784205693,3,0.07317073170731707
Messenger From Zen Sekai,cody beats,38,0.03489439853076217,3,0.07317073170731707
Orion wo Nazoru,Shoegazer Speaker,70,0.0642791551882461,3,0.07317073170731707
Mikansei Daisy,Tettoutetsubi Yonayona Drive,9,0.008264462809917356,3,0.07317073170731707
Messenger From Zen Sekai,Sanpo Saki My Life,24,0.02203856749311295,3,0.07317073170731707
Linear Blue wo Kikinagara,Mikansei Daisy,5,0.004591368227731864,3,0.07317073170731707
Phantom Joke,Sugar Song to Bitter Step,77,0.0707070707070707,3,0.07317073170731707
Nihil Pip Viper,Phantom Joke,55,0.050505050505050504,3,0.07317073170731707
Deirai Kyousou Gakudan,Messenger From Zen Sekai,17,0.015610651974288337,3,0.07317073170731707
Galileo no Showcase,Shoegazer Speaker,48,0.0440771349862259,3,0.07317073170731707
Boku wa Kimi ni Naritai,Mikazuki no Yoru no Mannaka,33,0.030303030303030304,3,0.07317073170731707
Houkago Marriage,Sugar Song to Bitter Step,40,0.03673094582185491,3,0.07317073170731707
Kimi wa Tomodachi,Ride on Time,42,0.03856749311294766,3,0.07317073170731707
Pistol Galaxy,Sangatsu Monogatari,36,0.03305785123966942,3,0.07317073170731707
Itsuka no Shounen,Master Volume,20,0.018365472910927456,3,0.07317073170731707
Chandelier Waltz,Kimi wa Tomodachi,72,0.06611570247933884,3,0.07317073170731707
Linear Blue wo Kikinagara,Sawarenai Uta,36,0.03305785123966942,3,0.07317073170731707
Linear Blue wo Kikinagara,fake town baby,36,0.03305785123966942,3,0.07317073170731707
Linear Blue wo Kikinagara,Ryusei no Squall,48,0.0440771349862259,3,0.07317073170731707
crazy birthday,harmonized finale,53,0.048668503213957756,3,0.07317073170731707
Drum Solo,Otonoba Chukan Shiken,60,0.05509641873278237,3,0.07317073170731707
Linear Blue wo Kikinagara,harmonized finale,23,0.021120293847566574,3,0.07317073170731707
Master Volume,Worldwide Supergirl,32,0.02938475665748393,3,0.07317073170731707
Tettoutetsubi Yonayona Drive,Worldwide Supergirl,15,0.013774104683195593,3,0.07317073170731707
Sawarenai Uta,Worldwide Supergirl,29,0.02662993572084481,3,0.07317073170731707
"10% roll, 10% romance",Linear Blue wo Kikinagara,37,0.03397612488521579,3,0.07317073170731707
Galileo no Showcase,Hikari Nodokeki Haru no Hi ni,27,0.024793388429752067,3,0.07317073170731707
Chandelier Waltz,Worldwide Supergirl,58,0.05325987144168962,3,0.07317073170731707
23:25,Worldwide Supergirl,48,0.0440771349862259,3,0.07317073170731707
Shupurehikouru ~Sekai ga Owaru Mae ni~,Worldwide Supergirl,30,0.027548209366391185,3,0.07317073170731707
Kimi wa Tomodachi,Linear Blue wo Kikinagara,44,0.04040404040404041,3,0.07317073170731707
Linear Blue wo Kikinagara,Pandemic Sudden Death,47,0.04315886134067952,3,0.07317073170731707
Linear Blue wo Kikinagara,Miss. Sandy,48,0.0440771349862259,3,0.07317073170731707
Drum Solo,Linear Blue wo Kikinagara,41,0.03764921946740129,3,0.07317073170731707
23:25,BUSTER DICE MISERY,43,0.03948576675849403,3,0.07317073170731707
23:25,mix juice no Iutouri,44,0.04040404040404041,3,0.07317073170731707
23:25,Pandemic Sudden Death,34,0.031221303948576674,3,0.07317073170731707
23:25,Drum Solo,33,0.030303030303030304,3,0.07317073170731707
Full Color Program,like coffee no Omajinai,33,0.030303030303030304,3,0.07317073170731707
Galileo no Showcase,like coffee no Omajinai,29,0.02662993572084481,3,0.07317073170731707
Messenger From Zen Sekai,Shupurehikouru ~Sekai ga Owaru Mae ni~,24,0.02203856749311295,3,0.07317073170731707
23:25,Sawarenai Uta,31,0.028466483011937556,3,0.07317073170731707
Orion wo Nazoru,Toushindai no Chikyu,38,0.03489439853076217,3,0.07317073170731707
Galileo no Showcase,over driver,8,0.0073461891643709825,3,0.07317073170731707
Aerial Alien,"Majority Report (darling, I love you)",51,0.046831955922865015,3,0.07317073170731707
Sora no Tobikata,Toushindai no Chikyu,11,0.010101010101010102,3,0.07317073170731707
Bachigai Hummingbird,over driver,8,0.0073461891643709825,3,0.07317073170731707
Clover,Hakoniwa Rock Show,26,0.023875114784205693,3,0.07317073170731707
23:25,"Majority Report (darling, I love you)",24,0.02203856749311295,3,0.07317073170731707
Counter Identity,Sora no Tobikata,19,0.017447199265381085,3,0.07317073170731707
Bachigai Hummingbird,"Majority Report (darling, I love you)",51,0.046831955922865015,3,0.07317073170731707
Toushindai no Chikyu,cody beats,16,0.014692378328741965,3,0.07317073170731707
Chandelier Waltz,WINDOW Akeru,58,0.05325987144168962,3,0.07317073170731707
Orion wo Nazoru,over driver,7,0.006427915518824609,3,0.07317073170731707
Chandelier Waltz,Sawarenai Uta,55,0.050505050505050504,3,0.07317073170731707
Atorakushon ga Hajimaru (they call it “NO.6”),"Majority Report (darling, I love you)",52,0.047750229568411386,3,0.07317073170731707
Mizu to Ame ni Tsuite,Snow Reverse,18,0.01652892561983471,3,0.07317073170731707
"Majority Report (darling, I love you)",Sugar Song to Bitter Step,58,0.05325987144168962,3,0.07317073170731707
Orion wo Nazoru,Snow Reverse,15,0.013774104683195593,3,0.07317073170731707
Hikari Nodokeki Haru no Hi ni,Tameiki shooting the MOON,33,0.030303030303030304,3,0.07317073170731707
Ryusei no Squall,"kid, I like quartet",58,0.05325987144168962,3,0.07317073170731707
Messenger From Zen Sekai,Toushindai no Chikyu,20,0.018365472910927456,3,0.07317073170731707
Messenger From Zen Sekai,Tettoutetsubi Yonayona Drive,18,0.01652892561983471,3,0.07317073170731707
Messenger From Zen Sekai,"kid, I like quartet",23,0.021120293847566574,3,0.07317073170731707
Chandelier Waltz,Ryusei no Squall,60,0.05509641873278237,3,0.07317073170731707
Chandelier Waltz,Cheap Cheap Endroll,87,0.07988980716253444,3,0.07317073170731707
Atorakushon ga Hajimaru (they call it “NO.6”),Chandelier Waltz,57,0.05234159779614325,3,0.07317073170731707
"I wanna believe, Yoru o Iku",Signal ABC,42,0.03856749311294766,3,0.07317073170731707
Chandelier Waltz,Miss. Sandy,80,0.07346189164370982,3,0.07317073170731707
Chaos ga Kiwamaru,Kimi no Hitomi ni Koishi Tenai,35,0.03213957759412305,3,0.07317073170731707
Cross Heart 1 Gousen (Advantage In a Long Time),"kid, I like quartet",49,0.04499540863177227,3,0.07317073170731707
Chandelier Waltz,Hikari Nodokeki Haru no Hi ni,27,0.024793388429752067,3,0.07317073170731707
Bachigai Hummingbird,Itsuka no Shounen,28,0.025711662075298437,3,0.07317073170731707
Chandelier Waltz,Cross Heart 1 Gousen (Advantage In a Long Time),52,0.047750229568411386,3,0.07317073170731707
Miss. Sandy,like coffee no Omajinai,33,0.030303030303030304,3,0.07317073170731707
Itsuka no Shounen,"kid, I like quartet",28,0.025711662075298437,3,0.07317073170731707
like coffee no Omajinai,to the CIDER ROAD,29,0.02662993572084481,3,0.07317073170731707
Counter Identity,like coffee no Omajinai,26,0.023875114784205693,3,0.07317073170731707
Counter Identity,to the CIDER ROAD,26,0.023875114784205693,3,0.07317073170731707
Counter Identity,crazy birthday,28,0.025711662075298437,3,0.07317073170731707
"Catch up, latency",Orion wo Nazoru,25,0.02295684113865932,3,0.07317073170731707
Orion wo Nazoru,kaleido proud fiesta,53,0.048668503213957756,3,0.07317073170731707
Linear Blue wo Kikinagara,Serenade ga Tomaranai,42,0.03856749311294766,3,0.07317073170731707
Hakoniwa Rock Show,Linear Blue wo Kikinagara,29,0.02662993572084481,3,0.07317073170731707
Serenade ga Tomaranai,cody beats,30,0.027548209366391185,3,0.07317073170731707
Serenade ga Tomaranai,"kid, I like quartet",30,0.027548209366391185,3,0.07317073170731707
Haru ga Kite Bokura,kaleido proud fiesta,38,0.03489439853076217,3,0.07317073170731707
Chandelier Waltz,Serenade ga Tomaranai,36,0.03305785123966942,3,0.07317073170731707
Hikari Nodokeki Haru no Hi ni,Linear Blue wo Kikinagara,28,0.025711662075298437,3,0.07317073170731707
Linear Blue wo Kikinagara,cody beats,29,0.02662993572084481,3,0.07317073170731707
Linear Blue wo Kikinagara,Ride on Time,29,0.02662993572084481,3,0.07317073170731707
Linear Blue wo Kikinagara,to the CIDER ROAD,29,0.02662993572084481,3,0.07317073170731707
Invisible Sensation,Linear Blue wo Kikinagara,37,0.03397612488521579,3,0.07317073170731707
"10% roll, 10% romance",Chaos ga Kiwamaru,33,0.030303030303030304,3,0.07317073170731707
"kid, I like quartet",to the CIDER ROAD,30,0.027548209366391185,3,0.07317073170731707
Bachigai Hummingbird,Miss. Sandy,75,0.06887052341597796,3,0.07317073170731707
Nonfiction Compass,Tettoutetsubi Yonayona Drive,37,0.03397612488521579,3,0.07317073170731707
23:25,Nonfiction Compass,24,0.02203856749311295,3,0.07317073170731707
Linear Blue wo Kikinagara,Nonfiction Compass,31,0.028466483011937556,3,0.07317073170731707
Galileo no Showcase,Ryusei no Squall,38,0.03489439853076217,3,0.07317073170731707
Another World,MR. Andy,20,0.018365472910927456,3,0.07317073170731707
Galileo no Showcase,harmonized finale,25,0.02295684113865932,3,0.07317073170731707
Galileo no Showcase,Sangatsu Monogatari,22,0.020202020202020204,3,0.07317073170731707
Tameiki shooting the MOON,Tettoutetsubi Yonayona Drive,23,0.021120293847566574,3,0.07317073170731707
23:25,Tameiki shooting the MOON,17,0.015610651974288337,3,0.07317073170731707
Bachigai Hummingbird,Nani ka ga Kawari So,53,0.048668503213957756,3,0.07317073170731707
Master Volume,meet the world time,37,0.03397612488521579,3,0.07317073170731707
Atorakushon ga Hajimaru (they call it “NO.6”),Drum Solo,54,0.049586776859504134,3,0.07317073170731707
Bachigai Hummingbird,meet the world time,28,0.025711662075298437,3,0.07317073170731707
Galileo no Showcase,meet the world time,38,0.03489439853076217,3,0.07317073170731707
Kimi wa Tomodachi,crazy birthday,26,0.023875114784205693,3,0.07317073170731707
Hikari Nodokeki Haru no Hi ni,cody beats,26,0.023875114784205693,3,0.07317073170731707
Kimi wa Tomodachi,Tettoutetsubi Yonayona Drive,66,0.06060606060606061,3,0.07317073170731707
Kimi wa Tomodachi,Miss. Sandy,72,0.06611570247933884,3,0.07317073170731707
Drum Solo,Kimi wa Tomodachi,53,0.048668503213957756,3,0.07317073170731707
Drum Solo,Pandemic Sudden Death,67,0.06152433425160698,3,0.07317073170731707
Bachigai Hummingbird,Ride on Time,47,0.04315886134067952,3,0.07317073170731707
Hikari Nodokeki Haru no Hi ni,to the CIDER ROAD,29,0.02662993572084481,3,0.07317073170731707
Hakoniwa Rock Show,Scarsdale,15,0.013774104683195593,3,0.07317073170731707
5-bu-go no Stardust,Galileo no Showcase,41,0.03764921946740129,3,0.07317073170731707
Hakoniwa Rock Show,Toushindai no Chikyu,19,0.017447199265381085,3,0.07317073170731707
Kimi wa Tomodachi,Tameiki shooting the MOON,26,0.023875114784205693,3,0.07317073170731707
Galileo no Showcase,Ryusei Kouro,20,0.018365472910927456,3,0.07317073170731707
Hakoniwa Rock Show,Sugar Song to Bitter Step,72,0.06611570247933884,3,0.07317073170731707
Chandelier Waltz,kaleido proud fiesta,45,0.04132231404958678,3,0.07317073170731707
Otonoba Chukan Shiken,Yoru ga Yureteiru,34,0.031221303948576674,3,0.07317073170731707
Mizu to Ame ni Tsuite,Sora no Tobikata,15,0.013774104683195593,3,0.07317073170731707
Cheap Cheap Endroll,kaleido proud fiesta,38,0.03489439853076217,3,0.07317073170731707
"10% roll, 10% romance",Sanpo Saki My Life,62,0.05693296602387511,3,0.07317073170731707
Sanpo Saki My Life,Sugar Song to Bitter Step,69,0.06336088154269973,3,0.07317073170731707
Sanpo Saki My Life,WINDOW Akeru,40,0.03673094582185491,3,0.07317073170731707
Mizu to Ame ni Tsuite,Sanpo Saki My Life,40,0.03673094582185491,3,0.07317073170731707
Sangatsu Monogatari,Signal ABC,36,0.03305785123966942,3,0.07317073170731707
Mizu to Ame ni Tsuite,WINDOW Akeru,26,0.023875114784205693,3,0.07317073170731707
Full Color Program,Mizu to Ame ni Tsuite,72,0.06611570247933884,3,0.07317073170731707
Micro Paradiso!,Sangatsu Monogatari,36,0.03305785123966942,3,0.07317073170731707
Nani ka ga Kawari So,Siren in the Spy,55,0.050505050505050504,3,0.07317073170731707
Sangatsu Monogatari,Seku x Kara x Shisonzuuru,36,0.03305785123966942,3,0.07317073170731707
Cross Heart 1 Gousen (Advantage In a Long Time),Linear Blue wo Kikinagara,46,0.04224058769513315,3,0.07317073170731707
"I wanna believe, Yoru o Iku",Sangatsu Monogatari,36,0.03305785123966942,3,0.07317073170731707
5-bu-go no Stardust,Love Song wa Totsuzen ni? ~What is the name of that mystery??~,35,0.03213957759412305,3,0.07317073170731707
Sangatsu Monogatari,Snow Reverse,36,0.03305785123966942,3,0.07317073170731707
Love Song wa Totsuzen ni? ~What is the name of that mystery??~,Mikazuki no Yoru no Mannaka,48,0.0440771349862259,3,0.07317073170731707
Love Song wa Totsuzen ni? ~What is the name of that mystery??~,over driver,34,0.031221303948576674,3,0.07317073170731707
Love Song wa Totsuzen ni? ~What is the name of that mystery??~,Sawarenai Uta,49,0.04499540863177227,3,0.07317073170731707
Another World,Sentimental Period,32,0.02938475665748393,3,0.07317073170731707
Nonfiction Compass,Seku x Kara x Shisonzuuru,42,0.03856749311294766,3,0.07317073170731707
Nonfiction Compass,Pistol Galaxy,42,0.03856749311294766,3,0.07317073170731707
Seku x Kara x Shisonzuuru,Signal ABC,42,0.03856749311294766,3,0.07317073170731707
Pandemic Sudden Death,Shoegazer Speaker,50,0.04591368227731864,3,0.07317073170731707
Bachigai Hummingbird,Serenade ga Tomaranai,37,0.03397612488521579,3,0.07317073170731707
Itsuka no Shounen,Toushindai no Chikyu,17,0.015610651974288337,3,0.07317073170731707
Deirai Kyousou Gakudan,Itsuka no Shounen,26,0.023875114784205693,3,0.07317073170731707
Itsuka no Shounen,Karakuri Karukare,28,0.025711662075298437,3,0.07317073170731707
Clover,Itsuka no Shounen,27,0.024793388429752067,3,0.07317073170731707
MR. Andy,Mizu to Ame ni Tsuite,71,0.06519742883379247,3,0.07317073170731707
Galileo no Showcase,Serenade ga Tomaranai,39,0.03581267217630854,3,0.07317073170731707
Itsuka no Shounen,MR. Andy,35,0.03213957759412305,3,0.07317073170731707
Deirai Kyousou Gakudan,Light Flat,17,0.015610651974288337,3,0.07317073170731707
5-bu-go no Stardust,Full Color Program,38,0.03489439853076217,3,0.07317073170731707
Hatch I need,Sugar Song to Bitter Step,42,0.03856749311294766,3,0.07317073170731707
Itsuka no Shounen,Sentimental Period,36,0.03305785123966942,3,0.07317073170731707
Light Flat,Sentimental Period,55,0.050505050505050504,3,0.07317073170731707
Itsuka no Shounen,Sanpo Saki My Life,25,0.02295684113865932,3,0.07317073170731707
Nani ka ga Kawari So,Tengoku to Jigoku,53,0.048668503213957756,3,0.07317073170731707
Sakura no Ato (all quartets lead to the?),Tasogare in the Spy,65,0.05968778696051423,3,0.07317073170731707
Chaos ga Kiwamaru,Sakura no Ato (all quartets lead to the?),52,0.047750229568411386,3,0.07317073170731707
Tasogare in the Spy,Tengoku to Jigoku,65,0.05968778696051423,3,0.07317073170731707
Micro Paradiso!,Signal ABC,42,0.03856749311294766,3,0.07317073170731707
Nonfiction Compass,flat song,55,0.050505050505050504,3,0.07317073170731707
Full Color Program,Siren in the Spy,17,0.015610651974288337,3,0.07317073170731707
Love Song wa Totsuzen ni? ~What is the name of that mystery??~,Seku x Kara x Shisonzuuru,44,0.04040404040404041,3,0.07317073170731707
Gyakuten Sayonara,Love Song wa Totsuzen ni? ~What is the name of that mystery??~,32,0.02938475665748393,3,0.07317073170731707
Galileo no Showcase,Yoru ga Yureteiru,38,0.03489439853076217,3,0.07317073170731707
Hikari Nodokeki Haru no Hi ni,Love Song wa Totsuzen ni? ~What is the name of that mystery??~,26,0.023875114784205693,3,0.07317073170731707
Counter Identity,Love Song wa Totsuzen ni? ~What is the name of that mystery??~,26,0.023875114784205693,3,0.07317073170731707
Cheap Cheap Endroll,Full Color Program,40,0.03673094582185491,3,0.07317073170731707
Chaos ga Kiwamaru,Tengoku to Jigoku,38,0.03489439853076217,3,0.07317073170731707
Linear Blue wo Kikinagara,Love Song wa Totsuzen ni? ~What is the name of that mystery??~,43,0.03948576675849403,3,0.07317073170731707
Love Song wa Totsuzen ni? ~What is the name of that mystery??~,Serenade ga Tomaranai,30,0.027548209366391185,3,0.07317073170731707
Hakoniwa Rock Show,Love Song wa Totsuzen ni? ~What is the name of that mystery??~,26,0.023875114784205693,3,0.07317073170731707
Cheap Cheap Endroll,Haru ga Kite Bokura,42,0.03856749311294766,3,0.07317073170731707
Bachigai Hummingbird,instant EGOIST,43,0.03948576675849403,3,0.07317073170731707
Bachigai Hummingbird,Love Song wa Totsuzen ni? ~What is the name of that mystery??~,42,0.03856749311294766,3,0.07317073170731707
Love Song wa Totsuzen ni? ~What is the name of that mystery??~,"kid, I like quartet",41,0.03764921946740129,3,0.07317073170731707
Galileo no Showcase,Tameiki shooting the MOON,41,0.03764921946740129,3,0.07317073170731707
Sanpo Saki My Life,Toushindai no Chikyu,38,0.03489439853076217,3,0.07317073170731707
Scarsdale,Sentimental Period,58,0.05325987144168962,3,0.07317073170731707
Ryusei no Squall,Tettoutetsubi Yonayona Drive,51,0.046831955922865015,3,0.07317073170731707
5-bu-go no Stardust,Sentimental Period,34,0.031221303948576674,3,0.07317073170731707
Linear Blue wo Kikinagara,Tameiki shooting the MOON,44,0.04040404040404041,3,0.07317073170731707
Tameiki shooting the MOON,like coffee no Omajinai,29,0.02662993572084481,3,0.07317073170731707
Chandelier Waltz,Tameiki shooting the MOON,43,0.03948576675849403,3,0.07317073170731707
5-bu-go no Stardust,MR. Andy,23,0.021120293847566574,3,0.07317073170731707
Tameiki shooting the MOON,to the CIDER ROAD,30,0.027548209366391185,3,0.07317073170731707
Tameiki shooting the MOON,"kid, I like quartet",38,0.03489439853076217,3,0.07317073170731707
5-bu-go no Stardust,cody beats,16,0.014692378328741965,3,0.07317073170731707
"10% roll, 10% romance",Cheap Cheap Endroll,65,0.05968778696051423,3,0.07317073170731707
Galileo no Showcase,Love Song wa Totsuzen ni? ~What is the name of that mystery??~,29,0.02662993572084481,3,0.07317073170731707
Galileo no Showcase,Tengoku to Jigoku,39,0.03581267217630854,3,0.07317073170731707
Kimi no Moto e,Orion wo Nazoru,81,0.0743801652892562,3,0.07317073170731707
Cheap Cheap Endroll,Orion wo Nazoru,61,0.05601469237832874,3,0.07317073170731707
Instrumental Jam,Silent Libre Mirage,13,0.011937557392102846,3,0.07317073170731707
Atorakushon ga Hajimaru (they call it “NO.6”),Instrumental Jam,11,0.010101010101010102,3,0.07317073170731707
Cheap Cheap Endroll,Kimi no Hitomi ni Koishi Tenai,46,0.04224058769513315,3,0.07317073170731707
Orion wo Nazoru,Sentimental Period,71,0.06519742883379247,3,0.07317073170731707
Instrumental Jam,crazy birthday,26,0.023875114784205693,3,0.07317073170731707
Bachigai Hummingbird,Sentimental Period,64,0.05876951331496786,3,0.07317073170731707
Drum Solo,crazy birthday,15,0.013774104683195593,3,0.07317073170731707
Love Song wa Totsuzen ni? ~What is the name of that mystery??~,Orion wo Nazoru,44,0.04040404040404041,3,0.07317073170731707
Orion wo Nazoru,Tameiki shooting the MOON,37,0.03397612488521579,3,0.07317073170731707
Bachigai Hummingbird,Ryusei no Squall,62,0.05693296602387511,3,0.07317073170731707
Miss. Sandy,Orion wo Nazoru,59,0.05417814508723599,3,0.07317073170731707
Kimi no Moto e,Ryusei no Squall,45,0.04132231404958678,3,0.07317073170731707
Boku wa Kimi ni Naritai,Tettoutetsubi Yonayona Drive,16,0.014692378328741965,3,0.07317073170731707
Chandelier Waltz,Kimi no Hitomi ni Koishi Tenai,33,0.030303030303030304,3,0.07317073170731707
Chandelier Waltz,Sayonara Summer Time Machine,35,0.03213957759412305,3,0.07317073170731707
Love Song wa Totsuzen ni? ~What is the name of that mystery??~,Sayonara Summer Time Machine,32,0.02938475665748393,3,0.07317073170731707
Orion wo Nazoru,like coffee no Omajinai,30,0.027548209366391185,3,0.07317073170731707
Kimi no Hitomi ni Koishi Tenai,Tengoku to Jigoku,37,0.03397612488521579,3,0.07317073170731707
Orion wo Nazoru,Ride on Time,43,0.03948576675849403,3,0.07317073170731707
BUSTER DICE MISERY,Tengoku to Jigoku,67,0.06152433425160698,3,0.07317073170731707
Kimi wa Tomodachi,Orion wo Nazoru,49,0.04499540863177227,3,0.07317073170731707
"Majority Report (darling, I love you)",Tettoutetsubi Yonayona Drive,52,0.047750229568411386,3,0.07317073170731707
Karakuri Karukare,Yoru ga Yureteiru,36,0.03305785123966942,3,0.07317073170731707
Sawarenai Uta,meet the world time,22,0.020202020202020204,3,0.07317073170731707
Galileo no Showcase,Invisible Sensation,46,0.04224058769513315,3,0.07317073170731707
Atorakushon ga Hajimaru (they call it “NO.6”),Invisible Sensation,19,0.017447199265381085,3,0.07317073170731707
Galileo no Showcase,Own Civilization (nano‐mile met),46,0.04224058769513315,3,0.07317073170731707
Seihitsu Kanbi Akigure Jojou,fake town baby,51,0.046831955922865015,3,0.07317073170731707
Invisible Sensation,Kimi no Hitomi ni Koishi Tenai,66,0.06060606060606061,3,0.07317073170731707
Galileo no Showcase,MIDNIGHT JUNGLE,67,0.06152433425160698,3,0.07317073170731707
Galileo no Showcase,Kimi no Hitomi ni Koishi Tenai,50,0.04591368227731864,3,0.07317073170731707
Kimi no Moto e,Worldwide Supergirl,38,0.03489439853076217,3,0.07317073170731707
Bachigai Hummingbird,Invisible Sensation,53,0.048668503213957756,3,0.07317073170731707
Fiction Freak Crisis,Galileo no Showcase,47,0.04315886134067952,3,0.07317073170731707
Fiction Freak Crisis,Seihitsu Kanbi Akigure Jojou,49,0.04499540863177227,3,0.07317073170731707
Boku wa Kimi ni Naritai,Protract Countdown,21,0.01928374655647383,3,0.07317073170731707
Karakuri Karukare,Sakura no Ato (all quartets lead to the?),52,0.047750229568411386,3,0.07317073170731707
Toushindai no Chikyu,crazy birthday,34,0.031221303948576674,3,0.07317073170731707
Dizzy Trickster,Sakura no Ato (all quartets lead to the?),49,0.04499540863177227,3,0.07317073170731707
Dizzy Trickster,Instrumental Jam,38,0.03489439853076217,3,0.07317073170731707
Clover,Dareka ga Wasurete iru Kamoshirenai Bokura ni Daijina 001 no Koto,36,0.03305785123966942,3,0.07317073170731707
Dizzy Trickster,Galileo no Showcase,46,0.04224058769513315,3,0.07317073170731707
RUNNERS HIGH REPRISE,Sakura no Ato (all quartets lead to the?),13,0.011937557392102846,3,0.07317073170731707
Clover,WINDOW Akeru,28,0.025711662075298437,3,0.07317073170731707
Light Flat,Orion wo Nazoru,3,0.0027548209366391185,3,0.07317073170731707
Orchestra o Mi ni Ikou,Seihitsu Kanbi Akigure Jojou,50,0.04591368227731864,3,0.07317073170731707
Kimi no Hitomi ni Koishi Tenai,Orchestra o Mi ni Ikou,50,0.04591368227731864,3,0.07317073170731707
CAPACITY Koeru,"kid, I like quartet",27,0.024793388429752067,3,0.07317073170731707
Deirai Kyousou Gakudan,Sora no Tobikata,21,0.01928374655647383,3,0.07317073170731707
Dareka ga Wasurete iru Kamoshirenai Bokura ni Daijina 001 no Koto,Deirai Kyousou Gakudan,15,0.013774104683195593,3,0.07317073170731707
CAPACITY Koeru,Orion wo Nazoru,59,0.05417814508723599,3,0.07317073170731707
Galileo no Showcase,Haru ga Kite Bokura,55,0.050505050505050504,3,0.07317073170731707
Full Color Program,Haru ga Kite Bokura,52,0.047750229568411386,3,0.07317073170731707
Galileo no Showcase,Protract Countdown,22,0.020202020202020204,3,0.07317073170731707
Haru ga Kite Bokura,mix juice no Iutouri,49,0.04499540863177227,3,0.07317073170731707
Haru ga Kite Bokura,Instrumental Jam,46,0.04224058769513315,3,0.07317073170731707
Invisible Sensation,Seihitsu Kanbi Akigure Jojou,51,0.046831955922865015,3,0.07317073170731707
Toushindai no Chikyu,WINDOW Akeru,26,0.023875114784205693,3,0.07317073170731707
Deirai Kyousou Gakudan,WINDOW Akeru,24,0.02203856749311295,3,0.07317073170731707
Mikansei Daisy,Worldwide Supergirl,18,0.01652892561983471,3,0.07317073170731707
Full Color Program,Sawarenai Uta,24,0.02203856749311295,3,0.07317073170731707
Invisible Sensation,mix juice no Iutouri,53,0.048668503213957756,3,0.07317073170731707
Dizzy Trickster,Seihitsu Kanbi Akigure Jojou,49,0.04499540863177227,3,0.07317073170731707
Orion wo Nazoru,Pandemic Sudden Death,60,0.05509641873278237,3,0.07317073170731707
Messenger From Zen Sekai,Orion wo Nazoru,22,0.020202020202020204,3,0.07317073170731707
Mekator Jikuu Tankentai,Shoegazer Speaker,61,0.05601469237832874,3,0.07317073170731707
Silent Libre Mirage,fake town baby,65,0.05968778696051423,3,0.07317073170731707
Linear Blue wo Kikinagara,Snow Answer,11,0.010101010101010102,3,0.07317073170731707
Childhood Supernova,Sentimental Period,22,0.020202020202020204,3,0.07317073170731707
Clover,Seihitsu Kanbi Akigure Jojou,49,0.04499540863177227,3,0.07317073170731707
Clover,Kimi no Hitomi ni Koishi Tenai,51,0.046831955922865015,3,0.07317073170731707
Childhood Supernova,Master Volume,22,0.020202020202020204,3,0.07317073170731707
Karakuri Karukare,to the CIDER ROAD,41,0.03764921946740129,3,0.07317073170731707
Sayonara Summer Time Machine,over driver,7,0.006427915518824609,3,0.07317073170731707
5-bu-go no Stardust,Sayonara Summer Time Machine,7,0.006427915518824609,3,0.07317073170731707
"10% roll, 10% romance",Seihitsu Kanbi Akigure Jojou,37,0.03397612488521579,3,0.07317073170731707
Linear Blue wo Kikinagara,over driver,3,0.0027548209366391185,3,0.07317073170731707
Chandelier Waltz,Mekator Jikuu Tankentai,61,0.05601469237832874,3,0.07317073170731707
Clover,Sakura no Ato (all quartets lead to the?),56,0.051423324150596875,3,0.07317073170731707
BUSTER DICE MISERY,Orion wo Nazoru,44,0.04040404040404041,3,0.07317073170731707
Dizzy Trickster,Invisible Sensation,69,0.06336088154269973,3,0.07317073170731707
Counter Identity,Mikansei Daisy,20,0.018365472910927456,3,0.07317073170731707
Kimi no Moto e,Linear Blue wo Kikinagara,28,0.025711662075298437,3,0.07317073170731707
Sakura no Ato (all quartets lead to the?),Toushindai no Chikyu,81,0.0743801652892562,3,0.07317073170731707
Sugar Song to Bitter Step,Toushindai no Chikyu,67,0.06152433425160698,3,0.07317073170731707
Fiction Freak Crisis,Sakura no Ato (all quartets lead to the?),65,0.05968778696051423,3,0.07317073170731707
Instrumental Jam,Orchestra o Mi ni Ikou,39,0.03581267217630854,3,0.07317073170731707
Dizzy Trickster,Kimi no Hitomi ni Koishi Tenai,51,0.046831955922865015,3,0.07317073170731707
Chandelier Waltz,Snow Answer,14,0.012855831037649219,3,0.07317073170731707
Dizzy Trickster,Orchestra o Mi ni Ikou,68,0.06244260789715335,3,0.07317073170731707
Kimi no Moto e,Master Volume,26,0.023875114784205693,3,0.07317073170731707
Full Color Program,Kimi no Hitomi ni Koishi Tenai,53,0.048668503213957756,3,0.07317073170731707
Kimi no Hitomi ni Koishi Tenai,Orion wo Nazoru,39,0.03581267217630854,3,0.07317073170731707
Coffee Cup Syndrome,Orion wo Nazoru,38,0.03489439853076217,3,0.07317073170731707
Dizzy Trickster,Own Civilization (nano‐mile met),50,0.04591368227731864,3,0.07317073170731707
Fiction Freak Crisis,Full Color Program,62,0.05693296602387511,3,0.07317073170731707
Orchestra o Mi ni Ikou,fake town baby,51,0.046831955922865015,3,0.07317073170731707
5-bu-go no Stardust,Bachigai Hummingbird,27,0.024793388429752067,3,0.07317073170731707
Atorakushon ga Hajimaru (they call it “NO.6”),Seihitsu Kanbi Akigure Jojou,22,0.020202020202020204,3,0.07317073170731707
Atorakushon ga Hajimaru (they call it “NO.6”),like coffee no Omajinai,14,0.012855831037649219,3,0.07317073170731707
Scarsdale,Shupurehikouru ~Sekai ga Owaru Mae ni~,31,0.028466483011937556,3,0.07317073170731707
MR. Andy,Tettoutetsubi Yonayona Drive,49,0.04499540863177227,3,0.07317073170731707
Nihil Pip Viper,Tettoutetsubi Yonayona Drive,42,0.03856749311294766,3,0.07317073170731707
Tettoutetsubi Yonayona Drive,Yoru ga Yureteiru,18,0.01652892561983471,3,0.07317073170731707
"10% roll, 10% romance",Silent Libre Mirage,52,0.047750229568411386,3,0.07317073170731707
Sekai wa Fancy,Silent Libre Mirage,33,0.030303030303030304,3,0.07317073170731707
Silent Libre Mirage,Worldwide Supergirl,28,0.025711662075298437,3,0.07317073170731707
Silent Libre Mirage,kaleido proud fiesta,32,0.02938475665748393,3,0.07317073170731707
5-bu-go no Stardust,Orion wo Nazoru,28,0.025711662075298437,3,0.07317073170731707
Kimi no Moto e,Shupurehikouru ~Sekai ga Owaru Mae ni~,19,0.017447199265381085,3,0.07317073170731707
Sugar Song to Bitter Step,like coffee no Omajinai,24,0.02203856749311295,3,0.07317073170731707
Sakura no Ato (all quartets lead to the?),like coffee no Omajinai,19,0.017447199265381085,3,0.07317073170731707
Toushindai no Chikyu,like coffee no Omajinai,9,0.008264462809917356,3,0.07317073170731707
Nihil Pip Viper,kaleido proud fiesta,42,0.03856749311294766,3,0.07317073170731707
Bachigai Hummingbird,Fiction Freak Crisis,51,0.046831955922865015,3,0.07317073170731707
Master Volume,Shupurehikouru ~Sekai ga Owaru Mae ni~,26,0.023875114784205693,3,0.07317073170731707
Protract Countdown,Shupurehikouru ~Sekai ga Owaru Mae ni~,37,0.03397612488521579,3,0.07317073170731707
Chandelier Waltz,Silent Libre Mirage,55,0.050505050505050504,3,0.07317073170731707
Chandelier Waltz,Protract Countdown,19,0.017447199265381085,3,0.07317073170731707
Chandelier Waltz,Scarsdale,54,0.049586776859504134,3,0.07317073170731707
Atorakushon ga Hajimaru (they call it “NO.6”),Silent Libre Mirage,34,0.031221303948576674,3,0.07317073170731707
5-bu-go no Stardust,Worldwide Supergirl,27,0.024793388429752067,3,0.07317073170731707
CAPACITY Koeru,Worldwide Supergirl,42,0.03856749311294766,3,0.07317073170731707
Protract Countdown,Scarsdale,32,0.02938475665748393,3,0.07317073170731707
Bachigai Hummingbird,MIDNIGHT JUNGLE,59,0.05417814508723599,3,0.07317073170731707
Bachigai Hummingbird,Silent Libre Mirage,45,0.04132231404958678,3,0.07317073170731707
Chandelier Waltz,Shupurehikouru ~Sekai ga Owaru Mae ni~,26,0.023875114784205693,3,0.07317073170731707
5-bu-go no Stardust,WINDOW Akeru,12,0.011019283746556474,3,0.07317073170731707
Bachigai Hummingbird,Seihitsu Kanbi Akigure Jojou,53,0.048668503213957756,3,0.07317073170731707
Airabuniju,"kid, I like quartet",20,0.018365472910927456,3,0.07317073170731707
fake town baby,harmonized finale,31,0.028466483011937556,3,0.07317073170731707
Airabuniju,Scarsdale,24,0.02203856749311295,3,0.07317073170731707
Bachigai Hummingbird,fake town baby,75,0.06887052341597796,3,0.07317073170731707
Drum Solo,like coffee no Omajinai,16,0.014692378328741965,3,0.07317073170731707
"Catch up, latency",crazy birthday,31,0.028466483011937556,3,0.07317073170731707
Orchestra o Mi ni Ikou,Sakura no Ato (all quartets lead to the?),50,0.04591368227731864,3,0.07317073170731707
Tengoku to Jigoku,like coffee no Omajinai,22,0.020202020202020204,3,0.07317073170731707
Ride on Time,WINDOW Akeru,9,0.008264462809917356,3,0.07317073170731707
Airabuniju,Dareka ga Wasurete iru Kamoshirenai Bokura ni Daijina 001 no Koto,17,0.015610651974288337,3,0.07317073170731707
MIDNIGHT JUNGLE,fake town baby,50,0.04591368227731864,3,0.07317073170731707
Kimi no Hitomi ni Koishi Tenai,Own Civilization (nano‐mile met),52,0.047750229568411386,3,0.07317073170731707
Mekator Jikuu Tankentai,Sakura no Ato (all quartets lead to the?),49,0.04499540863177227,3,0.07317073170731707
Fiction Freak Crisis,Tettoutetsubi Yonayona Drive,23,0.021120293847566574,3,0.07317073170731707
Chandelier Waltz,Deirai Kyousou Gakudan,20,0.018365472910927456,3,0.07317073170731707
"Catch up, latency",Linear Blue wo Kikinagara,26,0.023875114784205693,3,0.07317073170731707
CAPACITY Koeru,Kimi no Moto e,23,0.021120293847566574,3,0.07317073170731707
Bachigai Hummingbird,Own Civilization (nano‐mile met),74,0.06795224977043159,3,0.07317073170731707
Clover,Sawarenai Uta,4,0.0036730945821854912,3,0.07317073170731707
Kimi no Hitomi ni Koishi Tenai,fake town baby,59,0.05417814508723599,3,0.07317073170731707
Deirai Kyousou Gakudan,Protract Countdown,20,0.018365472910927456,3,0.07317073170731707
Deirai Kyousou Gakudan,Scarsdale,19,0.017447199265381085,3,0.07317073170731707
Fiction Freak Crisis,Kimi no Hitomi ni Koishi Tenai,71,0.06519742883379247,3,0.07317073170731707
Mekator Jikuu Tankentai,Nani ka ga Kawari So,46,0.04224058769513315,3,0.07317073170731707
Own Civilization (nano‐mile met),Seihitsu Kanbi Akigure Jojou,49,0.04499540863177227,3,0.07317073170731707
Kimi no Hitomi ni Koishi Tenai,"kid, I like quartet",14,0.012855831037649219,3,0.07317073170731707
Bachigai Hummingbird,Boku wa Kimi ni Naritai,19,0.017447199265381085,3,0.07317073170731707
Tettoutetsubi Yonayona Drive,like coffee no Omajinai,19,0.017447199265381085,3,0.07317073170731707
Airabuniju,Sora no Tobikata,27,0.024793388429752067,3,0.07317073170731707
"Catch up, latency",Kimi no Hitomi ni Koishi Tenai,34,0.031221303948576674,3,0.07317073170731707
23:25,Boku wa Kimi ni Naritai,19,0.017447199265381085,3,0.07317073170731707
Snow Reverse,WINDOW Akeru,10,0.009182736455463728,3,0.07317073170731707
CAPACITY Koeru,Chandelier Waltz,32,0.02938475665748393,3,0.07317073170731707
Own Civilization (nano‐mile met),Sakura no Ato (all quartets lead to the?),49,0.04499540863177227,3,0.07317073170731707
MIDNIGHT JUNGLE,Seihitsu Kanbi Akigure Jojou,72,0.06611570247933884,3,0.07317073170731707
Boku wa Kimi ni Naritai,"kid, I like quartet",19,0.017447199265381085,3,0.07317073170731707
Chandelier Waltz,fake town baby,56,0.051423324150596875,3,0.07317073170731707
Hakoniwa Rock Show,Messenger From Zen Sekai,20,0.018365472910927456,3,0.07317073170731707
Dareka ga Wasurete iru Kamoshirenai Bokura ni Daijina 001 no Koto,Master Volume,33,0.030303030303030304,3,0.07317073170731707
Own Civilization (nano‐mile met),fake town baby,73,0.06703397612488522,3,0.07317073170731707
Clover,Sayonara Dai Kyu Wakusei,13,0.011937557392102846,3,0.07317073170731707
23:25,Shoegazer Speaker,49,0.04499540863177227,3,0.07317073170731707
Airabuniju,Orion wo Nazoru,30,0.027548209366391185,3,0.07317073170731707
Light Flat,Ride on Time,5,0.004591368227731864,3,0.07317073170731707
Pandemic Sudden Death,RUNNERS HIGH REPRISE,35,0.03213957759412305,3,0.07317073170731707
23:25,Bokura no Sono Saki,29,0.02662993572084481,3,0.07317073170731707
Coffee Cup Syndrome,Kirai = Kirai,25,0.02295684113865932,3,0.07317073170731707
Hakoniwa Rock Show,Snow Reverse,17,0.015610651974288337,3,0.07317073170731707
Hakoniwa Rock Show,harmonized finale,62,0.05693296602387511,3,0.07317073170731707
Airabuniju,Snow Reverse,17,0.015610651974288337,3,0.07317073170731707
Counter Identity,Gyakuten Sayonara,6,0.005509641873278237,3,0.07317073170731707
Atorakushon ga Hajimaru (they call it “NO.6”),Pandemic Sudden Death,65,0.05968778696051423,3,0.07317073170731707
23:25,Yoru ga Yureteiru,27,0.024793388429752067,3,0.07317073170731707
Protract Countdown,Tettoutetsubi Yonayona Drive,18,0.01652892561983471,3,0.07317073170731707
Bachigai Hummingbird,Yoru ga Yureteiru,30,0.027548209366391185,3,0.07317073170731707
3 minutes replay,"kid, I like quartet",29,0.02662993572084481,3,0.07317073170731707
Pandemic Sudden Death,Sawarenai Uta,46,0.04224058769513315,3,0.07317073170731707
Atorakushon ga Hajimaru (they call it “NO.6”),mix juice no Iutouri,64,0.05876951331496786,3,0.07317073170731707
Momai termination,crazy birthday,42,0.03856749311294766,3,0.07317073170731707
Instrumental Jam,Sakura no Ato (all quartets lead to the?),28,0.025711662075298437,3,0.07317073170731707
Childhood Supernova,cody beats,18,0.01652892561983471,3,0.07317073170731707
Kimi no Hitomi ni Koishi Tenai,Sawarenai Uta,20,0.018365472910927456,3,0.07317073170731707
Airabuniju,Hakoniwa Rock Show,18,0.01652892561983471,3,0.07317073170731707
Coffee Cup Syndrome,Ryusei no Squall,37,0.03397612488521579,3,0.07317073170731707
Bachigai Hummingbird,Momai termination,41,0.03764921946740129,3,0.07317073170731707
23:25,Momai termination,40,0.03673094582185491,3,0.07317073170731707
Tettoutetsubi Yonayona Drive,mix juice no Iutouri,66,0.06060606060606061,3,0.07317073170731707
Drum Solo,fake town baby,51,0.046831955922865015,3,0.07317073170731707
Tengoku to Jigoku,fake town baby,19,0.017447199265381085,3,0.07317073170731707
BUSTER DICE MISERY,Sakura no Ato (all quartets lead to the?),63,0.05785123966942149,3,0.07317073170731707
Tettoutetsubi Yonayona Drive,instant EGOIST,50,0.04591368227731864,3,0.07317073170731707
Chandelier Waltz,Yoru ga Yureteiru,15,0.013774104683195593,3,0.07317073170731707
Bachigai Hummingbird,Instrumental Jam,21,0.01928374655647383,3,0.07317073170731707
Instrumental Jam,Seihitsu Kanbi Akigure Jojou,43,0.03948576675849403,3,0.07317073170731707
Drum Solo,Seihitsu Kanbi Akigure Jojou,51,0.046831955922865015,3,0.07317073170731707
Snow Reverse,Sora no Tobikata,21,0.01928374655647383,3,0.07317073170731707
Atorakushon ga Hajimaru (they call it “NO.6”),harmonized finale,9,0.008264462809917356,3,0.07317073170731707
Bachigai Hummingbird,mix juice no Iutouri,88,0.08080808080808081,3,0.07317073170731707
Momai termination,Tettoutetsubi Yonayona Drive,39,0.03581267217630854,3,0.07317073170731707
Shupurehikouru ~Sekai ga Owaru Mae ni~,Tettoutetsubi Yonayona Drive,23,0.021120293847566574,3,0.07317073170731707
Bachigai Hummingbird,Gyakuten Sayonara,6,0.005509641873278237,3,0.07317073170731707
Atorakushon ga Hajimaru (they call it “NO.6”),Messenger From Zen Sekai,16,0.014692378328741965,3,0.07317073170731707
Chandelier Waltz,Mikansei Daisy,9,0.008264462809917356,3,0.07317073170731707
Coffee Cup Syndrome,meet the world time,24,0.02203856749311295,3,0.07317073170731707
Messenger From Zen Sekai,Sawarenai Uta,22,0.020202020202020204,3,0.07317073170731707
Ride on Time,Toushindai no Chikyu,6,0.005509641873278237,3,0.07317073170731707
Instrumental Jam,Otonoba Chukan Shiken,31,0.028466483011937556,3,0.07317073170731707
Childhood Supernova,Orion wo Nazoru,31,0.028466483011937556,3,0.07317073170731707
Gyakuten Sayonara,Sentimental Period,16,0.014692378328741965,3,0.07317073170731707
Tengoku to Jigoku,instant EGOIST,62,0.05693296602387511,3,0.07317073170731707
Drum Solo,"kid, I like quartet",28,0.025711662075298437,3,0.07317073170731707
23:25,like coffee no Omajinai,7,0.006427915518824609,3,0.07317073170731707
Haru ga Kite Bokura,Seihitsu Kanbi Akigure Jojou,52,0.047750229568411386,3,0.07317073170731707
Instrumental Jam,Kimi no Hitomi ni Koishi Tenai,30,0.027548209366391185,3,0.07317073170731707
Haru ga Kite Bokura,crazy birthday,50,0.04591368227731864,3,0.07317073170731707
Ryusei no Squall,meet the world time,22,0.020202020202020204,3,0.07317073170731707
Galileo no Showcase,Gyakuten Sayonara,14,0.012855831037649219,3,0.07317073170731707
5-bu-go no Stardust,Karakuri Karukare,15,0.013774104683195593,3,0.07317073170731707
Childhood Supernova,Dareka ga Wasurete iru Kamoshirenai Bokura ni Daijina 001 no Koto,27,0.024793388429752067,3,0.07317073170731707
Fiction Freak Crisis,Haru ga Kite Bokura,64,0.05876951331496786,3,0.07317073170731707
Sugar Song to Bitter Step,mix juice no Iutouri,106,0.09733700642791551,3,0.07317073170731707
Bachigai Hummingbird,WINDOW Akeru,60,0.05509641873278237,3,0.07317073170731707
"10% roll, 10% romance",Pandemic Sudden Death,35,0.03213957759412305,3,0.07317073170731707
Karakuri Karukare,Snow Reverse,21,0.01928374655647383,3,0.07317073170731707
23:25,Snow Reverse,19,0.017447199265381085,3,0.07317073170731707
5-bu-go no Stardust,"kid, I like quartet",3,0.0027548209366391185,3,0.07317073170731707
Coffee Cup Syndrome,Messenger From Zen Sekai,26,0.023875114784205693,3,0.07317073170731707
Instrumental Jam,Tengoku to Jigoku,35,0.03213957759412305,3,0.07317073170731707
Dareka ga Wasurete iru Kamoshirenai Bokura ni Daijina 001 no Koto,cody beats,18,0.01652892561983471,3,0.07317073170731707
Clover,Haru ga Kite Bokura,50,0.04591368227731864,3,0.07317073170731707
Hikari Nodokeki Haru no Hi ni,Worldwide Supergirl,5,0.004591368227731864,3,0.07317073170731707
Dizzy Trickster,Haru ga Kite Bokura,69,0.06336088154269973,3,0.07317073170731707
Coffee Cup Syndrome,Sawarenai Uta,36,0.03305785123966942,3,0.07317073170731707
23:25,instant EGOIST,41,0.03764921946740129,3,0.07317073170731707
Atorakushon ga Hajimaru (they call it “NO.6”),RUNNERS HIGH REPRISE,12,0.011019283746556474,3,0.07317073170731707
"Catch up, latency",Haru ga Kite Bokura,38,0.03489439853076217,3,0.07317073170731707
Full Color Program,Mikansei Daisy,21,0.01928374655647383,3,0.07317073170731707
Gyakuten Sayonara,Orion wo Nazoru,5,0.004591368227731864,3,0.07317073170731707
Dareka ga Wasurete iru Kamoshirenai Bokura ni Daijina 001 no Koto,Drum Solo,21,0.01928374655647383,2,0.04878048780487805
Bokura no Sono Saki,Chandelier Waltz,13,0.011937557392102846,2,0.04878048780487805
Galileo no Showcase,Shupurehikouru ~Sekai ga Owaru Mae ni~,27,0.024793388429752067,2,0.04878048780487805
Bokura no Sono Saki,MR. Andy,28,0.025711662075298437,2,0.04878048780487805
Mizu to Ame ni Tsuite,Ride on Time,7,0.006427915518824609,2,0.04878048780487805
Clover,Linear Blue wo Kikinagara,8,0.0073461891643709825,2,0.04878048780487805
Counter Identity,Hikari Nodokeki Haru no Hi ni,25,0.02295684113865932,2,0.04878048780487805
Cross Heart 1 Gousen (Advantage In a Long Time),Drum Solo,26,0.023875114784205693,2,0.04878048780487805
Bokura no Sono Saki,Dareka ga Wasurete iru Kamoshirenai Bokura ni Daijina 001 no Koto,13,0.011937557392102846,2,0.04878048780487805
23:25,RUNNERS HIGH REPRISE,13,0.011937557392102846,2,0.04878048780487805
Pandemic Sudden Death,Silent Libre Mirage,25,0.02295684113865932,2,0.04878048780487805
Silent Libre Mirage,"kid, I like quartet",30,0.027548209366391185,2,0.04878048780487805
Sakura no Ato (all quartets lead to the?),Sangatsu Monogatari,12,0.011019283746556474,2,0.04878048780487805
Itsuka no Shounen,Kimi wa Tomodachi,25,0.02295684113865932,2,0.04878048780487805
Itsuka no Shounen,Miss. Sandy,25,0.02295684113865932,2,0.04878048780487805
Itsuka no Shounen,crazy birthday,25,0.02295684113865932,2,0.04878048780487805
Hikari Nodokeki Haru no Hi ni,Itsuka no Shounen,25,0.02295684113865932,2,0.04878048780487805
Counter Identity,Snow Reverse,9,0.008264462809917356,2,0.04878048780487805
Counter Identity,Serenade ga Tomaranai,25,0.02295684113865932,2,0.04878048780487805
Sangatsu Monogatari,Tettoutetsubi Yonayona Drive,12,0.011019283746556474,2,0.04878048780487805
Counter Identity,Cross Heart 1 Gousen (Advantage In a Long Time),25,0.02295684113865932,2,0.04878048780487805
23:25,Sangatsu Monogatari,12,0.011019283746556474,2,0.04878048780487805
Gyakuten Sayonara,Sora no Tobikata,4,0.0036730945821854912,2,0.04878048780487805
Boku wa Kimi ni Naritai,Sora no Tobikata,12,0.011019283746556474,2,0.04878048780487805
Chaos ga Kiwamaru,harmonized finale,9,0.008264462809917356,2,0.04878048780487805
Nonfiction Compass,Pandemic Sudden Death,26,0.023875114784205693,2,0.04878048780487805
Linear Blue wo Kikinagara,Sangatsu Monogatari,12,0.011019283746556474,2,0.04878048780487805
Sangatsu Monogatari,harmonized finale,22,0.020202020202020204,2,0.04878048780487805
Nonfiction Compass,Sakura no Ato (all quartets lead to the?),13,0.011937557392102846,2,0.04878048780487805
Nonfiction Compass,Sugar Song to Bitter Step,26,0.023875114784205693,2,0.04878048780487805
Bokura no Sono Saki,Linear Blue wo Kikinagara,10,0.009182736455463728,2,0.04878048780487805
23:25,Silent Libre Mirage,15,0.013774104683195593,2,0.04878048780487805
Galileo no Showcase,Nonfiction Compass,12,0.011019283746556474,2,0.04878048780487805
Light Flat,WINDOW Akeru,9,0.008264462809917356,2,0.04878048780487805
23:25,fake town baby,15,0.013774104683195593,2,0.04878048780487805
Counter Identity,Kimi wa Tomodachi,25,0.02295684113865932,2,0.04878048780487805
RUNNERS HIGH REPRISE,Silent Libre Mirage,25,0.02295684113865932,2,0.04878048780487805
Nonfiction Compass,"kid, I like quartet",35,0.03213957759412305,2,0.04878048780487805
Counter Identity,Miss. Sandy,25,0.02295684113865932,2,0.04878048780487805
Bachigai Hummingbird,Nonfiction Compass,12,0.011019283746556474,2,0.04878048780487805
Chandelier Waltz,Nonfiction Compass,35,0.03213957759412305,2,0.04878048780487805
Hakoniwa Rock Show,Serenade ga Tomaranai,27,0.024793388429752067,2,0.04878048780487805
Another World,Toushindai no Chikyu,4,0.0036730945821854912,2,0.04878048780487805
Serenade ga Tomaranai,like coffee no Omajinai,29,0.02662993572084481,2,0.04878048780487805
Kimi wa Tomodachi,"kid, I like quartet",25,0.02295684113865932,2,0.04878048780487805
Another World,Itsuka no Shounen,6,0.005509641873278237,2,0.04878048780487805
Miss. Sandy,Ride on Time,25,0.02295684113865932,2,0.04878048780487805
Counter Identity,Mizu to Ame ni Tsuite,17,0.015610651974288337,2,0.04878048780487805
Ride on Time,crazy birthday,27,0.024793388429752067,2,0.04878048780487805
Hikari Nodokeki Haru no Hi ni,like coffee no Omajinai,26,0.023875114784205693,2,0.04878048780487805
Hikari Nodokeki Haru no Hi ni,Ride on Time,25,0.02295684113865932,2,0.04878048780487805
Kimi no Moto e,Snow Answer,2,0.0018365472910927456,2,0.04878048780487805
cody beats,like coffee no Omajinai,25,0.02295684113865932,2,0.04878048780487805
Miss. Sandy,"kid, I like quartet",26,0.023875114784205693,2,0.04878048780487805
Hakoniwa Rock Show,Miss. Sandy,25,0.02295684113865932,2,0.04878048780487805
Counter Identity,"Nigatsu, Hakuchu no Nagareboshi to Hikoukigumo",8,0.0073461891643709825,2,0.04878048780487805
Counter Identity,Hitori Omou wa Ame no Naka,7,0.006427915518824609,2,0.04878048780487805
"Nigatsu, Hakuchu no Nagareboshi to Hikoukigumo",WINDOW Akeru,7,0.006427915518824609,2,0.04878048780487805
Ride on Time,like coffee no Omajinai,27,0.024793388429752067,2,0.04878048780487805
Airabuniju,WINDOW Akeru,3,0.0027548209366391185,2,0.04878048780487805
Cross Heart 1 Gousen (Advantage In a Long Time),like coffee no Omajinai,25,0.02295684113865932,2,0.04878048780487805
Hakoniwa Rock Show,Hikari Nodokeki Haru no Hi ni,25,0.02295684113865932,2,0.04878048780487805
Sayonara Summer Time Machine,Snow Answer,2,0.0018365472910927456,2,0.04878048780487805
Another World,Clover,5,0.004591368227731864,2,0.04878048780487805
Cross Heart 1 Gousen (Advantage In a Long Time),to the CIDER ROAD,25,0.02295684113865932,2,0.04878048780487805
Another World,Karakuri Karukare,8,0.0073461891643709825,2,0.04878048780487805
Bachigai Hummingbird,Cross Heart 1 Gousen (Advantage In a Long Time),27,0.024793388429752067,2,0.04878048780487805
cody beats,to the CIDER ROAD,26,0.023875114784205693,2,0.04878048780487805
Kimi wa Tomodachi,to the CIDER ROAD,25,0.02295684113865932,2,0.04878048780487805
CAPACITY Koeru,Sentimental Period,22,0.020202020202020204,2,0.04878048780487805
Cross Heart 1 Gousen (Advantage In a Long Time),Hikari Nodokeki Haru no Hi ni,25,0.02295684113865932,2,0.04878048780487805
Miss. Sandy,to the CIDER ROAD,25,0.02295684113865932,2,0.04878048780487805
Cross Heart 1 Gousen (Advantage In a Long Time),crazy birthday,25,0.02295684113865932,2,0.04878048780487805
Another World,Master Volume,6,0.005509641873278237,2,0.04878048780487805
Kimi no Moto e,Mikansei Daisy,21,0.01928374655647383,2,0.04878048780487805
Cross Heart 1 Gousen (Advantage In a Long Time),Miss. Sandy,25,0.02295684113865932,2,0.04878048780487805
Mizu to Ame ni Tsuite,"Nigatsu, Hakuchu no Nagareboshi to Hikoukigumo",15,0.013774104683195593,2,0.04878048780487805
Master Volume,Mikansei Daisy,7,0.006427915518824609,2,0.04878048780487805
Cross Heart 1 Gousen (Advantage In a Long Time),Kimi wa Tomodachi,25,0.02295684113865932,2,0.04878048780487805
Cross Heart 1 Gousen (Advantage In a Long Time),cody beats,26,0.023875114784205693,2,0.04878048780487805
Another World,Deirai Kyousou Gakudan,7,0.006427915518824609,2,0.04878048780487805
Kimi no Moto e,crazy birthday,7,0.006427915518824609,2,0.04878048780487805
Deirai Kyousou Gakudan,"Nigatsu, Hakuchu no Nagareboshi to Hikoukigumo",8,0.0073461891643709825,2,0.04878048780487805
Cross Heart 1 Gousen (Advantage In a Long Time),Ride on Time,25,0.02295684113865932,2,0.04878048780487805
Kimi wa Tomodachi,cody beats,25,0.02295684113865932,2,0.04878048780487805
Miss. Sandy,cody beats,25,0.02295684113865932,2,0.04878048780487805
Sakura no Ato (all quartets lead to the?),Tameiki shooting the MOON,29,0.02662993572084481,2,0.04878048780487805
"Yuunagi, Ensemble",cody beats,5,0.004591368227731864,2,0.04878048780487805
Counter Identity,"Yuunagi, Ensemble",4,0.0036730945821854912,2,0.04878048780487805
Sanpo Saki My Life,Searchlight,5,0.004591368227731864,2,0.04878048780487805
MR. Andy,Searchlight,9,0.008264462809917356,2,0.04878048780487805
Tameiki shooting the MOON,Worldwide Supergirl,16,0.014692378328741965,2,0.04878048780487805
Shupurehikouru ~Sekai ga Owaru Mae ni~,Tameiki shooting the MOON,18,0.01652892561983471,2,0.04878048780487805
Hakoniwa Rock Show,like coffee no Omajinai,25,0.02295684113865932,2,0.04878048780487805
Hikari Nodokeki Haru no Hi ni,Serenade ga Tomaranai,25,0.02295684113865932,2,0.04878048780487805
Serenade ga Tomaranai,crazy birthday,27,0.024793388429752067,2,0.04878048780487805
Ride on Time,to the CIDER ROAD,25,0.02295684113865932,2,0.04878048780487805
cody beats,crazy birthday,25,0.02295684113865932,2,0.04878048780487805
Miss. Sandy,Serenade ga Tomaranai,29,0.02662993572084481,2,0.04878048780487805
Full Color Program,Searchlight,7,0.006427915518824609,2,0.04878048780487805
Counter Identity,Sayonara Summer Time Machine,3,0.0027548209366391185,2,0.04878048780487805
Serenade ga Tomaranai,to the CIDER ROAD,29,0.02662993572084481,2,0.04878048780487805
Messenger From Zen Sekai,Tameiki shooting the MOON,15,0.013774104683195593,2,0.04878048780487805
Cross Heart 1 Gousen (Advantage In a Long Time),Serenade ga Tomaranai,25,0.02295684113865932,2,0.04878048780487805
WINDOW Akeru,cody beats,9,0.008264462809917356,2,0.04878048780487805
Bokura no Sono Saki,"kid, I like quartet",28,0.025711662075298437,2,0.04878048780487805
Toushindai no Chikyu,meet the world time,12,0.011019283746556474,2,0.04878048780487805
"kid, I like quartet",meet the world time,15,0.013774104683195593,2,0.04878048780487805
Karakuri Karukare,"Yuunagi, Ensemble",9,0.008264462809917356,2,0.04878048780487805
Chandelier Waltz,meet the world time,12,0.011019283746556474,2,0.04878048780487805
Hakoniwa Rock Show,Kimi wa Tomodachi,25,0.02295684113865932,2,0.04878048780487805
Another World,Sanpo Saki My Life,5,0.004591368227731864,2,0.04878048780487805
MR. Andy,Snow Answer,13,0.011937557392102846,2,0.04878048780487805
Another World,Full Color Program,9,0.008264462809917356,2,0.04878048780487805
Dareka ga Wasurete iru Kamoshirenai Bokura ni Daijina 001 no Koto,Snow Answer,13,0.011937557392102846,2,0.04878048780487805
23:25,Light Flat,23,0.021120293847566574,2,0.04878048780487805
Another World,WINDOW Akeru,4,0.0036730945821854912,2,0.04878048780487805
Otonoba Chukan Shiken,Silent Libre Mirage,18,0.01652892561983471,2,0.04878048780487805
Cross Heart 1 Gousen (Advantage In a Long Time),Hakoniwa Rock Show,27,0.024793388429752067,2,0.04878048780487805
Hikari Nodokeki Haru no Hi ni,Kimi wa Tomodachi,25,0.02295684113865932,2,0.04878048780487805
Miss. Sandy,crazy birthday,25,0.02295684113865932,2,0.04878048780487805
Hikari Nodokeki Haru no Hi ni,Miss. Sandy,25,0.02295684113865932,2,0.04878048780487805
Snow Answer,Tettoutetsubi Yonayona Drive,13,0.011937557392102846,2,0.04878048780487805
Hikari Nodokeki Haru no Hi ni,crazy birthday,25,0.02295684113865932,2,0.04878048780487805
Counter Identity,WINDOW Akeru,13,0.011937557392102846,2,0.04878048780487805
Linear Blue wo Kikinagara,meet the world time,12,0.011019283746556474,2,0.04878048780487805
Sora no Tobikata,"Yuunagi, Ensemble",5,0.004591368227731864,2,0.04878048780487805
Bokura no Sono Saki,Sanpo Saki My Life,28,0.025711662075298437,2,0.04878048780487805
WINDOW Akeru,to the CIDER ROAD,37,0.03397612488521579,2,0.04878048780487805
Sanpo Saki My Life,Snow Reverse,11,0.010101010101010102,2,0.04878048780487805
Radial Night Chaser,Sanpo Saki My Life,37,0.03397612488521579,2,0.04878048780487805
Mizu to Ame ni Tsuite,cody beats,8,0.0073461891643709825,2,0.04878048780487805
Full Color Program,Hatch I need,17,0.015610651974288337,2,0.04878048780487805
Coffee Cup Syndrome,Counter Identity,4,0.0036730945821854912,2,0.04878048780487805
Gyakuten Sayonara,MR. Andy,13,0.011937557392102846,2,0.04878048780487805
MIDNIGHT JUNGLE,Orion wo Nazoru,3,0.0027548209366391185,2,0.04878048780487805
Full Color Program,Nagareboshi wo Uchi Otose,14,0.012855831037649219,2,0.04878048780487805
Hatch I need,Slow Curve wa Utenai (that made me crazy),34,0.031221303948576674,2,0.04878048780487805
Counter Identity,Dareka ga Wasurete iru Kamoshirenai Bokura ni Daijina 001 no Koto,4,0.0036730945821854912,2,0.04878048780487805
Houkago Marriage,Kimi no Hitomi ni Koishi Tenai,18,0.01652892561983471,2,0.04878048780487805
Chandelier Waltz,Houkago Marriage,18,0.01652892561983471,2,0.04878048780487805
Radial Night Chaser,Sugar Song to Bitter Step,40,0.03673094582185491,2,0.04878048780487805
Radial Night Chaser,kaleido proud fiesta,37,0.03397612488521579,2,0.04878048780487805
Gyakuten Sayonara,WINDOW Akeru,5,0.004591368227731864,2,0.04878048780487805
"10% roll, 10% romance",Radial Night Chaser,37,0.03397612488521579,2,0.04878048780487805
Cheap Cheap Endroll,Radial Night Chaser,37,0.03397612488521579,2,0.04878048780487805
Deirai Kyousou Gakudan,to the CIDER ROAD,2,0.0018365472910927456,2,0.04878048780487805
Chandelier Waltz,Radial Night Chaser,38,0.03489439853076217,2,0.04878048780487805
Hakoniwa Rock Show,Radial Night Chaser,37,0.03397612488521579,2,0.04878048780487805
Sayonara Summer Time Machine,Toushindai no Chikyu,2,0.0018365472910927456,2,0.04878048780487805
Haru ga Kite Bokura,Slow Curve wa Utenai (that made me crazy),35,0.03213957759412305,2,0.04878048780487805
5-bu-go no Stardust,Linear Blue wo Kikinagara,2,0.0018365472910927456,2,0.04878048780487805
Mikansei Daisy,like coffee no Omajinai,4,0.0036730945821854912,2,0.04878048780487805
Fiction Freak Crisis,harmonized finale,18,0.01652892561983471,2,0.04878048780487805
Phantom Joke,Sekai wa Fancy,42,0.03856749311294766,2,0.04878048780487805
Full Color Program,kaleido proud fiesta,19,0.017447199265381085,2,0.04878048780487805
Coffee Cup Syndrome,WINDOW Akeru,5,0.004591368227731864,2,0.04878048780487805
Ride on Time,Sekai wa Fancy,38,0.03489439853076217,2,0.04878048780487805
Deirai Kyousou Gakudan,Sayonara Summer Time Machine,7,0.006427915518824609,2,0.04878048780487805
Drum Solo,Tameiki shooting the MOON,7,0.006427915518824609,2,0.04878048780487805
5-bu-go no Stardust,kaleido proud fiesta,37,0.03397612488521579,2,0.04878048780487805
Sanpo Saki My Life,kaleido proud fiesta,38,0.03489439853076217,2,0.04878048780487805
"10% roll, 10% romance",5-bu-go no Stardust,38,0.03489439853076217,2,0.04878048780487805
Drum Solo,Hakoniwa Rock Show,9,0.008264462809917356,2,0.04878048780487805
5-bu-go no Stardust,Cheap Cheap Endroll,37,0.03397612488521579,2,0.04878048780487805
Cheap Cheap Endroll,Sanpo Saki My Life,40,0.03673094582185491,2,0.04878048780487805
5-bu-go no Stardust,Ryusei Kouro,4,0.0036730945821854912,2,0.04878048780487805
Chandelier Waltz,Chaos ga Kiwamaru,20,0.018365472910927456,2,0.04878048780487805
Deirai Kyousou Gakudan,Snow Reverse,7,0.006427915518824609,2,0.04878048780487805
Mikansei Daisy,Sayonara Summer Time Machine,8,0.0073461891643709825,2,0.04878048780487805
Sawarenai Uta,kaleido proud fiesta,4,0.0036730945821854912,2,0.04878048780487805
Gyakuten Sayonara,Sanpo Saki My Life,9,0.008264462809917356,2,0.04878048780487805
Childhood Supernova,Sayonara Summer Time Machine,4,0.0036730945821854912,2,0.04878048780487805
Childhood Supernova,Linear Blue wo Kikinagara,4,0.0036730945821854912,2,0.04878048780487805
Hakoniwa Rock Show,kaleido proud fiesta,37,0.03397612488521579,2,0.04878048780487805
"10% roll, 10% romance",Hakoniwa Rock Show,37,0.03397612488521579,2,0.04878048780487805
Cheap Cheap Endroll,Hakoniwa Rock Show,37,0.03397612488521579,2,0.04878048780487805
Kimi no Moto e,over driver,2,0.0018365472910927456,2,0.04878048780487805
Hatch I need,Sakura no Ato (all quartets lead to the?),18,0.01652892561983471,2,0.04878048780487805
Hatch I need,Kimi no Hitomi ni Koishi Tenai,16,0.014692378328741965,2,0.04878048780487805
Hatch I need,kaleido proud fiesta,20,0.018365472910927456,2,0.04878048780487805
Chandelier Waltz,over driver,3,0.0027548209366391185,2,0.04878048780487805
Cheap Cheap Endroll,Hatch I need,13,0.011937557392102846,2,0.04878048780487805
5-bu-go no Stardust,Mikansei Daisy,2,0.0018365472910927456,2,0.04878048780487805
Serenade ga Tomaranai,harmonized finale,20,0.018365472910927456,2,0.04878048780487805
Light Flat,Snow Reverse,7,0.006427915518824609,2,0.04878048780487805
Santa Claus wa Juutai-chuu,over driver,34,0.031221303948576674,2,0.04878048780487805
Koko de Atta ga Kemonomichi,Mikazuki no Yoru no Mannaka,32,0.02938475665748393,2,0.04878048780487805
Hikari Nodokeki Haru no Hi ni,Master Volume,3,0.0027548209366391185,2,0.04878048780487805
Mikazuki no Yoru no Mannaka,Santa Claus wa Juutai-chuu,32,0.02938475665748393,2,0.04878048780487805
Snow Reverse,flat song,32,0.02938475665748393,2,0.04878048780487805
Koko de Atta ga Kemonomichi,Snow Reverse,34,0.031221303948576674,2,0.04878048780487805
Gyakuten Sayonara,Scarsdale,5,0.004591368227731864,2,0.04878048780487805
Santa Claus wa Juutai-chuu,Snow Reverse,34,0.031221303948576674,2,0.04878048780487805
Snow Reverse,"kid, I like quartet",5,0.004591368227731864,2,0.04878048780487805
flat song,over driver,32,0.02938475665748393,2,0.04878048780487805
Koko de Atta ga Kemonomichi,over driver,34,0.031221303948576674,2,0.04878048780487805
Boku wa Kimi ni Naritai,over driver,33,0.030303030303030304,2,0.04878048780487805
Snow Reverse,over driver,35,0.03213957759412305,2,0.04878048780487805
Dareka ga Wasurete iru Kamoshirenai Bokura ni Daijina 001 no Koto,Hikari Nodokeki Haru no Hi ni,3,0.0027548209366391185,2,0.04878048780487805
5-bu-go no Stardust,Dareka ga Wasurete iru Kamoshirenai Bokura ni Daijina 001 no Koto,4,0.0036730945821854912,2,0.04878048780487805
Sawarenai Uta,flat song,31,0.028466483011937556,2,0.04878048780487805
Koko de Atta ga Kemonomichi,Sawarenai Uta,31,0.028466483011937556,2,0.04878048780487805
Dareka ga Wasurete iru Kamoshirenai Bokura ni Daijina 001 no Koto,over driver,4,0.0036730945821854912,2,0.04878048780487805
Santa Claus wa Juutai-chuu,Sawarenai Uta,31,0.028466483011937556,2,0.04878048780487805
Dareka ga Wasurete iru Kamoshirenai Bokura ni Daijina 001 no Koto,Snow Reverse,4,0.0036730945821854912,2,0.04878048780487805
Worldwide Supergirl,over driver,2,0.0018365472910927456,2,0.04878048780487805
5-bu-go no Stardust,Little Time Stop,31,0.028466483011937556,2,0.04878048780487805
Little Time Stop,flat song,32,0.02938475665748393,2,0.04878048780487805
Koko de Atta ga Kemonomichi,Little Time Stop,32,0.02938475665748393,2,0.04878048780487805
Boku wa Kimi ni Naritai,Little Time Stop,31,0.028466483011937556,2,0.04878048780487805
Mikazuki no Yoru no Mannaka,flat song,32,0.02938475665748393,2,0.04878048780487805
Boku wa Kimi ni Naritai,Santa Claus wa Juutai-chuu,33,0.030303030303030304,2,0.04878048780487805
Fiction Freak Crisis,Serenade ga Tomaranai,18,0.01652892561983471,2,0.04878048780487805
Coffee Cup Syndrome,Scarsdale,4,0.0036730945821854912,2,0.04878048780487805
Sekai wa Fancy,Serenade ga Tomaranai,21,0.01928374655647383,2,0.04878048780487805
Dareka ga Wasurete iru Kamoshirenai Bokura ni Daijina 001 no Koto,Ride on Time,20,0.018365472910927456,2,0.04878048780487805
Clover,harmonized finale,21,0.01928374655647383,2,0.04878048780487805
23:25,Instrumental Jam,7,0.006427915518824609,2,0.04878048780487805
Gyakuten Sayonara,Ride on Time,4,0.0036730945821854912,2,0.04878048780487805
Clover,Serenade ga Tomaranai,20,0.018365472910927456,2,0.04878048780487805
Light Flat,Sakura no Ato (all quartets lead to the?),4,0.0036730945821854912,2,0.04878048780487805
Itsuka no Shounen,Sora no Tobikata,4,0.0036730945821854912,2,0.04878048780487805
Natsukage Tail Light,Phantom Joke,41,0.03764921946740129,2,0.04878048780487805
Childhood Supernova,WINDOW Akeru,2,0.0018365472910927456,2,0.04878048780487805
Natsukage Tail Light,Ride on Time,36,0.03305785123966942,2,0.04878048780487805
Sekai wa Fancy,Tettoutetsubi Yonayona Drive,21,0.01928374655647383,2,0.04878048780487805
Koko de Atta ga Kemonomichi,Santa Claus wa Juutai-chuu,34,0.031221303948576674,2,0.04878048780487805
Ride on Time,Tettoutetsubi Yonayona Drive,22,0.020202020202020204,2,0.04878048780487805
Hakoniwa Rock Show,Protract Countdown,4,0.0036730945821854912,2,0.04878048780487805
Bokura no Sono Saki,Hakoniwa Rock Show,4,0.0036730945821854912,2,0.04878048780487805
5-bu-go no Stardust,flat song,31,0.028466483011937556,2,0.04878048780487805
5-bu-go no Stardust,Koko de Atta ga Kemonomichi,33,0.030303030303030304,2,0.04878048780487805
Koko de Atta ga Kemonomichi,flat song,32,0.02938475665748393,2,0.04878048780487805
5-bu-go no Stardust,Boku wa Kimi ni Naritai,34,0.031221303948576674,2,0.04878048780487805
Boku wa Kimi ni Naritai,flat song,31,0.028466483011937556,2,0.04878048780487805
Boku wa Kimi ni Naritai,Koko de Atta ga Kemonomichi,33,0.030303030303030304,2,0.04878048780487805
5-bu-go no Stardust,Santa Claus wa Juutai-chuu,33,0.030303030303030304,2,0.04878048780487805
Santa Claus wa Juutai-chuu,flat song,32,0.02938475665748393,2,0.04878048780487805
Sakura no Ato (all quartets lead to the?),cody beats,16,0.014692378328741965,2,0.04878048780487805
Sugar Song to Bitter Step,cody beats,18,0.01652892561983471,2,0.04878048780487805
5-bu-go no Stardust,Sugar Song to Bitter Step,38,0.03489439853076217,2,0.04878048780487805
CAPACITY Koeru,Linear Blue wo Kikinagara,6,0.005509641873278237,2,0.04878048780487805
Miss. Sandy,Tameiki shooting the MOON,27,0.024793388429752067,2,0.04878048780487805
Tameiki shooting the MOON,cody beats,25,0.02295684113865932,2,0.04878048780487805
Boku wa Kimi ni Naritai,Scarsdale,18,0.01652892561983471,2,0.04878048780487805
Ride on Time,Tameiki shooting the MOON,30,0.027548209366391185,2,0.04878048780487805
5-bu-go no Stardust,Clover,10,0.009182736455463728,2,0.04878048780487805
Worldwide Supergirl,harmonized finale,38,0.03489439853076217,2,0.04878048780487805
5-bu-go no Stardust,Toushindai no Chikyu,7,0.006427915518824609,2,0.04878048780487805
Hakoniwa Rock Show,Tameiki shooting the MOON,25,0.02295684113865932,2,0.04878048780487805
Serenade ga Tomaranai,Tameiki shooting the MOON,28,0.025711662075298437,2,0.04878048780487805
Counter Identity,Tameiki shooting the MOON,26,0.023875114784205693,2,0.04878048780487805
Itsuka no Shounen,Tameiki shooting the MOON,25,0.02295684113865932,2,0.04878048780487805
Karakuri Karukare,Sawarenai Uta,3,0.0027548209366391185,2,0.04878048780487805
Boku wa Kimi ni Naritai,Kimi no Moto e,18,0.01652892561983471,2,0.04878048780487805
Love Song wa Totsuzen ni? ~What is the name of that mystery??~,crazy birthday,25,0.02295684113865932,2,0.04878048780487805
Love Song wa Totsuzen ni? ~What is the name of that mystery??~,Miss. Sandy,25,0.02295684113865932,2,0.04878048780487805
Kimi wa Tomodachi,Love Song wa Totsuzen ni? ~What is the name of that mystery??~,25,0.02295684113865932,2,0.04878048780487805
Karakuri Karukare,Linear Blue wo Kikinagara,10,0.009182736455463728,2,0.04878048780487805
CAPACITY Koeru,MR. Andy,22,0.020202020202020204,2,0.04878048780487805
Love Song wa Totsuzen ni? ~What is the name of that mystery??~,Ride on Time,25,0.02295684113865932,2,0.04878048780487805
Love Song wa Totsuzen ni? ~What is the name of that mystery??~,to the CIDER ROAD,25,0.02295684113865932,2,0.04878048780487805
Cross Heart 1 Gousen (Advantage In a Long Time),Love Song wa Totsuzen ni? ~What is the name of that mystery??~,25,0.02295684113865932,2,0.04878048780487805
MR. Andy,Mikansei Daisy,20,0.018365472910927456,2,0.04878048780487805
CAPACITY Koeru,Mikansei Daisy,20,0.018365472910927456,2,0.04878048780487805
Love Song wa Totsuzen ni? ~What is the name of that mystery??~,like coffee no Omajinai,25,0.02295684113865932,2,0.04878048780487805
Boku wa Kimi ni Naritai,MR. Andy,18,0.01652892561983471,2,0.04878048780487805
Boku wa Kimi ni Naritai,Shupurehikouru ~Sekai ga Owaru Mae ni~,17,0.015610651974288337,2,0.04878048780487805
Tettoutetsubi Yonayona Drive,over driver,2,0.0018365472910927456,2,0.04878048780487805
Cross Heart 1 Gousen (Advantage In a Long Time),Full Color Program,25,0.02295684113865932,2,0.04878048780487805
Itsuka no Shounen,to the CIDER ROAD,25,0.02295684113865932,2,0.04878048780487805
Cross Heart 1 Gousen (Advantage In a Long Time),Itsuka no Shounen,25,0.02295684113865932,2,0.04878048780487805
Chandelier Waltz,Itsuka no Shounen,26,0.023875114784205693,2,0.04878048780487805
Itsuka no Shounen,like coffee no Omajinai,25,0.02295684113865932,2,0.04878048780487805
harmonized finale,like coffee no Omajinai,12,0.011019283746556474,2,0.04878048780487805
Itsuka no Shounen,Serenade ga Tomaranai,25,0.02295684113865932,2,0.04878048780487805
Itsuka no Shounen,Linear Blue wo Kikinagara,25,0.02295684113865932,2,0.04878048780487805
Instrumental Jam,harmonized finale,9,0.008264462809917356,2,0.04878048780487805
Full Color Program,Miss. Sandy,27,0.024793388429752067,2,0.04878048780487805
Instrumental Jam,like coffee no Omajinai,10,0.009182736455463728,2,0.04878048780487805
Chaos ga Kiwamaru,Silent Libre Mirage,8,0.0073461891643709825,2,0.04878048780487805
Atorakushon ga Hajimaru (they call it “NO.6”),Sekai wa Fancy,8,0.0073461891643709825,2,0.04878048780487805
MR. Andy,Shupurehikouru ~Sekai ga Owaru Mae ni~,19,0.017447199265381085,2,0.04878048780487805
Chaos ga Kiwamaru,"kid, I like quartet",11,0.010101010101010102,2,0.04878048780487805
Instrumental Jam,"kid, I like quartet",9,0.008264462809917356,2,0.04878048780487805
Sentimental Period,Shupurehikouru ~Sekai ga Owaru Mae ni~,20,0.018365472910927456,2,0.04878048780487805
Boku wa Kimi ni Naritai,Sentimental Period,18,0.01652892561983471,2,0.04878048780487805
Galileo no Showcase,Miss. Sandy,26,0.023875114784205693,2,0.04878048780487805
Galileo no Showcase,Kimi wa Tomodachi,25,0.02295684113865932,2,0.04878048780487805
Boku wa Kimi ni Naritai,Orion wo Nazoru,19,0.017447199265381085,2,0.04878048780487805
Boku wa Kimi ni Naritai,Worldwide Supergirl,18,0.01652892561983471,2,0.04878048780487805
Galileo no Showcase,to the CIDER ROAD,26,0.023875114784205693,2,0.04878048780487805
Boku wa Kimi ni Naritai,Linear Blue wo Kikinagara,3,0.0027548209366391185,2,0.04878048780487805
Cross Heart 1 Gousen (Advantage In a Long Time),Galileo no Showcase,25,0.02295684113865932,2,0.04878048780487805
Bachigai Hummingbird,Light Flat,2,0.0018365472910927456,2,0.04878048780487805
Light Flat,Scarsdale,2,0.0018365472910927456,2,0.04878048780487805
Itsuka no Shounen,Love Song wa Totsuzen ni? ~What is the name of that mystery??~,25,0.02295684113865932,2,0.04878048780487805
Bokura no Sono Saki,cody beats,17,0.015610651974288337,2,0.04878048780487805
Bokura no Sono Saki,Full Color Program,17,0.015610651974288337,2,0.04878048780487805
Mikazuki no Yoru no Mannaka,Sangatsu Monogatari,25,0.02295684113865932,2,0.04878048780487805
Bokura no Sono Saki,Counter Identity,17,0.015610651974288337,2,0.04878048780487805
CAPACITY Koeru,Counter Identity,18,0.01652892561983471,2,0.04878048780487805
3 minutes replay,Counter Identity,18,0.01652892561983471,2,0.04878048780487805
Sangatsu Monogatari,over driver,25,0.02295684113865932,2,0.04878048780487805
Mikansei Daisy,Shupurehikouru ~Sekai ga Owaru Mae ni~,18,0.01652892561983471,2,0.04878048780487805
Kimi no Moto e,Messenger From Zen Sekai,12,0.011019283746556474,2,0.04878048780487805
Little Time Stop,Sangatsu Monogatari,25,0.02295684113865932,2,0.04878048780487805
Gyakuten Sayonara,Sangatsu Monogatari,25,0.02295684113865932,2,0.04878048780487805
Bachigai Hummingbird,Bokura no Sono Saki,17,0.015610651974288337,2,0.04878048780487805
Sangatsu Monogatari,Snow Loop,25,0.02295684113865932,2,0.04878048780487805
Light Flat,"kid, I like quartet",4,0.0036730945821854912,2,0.04878048780487805
Radial Night Chaser,Sangatsu Monogatari,25,0.02295684113865932,2,0.04878048780487805
Love Song wa Totsuzen ni? ~What is the name of that mystery??~,Sangatsu Monogatari,25,0.02295684113865932,2,0.04878048780487805
MIDNIGHT JUNGLE,"Minority Report (darling, I love you)",12,0.011019283746556474,2,0.04878048780487805
23:25,MIDNIGHT JUNGLE,4,0.0036730945821854912,2,0.04878048780487805
Clover,"Nigatsu, Hakuchu no Nagareboshi to Hikoukigumo",10,0.009182736455463728,2,0.04878048780487805
Bokura no Sono Saki,Scarsdale,17,0.015610651974288337,2,0.04878048780487805
Boku wa Kimi ni Naritai,cody beats,20,0.018365472910927456,2,0.04878048780487805
Chandelier Waltz,Snow Reverse,7,0.006427915518824609,2,0.04878048780487805
Deirai Kyousou Gakudan,Linear Blue wo Kikinagara,3,0.0027548209366391185,2,0.04878048780487805
"Nigatsu, Hakuchu no Nagareboshi to Hikoukigumo",Sentimental Period,17,0.015610651974288337,2,0.04878048780487805
23:25,Hikari Nodokeki Haru no Hi ni,5,0.004591368227731864,2,0.04878048780487805
Sangatsu Monogatari,Santa Claus wa Juutai-chuu,25,0.02295684113865932,2,0.04878048780487805
Boku wa Kimi ni Naritai,Sangatsu Monogatari,25,0.02295684113865932,2,0.04878048780487805
Koko de Atta ga Kemonomichi,Sangatsu Monogatari,25,0.02295684113865932,2,0.04878048780487805
Sangatsu Monogatari,flat song,25,0.02295684113865932,2,0.04878048780487805
MR. Andy,over driver,4,0.0036730945821854912,2,0.04878048780487805
Love Song wa Totsuzen ni? ~What is the name of that mystery??~,Tameiki shooting the MOON,25,0.02295684113865932,2,0.04878048780487805
Mikansei Daisy,Sentimental Period,19,0.017447199265381085,2,0.04878048780487805
Bokura no Sono Saki,Sentimental Period,17,0.015610651974288337,2,0.04878048780487805
Bokura no Sono Saki,Orion wo Nazoru,17,0.015610651974288337,2,0.04878048780487805
Cross Heart 1 Gousen (Advantage In a Long Time),Orion wo Nazoru,27,0.024793388429752067,2,0.04878048780487805
3 minutes replay,Galileo no Showcase,18,0.01652892561983471,2,0.04878048780487805
Orion wo Nazoru,Serenade ga Tomaranai,35,0.03213957759412305,2,0.04878048780487805
Itsuka no Shounen,Orion wo Nazoru,26,0.023875114784205693,2,0.04878048780487805
Counter Identity,Protract Countdown,18,0.01652892561983471,2,0.04878048780487805
Instrumental Jam,Toushindai no Chikyu,5,0.004591368227731864,2,0.04878048780487805
Messenger From Zen Sekai,Protract Countdown,15,0.013774104683195593,2,0.04878048780487805
Mikansei Daisy,Protract Countdown,17,0.015610651974288337,2,0.04878048780487805
Drum Solo,Silent Libre Mirage,27,0.024793388429752067,2,0.04878048780487805
Instrumental Jam,Yoru ga Yureteiru,24,0.02203856749311295,2,0.04878048780487805
"Catch up, latency",Drum Solo,10,0.009182736455463728,2,0.04878048780487805
"Catch up, latency",Instrumental Jam,9,0.008264462809917356,2,0.04878048780487805
3 minutes replay,Protract Countdown,17,0.015610651974288337,2,0.04878048780487805
Galileo no Showcase,Silent Libre Mirage,13,0.011937557392102846,2,0.04878048780487805
"Catch up, latency",Galileo no Showcase,15,0.013774104683195593,2,0.04878048780487805
Worldwide Supergirl,cody beats,17,0.015610651974288337,2,0.04878048780487805
5-bu-go no Stardust,Sangatsu Monogatari,25,0.02295684113865932,2,0.04878048780487805
3 minutes replay,Worldwide Supergirl,18,0.01652892561983471,2,0.04878048780487805
Cross Heart 1 Gousen (Advantage In a Long Time),Tameiki shooting the MOON,25,0.02295684113865932,2,0.04878048780487805
Master Volume,Ryusei no Squall,30,0.027548209366391185,2,0.04878048780487805
5-bu-go no Stardust,Deirai Kyousou Gakudan,12,0.011019283746556474,2,0.04878048780487805
Coffee Cup Syndrome,Kimi no Moto e,27,0.024793388429752067,2,0.04878048780487805
Mekator Jikuu Tankentai,Siren in the Spy,38,0.03489439853076217,2,0.04878048780487805
Kimi ga Otona ni Natte Shimau Mae ni,Mekator Jikuu Tankentai,37,0.03397612488521579,2,0.04878048780487805
Karakuri Karukare,Mekator Jikuu Tankentai,39,0.03581267217630854,2,0.04878048780487805
Dareka ga Wasurete iru Kamoshirenai Bokura ni Daijina 001 no Koto,Hakoniwa Rock Show,27,0.024793388429752067,2,0.04878048780487805
Hakoniwa Rock Show,Sawarenai Uta,27,0.024793388429752067,2,0.04878048780487805
Hakoniwa Rock Show,Kimi no Moto e,30,0.027548209366391185,2,0.04878048780487805
"Yuunagi, Ensemble","kid, I like quartet",27,0.024793388429752067,2,0.04878048780487805
Bachigai Hummingbird,"Yuunagi, Ensemble",26,0.023875114784205693,2,0.04878048780487805
Childhood Supernova,Coffee Cup Syndrome,40,0.03673094582185491,2,0.04878048780487805
Coffee Cup Syndrome,"kid, I like quartet",27,0.024793388429752067,2,0.04878048780487805
Coffee Cup Syndrome,Dareka ga Wasurete iru Kamoshirenai Bokura ni Daijina 001 no Koto,27,0.024793388429752067,2,0.04878048780487805
Bachigai Hummingbird,Siren in the Spy,43,0.03948576675849403,2,0.04878048780487805
Bachigai Hummingbird,Mekator Jikuu Tankentai,37,0.03397612488521579,2,0.04878048780487805
Coffee Cup Syndrome,"Yuunagi, Ensemble",29,0.02662993572084481,2,0.04878048780487805
Otonoba Chukan Shiken,Shoegazer Speaker,40,0.03673094582185491,2,0.04878048780487805
Bachigai Hummingbird,Kimi ga Otona ni Natte Shimau Mae ni,37,0.03397612488521579,2,0.04878048780487805
Dareka ga Wasurete iru Kamoshirenai Bokura ni Daijina 001 no Koto,Otonoba Chukan Shiken,37,0.03397612488521579,2,0.04878048780487805
Siren in the Spy,instant EGOIST,40,0.03673094582185491,2,0.04878048780487805
Siren in the Spy,Tengoku to Jigoku,55,0.050505050505050504,2,0.04878048780487805
Kimi ga Otona ni Natte Shimau Mae ni,Siren in the Spy,37,0.03397612488521579,2,0.04878048780487805
Karakuri Karukare,Siren in the Spy,38,0.03489439853076217,2,0.04878048780487805
Siren in the Spy,crazy birthday,41,0.03764921946740129,2,0.04878048780487805
Sakura no Ato (all quartets lead to the?),Siren in the Spy,55,0.050505050505050504,2,0.04878048780487805
Shoegazer Speaker,Siren in the Spy,44,0.04040404040404041,2,0.04878048780487805
Hakoniwa Rock Show,Ryusei no Squall,27,0.024793388429752067,2,0.04878048780487805
Shoegazer Speaker,to the CIDER ROAD,37,0.03397612488521579,2,0.04878048780487805
Kimi ga Otona ni Natte Shimau Mae ni,instant EGOIST,37,0.03397612488521579,2,0.04878048780487805
Dareka ga Wasurete iru Kamoshirenai Bokura ni Daijina 001 no Koto,Ryusei no Squall,43,0.03948576675849403,2,0.04878048780487805
Scarsdale,Tengoku to Jigoku,41,0.03764921946740129,2,0.04878048780487805
"Minority Report (darling, I love you)",Tengoku to Jigoku,36,0.03305785123966942,2,0.04878048780487805
"Majority Report (darling, I love you)",Tengoku to Jigoku,39,0.03581267217630854,2,0.04878048780487805
Childhood Supernova,Sakura no Ato (all quartets lead to the?),28,0.025711662075298437,2,0.04878048780487805
Childhood Supernova,Ryusei no Squall,26,0.023875114784205693,2,0.04878048780487805
23:25,Kimi ga Otona ni Natte Shimau Mae ni,37,0.03397612488521579,2,0.04878048780487805
Childhood Supernova,Tettoutetsubi Yonayona Drive,29,0.02662993572084481,2,0.04878048780487805
Shoegazer Speaker,"kid, I like quartet",50,0.04591368227731864,2,0.04878048780487805
Dareka ga Wasurete iru Kamoshirenai Bokura ni Daijina 001 no Koto,Shoegazer Speaker,49,0.04499540863177227,2,0.04878048780487805
Dareka ga Wasurete iru Kamoshirenai Bokura ni Daijina 001 no Koto,Sugar Song to Bitter Step,56,0.051423324150596875,2,0.04878048780487805
Dareka ga Wasurete iru Kamoshirenai Bokura ni Daijina 001 no Koto,Sakura no Ato (all quartets lead to the?),31,0.028466483011937556,2,0.04878048780487805
Dareka ga Wasurete iru Kamoshirenai Bokura ni Daijina 001 no Koto,Pandemic Sudden Death,50,0.04591368227731864,2,0.04878048780487805
Nani ka ga Kawari So,to the CIDER ROAD,38,0.03489439853076217,2,0.04878048780487805
Dareka ga Wasurete iru Kamoshirenai Bokura ni Daijina 001 no Koto,Tengoku to Jigoku,38,0.03489439853076217,2,0.04878048780487805
Childhood Supernova,Sawarenai Uta,26,0.023875114784205693,2,0.04878048780487805
Sawarenai Uta,Tengoku to Jigoku,28,0.025711662075298437,2,0.04878048780487805
Dareka ga Wasurete iru Kamoshirenai Bokura ni Daijina 001 no Koto,Sawarenai Uta,43,0.03948576675849403,2,0.04878048780487805
Kimi no Moto e,Sakura no Ato (all quartets lead to the?),37,0.03397612488521579,2,0.04878048780487805
Chandelier Waltz,instant EGOIST,43,0.03948576675849403,2,0.04878048780487805
Kimi no Moto e,Tengoku to Jigoku,52,0.047750229568411386,2,0.04878048780487805
Chandelier Waltz,Kimi ga Otona ni Natte Shimau Mae ni,37,0.03397612488521579,2,0.04878048780487805
Dareka ga Wasurete iru Kamoshirenai Bokura ni Daijina 001 no Koto,Kimi no Moto e,45,0.04132231404958678,2,0.04878048780487805
Siren in the Spy,to the CIDER ROAD,37,0.03397612488521579,2,0.04878048780487805
Kimi ga Otona ni Natte Shimau Mae ni,to the CIDER ROAD,37,0.03397612488521579,2,0.04878048780487805
Kimi ga Otona ni Natte Shimau Mae ni,Tettoutetsubi Yonayona Drive,36,0.03305785123966942,2,0.04878048780487805
Orion wo Nazoru,"Yuunagi, Ensemble",26,0.023875114784205693,2,0.04878048780487805
Scarsdale,kaleido proud fiesta,22,0.020202020202020204,2,0.04878048780487805
harmonized finale,instant EGOIST,41,0.03764921946740129,2,0.04878048780487805
CAPACITY Koeru,Sayonara Summer Time Machine,5,0.004591368227731864,2,0.04878048780487805
Karakuri Karukare,Sayonara Summer Time Machine,6,0.005509641873278237,2,0.04878048780487805
Bachigai Hummingbird,Sayonara Summer Time Machine,25,0.02295684113865932,2,0.04878048780487805
23:25,Sayonara Summer Time Machine,21,0.01928374655647383,2,0.04878048780487805
Sayonara Summer Time Machine,"kid, I like quartet",25,0.02295684113865932,2,0.04878048780487805
Master Volume,Sayonara Summer Time Machine,20,0.018365472910927456,2,0.04878048780487805
CAPACITY Koeru,Hakoniwa Rock Show,30,0.027548209366391185,2,0.04878048780487805
CAPACITY Koeru,Scarsdale,22,0.020202020202020204,2,0.04878048780487805
CAPACITY Koeru,Full Color Program,20,0.018365472910927456,2,0.04878048780487805
23:25,CAPACITY Koeru,19,0.017447199265381085,2,0.04878048780487805
CAPACITY Koeru,Master Volume,6,0.005509641873278237,2,0.04878048780487805
crazy birthday,instant EGOIST,40,0.03673094582185491,2,0.04878048780487805
Deirai Kyousou Gakudan,Sayonara Dai Kyu Wakusei,16,0.014692378328741965,2,0.04878048780487805
Mekator Jikuu Tankentai,to the CIDER ROAD,38,0.03489439853076217,2,0.04878048780487805
Mekator Jikuu Tankentai,harmonized finale,38,0.03489439853076217,2,0.04878048780487805
Mekator Jikuu Tankentai,crazy birthday,40,0.03673094582185491,2,0.04878048780487805
Hitori Omou wa Ame no Naka,Sanpo Saki My Life,6,0.005509641873278237,2,0.04878048780487805
Sanpo Saki My Life,Sayonara Dai Kyu Wakusei,13,0.011937557392102846,2,0.04878048780487805
Hitori Omou wa Ame no Naka,WINDOW Akeru,6,0.005509641873278237,2,0.04878048780487805
Mekator Jikuu Tankentai,instant EGOIST,39,0.03581267217630854,2,0.04878048780487805
Itsuka no Shounen,WINDOW Akeru,13,0.011937557392102846,2,0.04878048780487805
Sayonara Dai Kyu Wakusei,WINDOW Akeru,13,0.011937557392102846,2,0.04878048780487805
Mizu to Ame ni Tsuite,Toushindai no Chikyu,22,0.020202020202020204,2,0.04878048780487805
Deirai Kyousou Gakudan,Mizu to Ame ni Tsuite,34,0.031221303948576674,2,0.04878048780487805
Deirai Kyousou Gakudan,Hakoniwa Rock Show,25,0.02295684113865932,2,0.04878048780487805
Galileo no Showcase,"Majority Report (darling, I love you)",5,0.004591368227731864,2,0.04878048780487805
Nani ka ga Kawari So,instant EGOIST,38,0.03489439853076217,2,0.04878048780487805
Scarsdale,Tettoutetsubi Yonayona Drive,22,0.020202020202020204,2,0.04878048780487805
Karakuri Karukare,instant EGOIST,40,0.03673094582185491,2,0.04878048780487805
Shoegazer Speaker,instant EGOIST,37,0.03397612488521579,2,0.04878048780487805
Kimi ga Otona ni Natte Shimau Mae ni,Tengoku to Jigoku,37,0.03397612488521579,2,0.04878048780487805
Kimi ga Otona ni Natte Shimau Mae ni,Nani ka ga Kawari So,37,0.03397612488521579,2,0.04878048780487805
Airabuniju,Toushindai no Chikyu,3,0.0027548209366391185,2,0.04878048780487805
Chandelier Waltz,Coffee Cup Syndrome,27,0.024793388429752067,2,0.04878048780487805
Karakuri Karukare,Kimi ga Otona ni Natte Shimau Mae ni,37,0.03397612488521579,2,0.04878048780487805
Kimi ga Otona ni Natte Shimau Mae ni,crazy birthday,37,0.03397612488521579,2,0.04878048780487805
Kimi ga Otona ni Natte Shimau Mae ni,Sakura no Ato (all quartets lead to the?),37,0.03397612488521579,2,0.04878048780487805
Kimi ga Otona ni Natte Shimau Mae ni,Shoegazer Speaker,37,0.03397612488521579,2,0.04878048780487805
Karakuri Karukare,Nani ka ga Kawari So,42,0.03856749311294766,2,0.04878048780487805
Nani ka ga Kawari So,crazy birthday,40,0.03673094582185491,2,0.04878048780487805
Mikansei Daisy,Sawarenai Uta,4,0.0036730945821854912,2,0.04878048780487805
Scarsdale,mix juice no Iutouri,39,0.03581267217630854,2,0.04878048780487805
Nani ka ga Kawari So,Shoegazer Speaker,41,0.03764921946740129,2,0.04878048780487805
BUSTER DICE MISERY,Scarsdale,38,0.03489439853076217,2,0.04878048780487805
Karakuri Karukare,Shoegazer Speaker,37,0.03397612488521579,2,0.04878048780487805
Shoegazer Speaker,crazy birthday,37,0.03397612488521579,2,0.04878048780487805
"Minority Report (darling, I love you)",Orion wo Nazoru,25,0.02295684113865932,2,0.04878048780487805
Orion wo Nazoru,Otonoba Chukan Shiken,57,0.05234159779614325,2,0.04878048780487805
Atorakushon ga Hajimaru (they call it “NO.6”),Tameiki shooting the MOON,8,0.0073461891643709825,2,0.04878048780487805
Protract Countdown,to the CIDER ROAD,5,0.004591368227731864,2,0.04878048780487805
Silent Libre Mirage,to the CIDER ROAD,29,0.02662993572084481,2,0.04878048780487805
MR. Andy,Sayonara Dai Kyu Wakusei,32,0.02938475665748393,2,0.04878048780487805
Tengoku to Jigoku,Toushindai no Chikyu,40,0.03673094582185491,2,0.04878048780487805
23:25,Siren in the Spy,38,0.03489439853076217,2,0.04878048780487805
Ryusei Kouro,Toushindai no Chikyu,9,0.008264462809917356,2,0.04878048780487805
MR. Andy,Worldwide Supergirl,35,0.03213957759412305,2,0.04878048780487805
Momai termination,harmonized finale,39,0.03581267217630854,2,0.04878048780487805
Siren in the Spy,harmonized finale,38,0.03489439853076217,2,0.04878048780487805
Kimi ga Otona ni Natte Shimau Mae ni,harmonized finale,37,0.03397612488521579,2,0.04878048780487805
23:25,Snow Answer,2,0.0018365472910927456,2,0.04878048780487805
Full Color Program,Snow Answer,2,0.0018365472910927456,2,0.04878048780487805
Scarsdale,Snow Answer,3,0.0027548209366391185,2,0.04878048780487805
Snow Answer,over driver,2,0.0018365472910927456,2,0.04878048780487805
23:25,over driver,4,0.0036730945821854912,2,0.04878048780487805
Orion wo Nazoru,Snow Answer,2,0.0018365472910927456,2,0.04878048780487805
Nani ka ga Kawari So,harmonized finale,37,0.03397612488521579,2,0.04878048780487805
Dareka ga Wasurete iru Kamoshirenai Bokura ni Daijina 001 no Koto,Worldwide Supergirl,22,0.020202020202020204,2,0.04878048780487805
MR. Andy,Protract Countdown,21,0.01928374655647383,2,0.04878048780487805
Momai termination,Orion wo Nazoru,47,0.04315886134067952,2,0.04878048780487805
Dareka ga Wasurete iru Kamoshirenai Bokura ni Daijina 001 no Koto,MR. Andy,47,0.04315886134067952,2,0.04878048780487805
Karakuri Karukare,harmonized finale,38,0.03489439853076217,2,0.04878048780487805
Shoegazer Speaker,harmonized finale,38,0.03489439853076217,2,0.04878048780487805
Momai termination,Nagareboshi wo Uchi Otose,39,0.03581267217630854,2,0.04878048780487805
23:25,Nagareboshi wo Uchi Otose,37,0.03397612488521579,2,0.04878048780487805
Nagareboshi wo Uchi Otose,to the CIDER ROAD,37,0.03397612488521579,2,0.04878048780487805
Messenger From Zen Sekai,Scarsdale,23,0.021120293847566574,2,0.04878048780487805
Mekator Jikuu Tankentai,Nagareboshi wo Uchi Otose,39,0.03581267217630854,2,0.04878048780487805
Bachigai Hummingbird,Nagareboshi wo Uchi Otose,45,0.04132231404958678,2,0.04878048780487805
Nagareboshi wo Uchi Otose,Siren in the Spy,38,0.03489439853076217,2,0.04878048780487805
Messenger From Zen Sekai,Ride on Time,30,0.027548209366391185,2,0.04878048780487805
Nagareboshi wo Uchi Otose,Orion wo Nazoru,44,0.04040404040404041,2,0.04878048780487805
Mekator Jikuu Tankentai,Orion wo Nazoru,39,0.03581267217630854,2,0.04878048780487805
Airabuniju,Messenger From Zen Sekai,20,0.018365472910927456,2,0.04878048780487805
Tasogare in the Spy,instant EGOIST,39,0.03581267217630854,2,0.04878048780487805
Momai termination,WINDOW Akeru,37,0.03397612488521579,2,0.04878048780487805
Siren in the Spy,WINDOW Akeru,38,0.03489439853076217,2,0.04878048780487805
WINDOW Akeru,instant EGOIST,37,0.03397612488521579,2,0.04878048780487805
Tengoku to Jigoku,WINDOW Akeru,40,0.03673094582185491,2,0.04878048780487805
Kimi ga Otona ni Natte Shimau Mae ni,WINDOW Akeru,37,0.03397612488521579,2,0.04878048780487805
Nagareboshi wo Uchi Otose,WINDOW Akeru,37,0.03397612488521579,2,0.04878048780487805
Nani ka ga Kawari So,WINDOW Akeru,38,0.03489439853076217,2,0.04878048780487805
WINDOW Akeru,harmonized finale,38,0.03489439853076217,2,0.04878048780487805
Tasogare in the Spy,crazy birthday,37,0.03397612488521579,2,0.04878048780487805
Karakuri Karukare,Tasogare in the Spy,37,0.03397612488521579,2,0.04878048780487805
Kimi ga Otona ni Natte Shimau Mae ni,Tasogare in the Spy,37,0.03397612488521579,2,0.04878048780487805
Siren in the Spy,Tasogare in the Spy,38,0.03489439853076217,2,0.04878048780487805
Orion wo Nazoru,Siren in the Spy,49,0.04499540863177227,2,0.04878048780487805
WINDOW Akeru,crazy birthday,37,0.03397612488521579,2,0.04878048780487805
Mekator Jikuu Tankentai,Tasogare in the Spy,38,0.03489439853076217,2,0.04878048780487805
Tasogare in the Spy,to the CIDER ROAD,37,0.03397612488521579,2,0.04878048780487805
23:25,Tasogare in the Spy,37,0.03397612488521579,2,0.04878048780487805
Momai termination,Tasogare in the Spy,38,0.03489439853076217,2,0.04878048780487805
Nagareboshi wo Uchi Otose,Tasogare in the Spy,37,0.03397612488521579,2,0.04878048780487805
Tasogare in the Spy,harmonized finale,38,0.03489439853076217,2,0.04878048780487805
Tasogare in the Spy,WINDOW Akeru,37,0.03397612488521579,2,0.04878048780487805
Sakura no Ato (all quartets lead to the?),WINDOW Akeru,41,0.03764921946740129,2,0.04878048780487805
Nagareboshi wo Uchi Otose,harmonized finale,40,0.03673094582185491,2,0.04878048780487805
Kimi ga Otona ni Natte Shimau Mae ni,Orion wo Nazoru,37,0.03397612488521579,2,0.04878048780487805
Nagareboshi wo Uchi Otose,Tettoutetsubi Yonayona Drive,36,0.03305785123966942,2,0.04878048780487805
Nagareboshi wo Uchi Otose,instant EGOIST,37,0.03397612488521579,2,0.04878048780487805
Natsukage Tail Light,Tengoku to Jigoku,41,0.03764921946740129,2,0.04878048780487805
23:25,Sekai wa Fancy,21,0.01928374655647383,2,0.04878048780487805
Mekator Jikuu Tankentai,Momai termination,39,0.03581267217630854,2,0.04878048780487805
Momai termination,Siren in the Spy,41,0.03764921946740129,2,0.04878048780487805
Sentimental Period,Yoru ga Yureteiru,26,0.023875114784205693,2,0.04878048780487805
Momai termination,instant EGOIST,42,0.03856749311294766,2,0.04878048780487805
Anti-Trendy Club,Ride on Time,21,0.01928374655647383,2,0.04878048780487805
Invisible Sensation,Sekai wa Fancy,48,0.0440771349862259,2,0.04878048780487805
Anti-Trendy Club,Sekai wa Fancy,25,0.02295684113865932,2,0.04878048780487805
Millennium Happy Chainsaw Edge,Sekai wa Fancy,21,0.01928374655647383,2,0.04878048780487805
Momai termination,Tengoku to Jigoku,49,0.04499540863177227,2,0.04878048780487805
Kimi ga Otona ni Natte Shimau Mae ni,Momai termination,37,0.03397612488521579,2,0.04878048780487805
23:25,Anti-Trendy Club,21,0.01928374655647383,2,0.04878048780487805
Chaos ga Kiwamaru,Ride on Time,23,0.021120293847566574,2,0.04878048780487805
Chandelier Waltz,Momai termination,40,0.03673094582185491,2,0.04878048780487805
Momai termination,Nani ka ga Kawari So,41,0.03764921946740129,2,0.04878048780487805
23:25,Chaos ga Kiwamaru,23,0.021120293847566574,2,0.04878048780487805
Ride on Time,Scarsdale,36,0.03305785123966942,2,0.04878048780487805
Karakuri Karukare,Momai termination,38,0.03489439853076217,2,0.04878048780487805
Anti-Trendy Club,Tengoku to Jigoku,21,0.01928374655647383,2,0.04878048780487805
Momai termination,Sakura no Ato (all quartets lead to the?),47,0.04315886134067952,2,0.04878048780487805
Momai termination,Shoegazer Speaker,38,0.03489439853076217,2,0.04878048780487805
Anti-Trendy Club,Phrase Bottle Bye Bye,20,0.018365472910927456,2,0.04878048780487805
Phrase Bottle Bye Bye,Sekai wa Fancy,23,0.021120293847566574,2,0.04878048780487805
Chaos ga Kiwamaru,Phrase Bottle Bye Bye,23,0.021120293847566574,2,0.04878048780487805
Invisible Sensation,Natsukage Tail Light,39,0.03581267217630854,2,0.04878048780487805
Momai termination,to the CIDER ROAD,37,0.03397612488521579,2,0.04878048780487805
Counter Identity,meet the world time,16,0.014692378328741965,2,0.04878048780487805
Nagareboshi wo Uchi Otose,Tengoku to Jigoku,49,0.04499540863177227,2,0.04878048780487805
Hakoniwa Rock Show,Momai termination,38,0.03489439853076217,2,0.04878048780487805
Kimi ga Otona ni Natte Shimau Mae ni,Nagareboshi wo Uchi Otose,37,0.03397612488521579,2,0.04878048780487805
Nagareboshi wo Uchi Otose,Nani ka ga Kawari So,39,0.03581267217630854,2,0.04878048780487805
Karakuri Karukare,Nagareboshi wo Uchi Otose,38,0.03489439853076217,2,0.04878048780487805
Master Volume,Yoru ga Yureteiru,26,0.023875114784205693,2,0.04878048780487805
Little Time Stop,Mikazuki no Yoru no Mannaka,32,0.02938475665748393,2,0.04878048780487805
Ride on Time,Yoru ga Yureteiru,26,0.023875114784205693,2,0.04878048780487805
Airabuniju,Yoru ga Yureteiru,19,0.017447199265381085,2,0.04878048780487805
Messenger From Zen Sekai,Yoru ga Yureteiru,26,0.023875114784205693,2,0.04878048780487805
MR. Andy,Yoru ga Yureteiru,26,0.023875114784205693,2,0.04878048780487805
Nagareboshi wo Uchi Otose,crazy birthday,43,0.03948576675849403,2,0.04878048780487805
Nagareboshi wo Uchi Otose,Shoegazer Speaker,39,0.03581267217630854,2,0.04878048780487805
Counter Identity,Messenger From Zen Sekai,28,0.025711662075298437,2,0.04878048780487805
Yoru ga Yureteiru,meet the world time,26,0.023875114784205693,2,0.04878048780487805
Hakoniwa Rock Show,Mekator Jikuu Tankentai,37,0.03397612488521579,2,0.04878048780487805
Airabuniju,Itsuka no Shounen,4,0.0036730945821854912,2,0.04878048780487805
Itsuka no Shounen,Messenger From Zen Sekai,7,0.006427915518824609,2,0.04878048780487805
Hakoniwa Rock Show,Siren in the Spy,38,0.03489439853076217,2,0.04878048780487805
Hakoniwa Rock Show,instant EGOIST,38,0.03489439853076217,2,0.04878048780487805
Clover,Messenger From Zen Sekai,9,0.008264462809917356,2,0.04878048780487805
Scarsdale,meet the world time,16,0.014692378328741965,2,0.04878048780487805
Hakoniwa Rock Show,Kimi ga Otona ni Natte Shimau Mae ni,37,0.03397612488521579,2,0.04878048780487805
Hakoniwa Rock Show,Nani ka ga Kawari So,39,0.03581267217630854,2,0.04878048780487805
Ride on Time,meet the world time,26,0.023875114784205693,2,0.04878048780487805
MR. Andy,meet the world time,29,0.02662993572084481,2,0.04878048780487805
Master Volume,Ryusei Kouro,7,0.006427915518824609,2,0.04878048780487805
Karakuri Karukare,Mizu to Ame ni Tsuite,37,0.03397612488521579,2,0.04878048780487805
Gyakuten Sayonara,Karakuri Karukare,8,0.0073461891643709825,2,0.04878048780487805
Simple Simple Anecdote,Sugar Song to Bitter Step,28,0.025711662075298437,2,0.04878048780487805
Dizzy Trickster,Karakuri Karukare,21,0.01928374655647383,2,0.04878048780487805
Invisible Sensation,Otonoba Chukan Shiken,36,0.03305785123966942,2,0.04878048780487805
Full Color Program,over driver,7,0.006427915518824609,2,0.04878048780487805
Orchestra o Mi ni Ikou,Tengoku to Jigoku,22,0.020202020202020204,2,0.04878048780487805
Scarsdale,over driver,7,0.006427915518824609,2,0.04878048780487805
Otonoba Chukan Shiken,Simple Simple Anecdote,26,0.023875114784205693,2,0.04878048780487805
Otonoba Chukan Shiken,Sekai wa Fancy,28,0.025711662075298437,2,0.04878048780487805
Sora no Tobikata,over driver,8,0.0073461891643709825,2,0.04878048780487805
Sekai wa Fancy,Simple Simple Anecdote,28,0.025711662075298437,2,0.04878048780487805
Simple Simple Anecdote,Tengoku to Jigoku,28,0.025711662075298437,2,0.04878048780487805
Instrumental Jam,Simple Simple Anecdote,26,0.023875114784205693,2,0.04878048780487805
Hatch I need,Mermaid Scandalous,25,0.02295684113865932,2,0.04878048780487805
Dizzy Trickster,Sekai wa Fancy,22,0.020202020202020204,2,0.04878048780487805
Instrumental Jam,Sekai wa Fancy,28,0.025711662075298437,2,0.04878048780487805
Karakuri Karukare,Sugar Song to Bitter Step,36,0.03305785123966942,2,0.04878048780487805
cody beats,over driver,5,0.004591368227731864,2,0.04878048780487805
Mermaid Scandalous,Sugar Song to Bitter Step,23,0.021120293847566574,2,0.04878048780487805
Kimi no Hitomi ni Koishi Tenai,harmonized finale,12,0.011019283746556474,2,0.04878048780487805
"Catch up, latency",harmonized finale,6,0.005509641873278237,2,0.04878048780487805
Nano Size Skywalk,harmonized finale,36,0.03305785123966942,2,0.04878048780487805
Mikansei Daisy,Scarsdale,22,0.020202020202020204,2,0.04878048780487805
Linear Blue wo Kikinagara,Seihitsu Kanbi Akigure Jojou,5,0.004591368227731864,2,0.04878048780487805
Nano Size Skywalk,Orion wo Nazoru,36,0.03305785123966942,2,0.04878048780487805
harmonized finale,mix juice no Iutouri,16,0.014692378328741965,2,0.04878048780487805
Dizzy Trickster,Tengoku to Jigoku,22,0.020202020202020204,2,0.04878048780487805
Haru ga Kite Bokura,Mermaid Scandalous,25,0.02295684113865932,2,0.04878048780487805
RUNNERS HIGH REPRISE,mix juice no Iutouri,12,0.011019283746556474,2,0.04878048780487805
"10% roll, 10% romance",Tengoku to Jigoku,23,0.021120293847566574,2,0.04878048780487805
Full Color Program,Kirai = Kirai,32,0.02938475665748393,2,0.04878048780487805
Sayonara Summer Time Machine,Tettoutetsubi Yonayona Drive,17,0.015610651974288337,2,0.04878048780487805
Linear Blue wo Kikinagara,Sayonara Summer Time Machine,21,0.01928374655647383,2,0.04878048780487805
Dareka ga Wasurete iru Kamoshirenai Bokura ni Daijina 001 no Koto,Linear Blue wo Kikinagara,38,0.03489439853076217,2,0.04878048780487805
Kimi no Moto e,Sayonara Summer Time Machine,19,0.017447199265381085,2,0.04878048780487805
Kimi no Moto e,MR. Andy,38,0.03489439853076217,2,0.04878048780487805
Kimi no Moto e,Sora no Tobikata,8,0.0073461891643709825,2,0.04878048780487805
Chandelier Waltz,MR. Andy,47,0.04315886134067952,2,0.04878048780487805
Sawarenai Uta,Sayonara Summer Time Machine,21,0.01928374655647383,2,0.04878048780487805
Mikazuki no Yoru no Mannaka,Sayonara Summer Time Machine,21,0.01928374655647383,2,0.04878048780487805
Sawarenai Uta,Sora no Tobikata,4,0.0036730945821854912,2,0.04878048780487805
Sawarenai Uta,Scarsdale,20,0.018365472910927456,2,0.04878048780487805
Sayonara Summer Time Machine,Snow Reverse,6,0.005509641873278237,2,0.04878048780487805
Mikazuki no Yoru no Mannaka,Sora no Tobikata,4,0.0036730945821854912,2,0.04878048780487805
Kirai = Kirai,Sora no Tobikata,14,0.012855831037649219,2,0.04878048780487805
Kirai = Kirai,Master Volume,32,0.02938475665748393,2,0.04878048780487805
Tengoku to Jigoku,kaleido proud fiesta,35,0.03213957759412305,2,0.04878048780487805
Childhood Supernova,MR. Andy,23,0.021120293847566574,2,0.04878048780487805
Toushindai no Chikyu,"Yuunagi, Ensemble",9,0.008264462809917356,2,0.04878048780487805
Full Color Program,"Yuunagi, Ensemble",9,0.008264462809917356,2,0.04878048780487805
"Nigatsu, Hakuchu no Nagareboshi to Hikoukigumo",Toushindai no Chikyu,9,0.008264462809917356,2,0.04878048780487805
Full Color Program,"Nigatsu, Hakuchu no Nagareboshi to Hikoukigumo",19,0.017447199265381085,2,0.04878048780487805
Childhood Supernova,Karakuri Karukare,18,0.01652892561983471,2,0.04878048780487805
Gyakuten Sayonara,Sayonara Summer Time Machine,4,0.0036730945821854912,2,0.04878048780487805
Ikenai fool logic,mix juice no Iutouri,31,0.028466483011937556,2,0.04878048780487805
Mizu to Ame ni Tsuite,mouth to mouse(sent you),15,0.013774104683195593,2,0.04878048780487805
Full Color Program,Ryusei no Squall,21,0.01928374655647383,2,0.04878048780487805
Childhood Supernova,Ride on Time,16,0.014692378328741965,2,0.04878048780487805
Linear Blue wo Kikinagara,Shupurehikouru ~Sekai ga Owaru Mae ni~,14,0.012855831037649219,2,0.04878048780487805
Seku x Kara x Shisonzuuru,Tettoutetsubi Yonayona Drive,21,0.01928374655647383,2,0.04878048780487805
Messenger From Zen Sekai,Sora no Tobikata,18,0.01652892561983471,2,0.04878048780487805
Chandelier Waltz,Seku x Kara x Shisonzuuru,21,0.01928374655647383,2,0.04878048780487805
Sora no Tobikata,Yoru ga Yureteiru,16,0.014692378328741965,2,0.04878048780487805
Master Volume,harmonized finale,19,0.017447199265381085,2,0.04878048780487805
Snow Reverse,Yoru ga Yureteiru,17,0.015610651974288337,2,0.04878048780487805
harmonized finale,"kid, I like quartet",20,0.018365472910927456,2,0.04878048780487805
Hakoniwa Rock Show,Kimagure Zattou,14,0.012855831037649219,2,0.04878048780487805
Sawarenai Uta,harmonized finale,14,0.012855831037649219,2,0.04878048780487805
Shupurehikouru ~Sekai ga Owaru Mae ni~,harmonized finale,13,0.011937557392102846,2,0.04878048780487805
Childhood Supernova,Snow Reverse,16,0.014692378328741965,2,0.04878048780487805
Coffee Cup Syndrome,Snow Reverse,15,0.013774104683195593,2,0.04878048780487805
Sakura no Ato (all quartets lead to the?),Worldwide Supergirl,22,0.020202020202020204,2,0.04878048780487805
Toushindai no Chikyu,Worldwide Supergirl,12,0.011019283746556474,2,0.04878048780487805
Ryusei no Squall,Worldwide Supergirl,29,0.02662993572084481,2,0.04878048780487805
Childhood Supernova,Kirai = Kirai,16,0.014692378328741965,2,0.04878048780487805
Messenger From Zen Sekai,Worldwide Supergirl,20,0.018365472910927456,2,0.04878048780487805
Full Color Program,Kimagure Zattou,14,0.012855831037649219,2,0.04878048780487805
Galileo no Showcase,Kimagure Zattou,15,0.013774104683195593,2,0.04878048780487805
23:25,Kimagure Zattou,14,0.012855831037649219,2,0.04878048780487805
Kirai = Kirai,Snow Reverse,15,0.013774104683195593,2,0.04878048780487805
Linear Blue wo Kikinagara,Worldwide Supergirl,33,0.030303030303030304,2,0.04878048780487805
5-bu-go no Stardust,Itsuka no Shounen,8,0.0073461891643709825,2,0.04878048780487805
Linear Blue wo Kikinagara,Messenger From Zen Sekai,13,0.011937557392102846,2,0.04878048780487805
Coffee Cup Syndrome,Ride on Time,19,0.017447199265381085,2,0.04878048780487805
Snow Reverse,mouth to mouse(sent you),17,0.015610651974288337,2,0.04878048780487805
Seihitsu Kanbi Akigure Jojou,Tengoku to Jigoku,5,0.004591368227731864,2,0.04878048780487805
Signal ABC,mouth to mouse(sent you),15,0.013774104683195593,2,0.04878048780487805
Sangatsu Monogatari,mouth to mouse(sent you),14,0.012855831037649219,2,0.04878048780487805
Galileo no Showcase,mouth to mouse(sent you),19,0.017447199265381085,2,0.04878048780487805
Micro Paradiso!,mouth to mouse(sent you),15,0.013774104683195593,2,0.04878048780487805
Haru ga Kite Bokura,harmonized finale,18,0.01652892561983471,2,0.04878048780487805
"I wanna believe, Yoru o Iku",mouth to mouse(sent you),16,0.014692378328741965,2,0.04878048780487805
Master Volume,Sakura no Ato (all quartets lead to the?),31,0.028466483011937556,2,0.04878048780487805
"Catch up, latency",Tengoku to Jigoku,12,0.011019283746556474,2,0.04878048780487805
Mekator Jikuu Tankentai,WINDOW Akeru,37,0.03397612488521579,2,0.04878048780487805
Ryusei no Squall,Toushindai no Chikyu,12,0.011019283746556474,2,0.04878048780487805
Master Volume,crazy birthday,21,0.01928374655647383,2,0.04878048780487805
Seihitsu Kanbi Akigure Jojou,harmonized finale,3,0.0027548209366391185,2,0.04878048780487805
Sawarenai Uta,Shupurehikouru ~Sekai ga Owaru Mae ni~,13,0.011937557392102846,2,0.04878048780487805
Chandelier Waltz,Invisible Sensation,30,0.027548209366391185,2,0.04878048780487805
5-bu-go no Stardust,Mizu to Ame ni Tsuite,25,0.02295684113865932,2,0.04878048780487805
Kimagure Zattou,cody beats,15,0.013774104683195593,2,0.04878048780487805
Master Volume,Sawarenai Uta,28,0.025711662075298437,2,0.04878048780487805
Sawarenai Uta,Toushindai no Chikyu,11,0.010101010101010102,2,0.04878048780487805
Kimagure Zattou,MR. Andy,14,0.012855831037649219,2,0.04878048780487805
Sora no Tobikata,meet the world time,16,0.014692378328741965,2,0.04878048780487805
Hakoniwa Rock Show,meet the world time,14,0.012855831037649219,2,0.04878048780487805
Coffee Cup Syndrome,Karakuri Karukare,21,0.01928374655647383,2,0.04878048780487805
Coffee Cup Syndrome,Yoru ga Yureteiru,14,0.012855831037649219,2,0.04878048780487805
Ryusei no Squall,Shupurehikouru ~Sekai ga Owaru Mae ni~,13,0.011937557392102846,2,0.04878048780487805
Sayonara Summer Time Machine,Signal ABC,17,0.015610651974288337,2,0.04878048780487805
Full Color Program,Sayonara Summer Time Machine,29,0.02662993572084481,2,0.04878048780487805
Full Color Program,Ryusei Kouro,11,0.010101010101010102,2,0.04878048780487805
Hanabi,Signal ABC,14,0.012855831037649219,2,0.04878048780487805
Nani ka ga Kawari So,Tasogare in the Spy,39,0.03581267217630854,2,0.04878048780487805
Full Color Program,Seku x Kara x Shisonzuuru,11,0.010101010101010102,2,0.04878048780487805
Hakoniwa Rock Show,Worldwide Supergirl,30,0.027548209366391185,2,0.04878048780487805
Hanabi,Siren in the Spy,14,0.012855831037649219,2,0.04878048780487805
Worldwide Supergirl,to the CIDER ROAD,26,0.023875114784205693,2,0.04878048780487805
Full Color Program,Hanabi,14,0.012855831037649219,2,0.04878048780487805
"10% roll, 10% romance",Worldwide Supergirl,26,0.023875114784205693,2,0.04878048780487805
Chandelier Waltz,Hanabi,14,0.012855831037649219,2,0.04878048780487805
Signal ABC,Siren in the Spy,18,0.01652892561983471,2,0.04878048780487805
Full Color Program,Signal ABC,14,0.012855831037649219,2,0.04878048780487805
Chandelier Waltz,Signal ABC,18,0.01652892561983471,2,0.04878048780487805
Sekai wa Fancy,Worldwide Supergirl,27,0.024793388429752067,2,0.04878048780487805
Light Flat,Sanpo Saki My Life,22,0.020202020202020204,2,0.04878048780487805
Otonoba Chukan Shiken,Siren in the Spy,16,0.014692378328741965,2,0.04878048780487805
Full Color Program,Otonoba Chukan Shiken,21,0.01928374655647383,2,0.04878048780487805
Hanabi,Otonoba Chukan Shiken,14,0.012855831037649219,2,0.04878048780487805
Otonoba Chukan Shiken,Signal ABC,15,0.013774104683195593,2,0.04878048780487805
Boku wa Kimi ni Naritai,Siren in the Spy,14,0.012855831037649219,2,0.04878048780487805
Worldwide Supergirl,kaleido proud fiesta,26,0.023875114784205693,2,0.04878048780487805
Boku wa Kimi ni Naritai,Hanabi,14,0.012855831037649219,2,0.04878048780487805
Boku wa Kimi ni Naritai,Otonoba Chukan Shiken,14,0.012855831037649219,2,0.04878048780487805
Siren in the Spy,Yoru ga Yureteiru,14,0.012855831037649219,2,0.04878048780487805
Hanabi,Yoru ga Yureteiru,14,0.012855831037649219,2,0.04878048780487805
Signal ABC,Yoru ga Yureteiru,14,0.012855831037649219,2,0.04878048780487805
Haru ga Kite Bokura,Tengoku to Jigoku,40,0.03673094582185491,2,0.04878048780487805
"Minority Report (darling, I love you)",like coffee no Omajinai,9,0.008264462809917356,2,0.04878048780487805
Boku wa Kimi ni Naritai,Yoru ga Yureteiru,14,0.012855831037649219,2,0.04878048780487805
Full Color Program,Hitori Omou wa Ame no Naka,11,0.010101010101010102,2,0.04878048780487805
Hitori Omou wa Ame no Naka,MR. Andy,10,0.009182736455463728,2,0.04878048780487805
Hitori Omou wa Ame no Naka,Itsuka no Shounen,4,0.0036730945821854912,2,0.04878048780487805
Clover,Mizu to Ame ni Tsuite,30,0.027548209366391185,2,0.04878048780487805
Itsuka no Shounen,Mizu to Ame ni Tsuite,23,0.021120293847566574,2,0.04878048780487805
Hitori Omou wa Ame no Naka,Sentimental Period,8,0.0073461891643709825,2,0.04878048780487805
Clover,Hitori Omou wa Ame no Naka,4,0.0036730945821854912,2,0.04878048780487805
Hitori Omou wa Ame no Naka,Karakuri Karukare,4,0.0036730945821854912,2,0.04878048780487805
Deirai Kyousou Gakudan,Hitori Omou wa Ame no Naka,7,0.006427915518824609,2,0.04878048780487805
Galileo no Showcase,Hitori Omou wa Ame no Naka,13,0.011937557392102846,2,0.04878048780487805
Hitori Omou wa Ame no Naka,Master Volume,8,0.0073461891643709825,2,0.04878048780487805
Hitori Omou wa Ame no Naka,Toushindai no Chikyu,4,0.0036730945821854912,2,0.04878048780487805
Itsuka no Shounen,Sayonara Dai Kyu Wakusei,16,0.014692378328741965,2,0.04878048780487805
BUSTER DICE MISERY,like coffee no Omajinai,8,0.0073461891643709825,2,0.04878048780487805
Karakuri Karukare,Sayonara Dai Kyu Wakusei,13,0.011937557392102846,2,0.04878048780487805
Light Flat,Mizu to Ame ni Tsuite,31,0.028466483011937556,2,0.04878048780487805
Light Flat,Toushindai no Chikyu,12,0.011019283746556474,2,0.04878048780487805
Master Volume,Sayonara Dai Kyu Wakusei,12,0.011019283746556474,2,0.04878048780487805
Sayonara Dai Kyu Wakusei,Toushindai no Chikyu,7,0.006427915518824609,2,0.04878048780487805
Karakuri Karukare,Light Flat,23,0.021120293847566574,2,0.04878048780487805
"Majority Report (darling, I love you)",like coffee no Omajinai,9,0.008264462809917356,2,0.04878048780487805
Itsuka no Shounen,Light Flat,20,0.018365472910927456,2,0.04878048780487805
Aerial Alien,like coffee no Omajinai,8,0.0073461891643709825,2,0.04878048780487805
Otonoba Chukan Shiken,like coffee no Omajinai,16,0.014692378328741965,2,0.04878048780487805
Linear Blue wo Kikinagara,Tengoku to Jigoku,27,0.024793388429752067,2,0.04878048780487805
Sanpo Saki My Life,Worldwide Supergirl,43,0.03948576675849403,2,0.04878048780487805
Sugar Song to Bitter Step,Worldwide Supergirl,35,0.03213957759412305,2,0.04878048780487805
Sayonara Summer Time Machine,Seku x Kara x Shisonzuuru,16,0.014692378328741965,2,0.04878048780487805
CAPACITY Koeru,Sanpo Saki My Life,44,0.04040404040404041,2,0.04878048780487805
Siren in the Spy,Why I'm Me,14,0.012855831037649219,2,0.04878048780487805
Full Color Program,Why I'm Me,14,0.012855831037649219,2,0.04878048780487805
Chandelier Waltz,Why I'm Me,14,0.012855831037649219,2,0.04878048780487805
Hanabi,Why I'm Me,14,0.012855831037649219,2,0.04878048780487805
Signal ABC,Why I'm Me,14,0.012855831037649219,2,0.04878048780487805
Otonoba Chukan Shiken,Why I'm Me,14,0.012855831037649219,2,0.04878048780487805
Boku wa Kimi ni Naritai,Why I'm Me,14,0.012855831037649219,2,0.04878048780487805
Why I'm Me,Yoru ga Yureteiru,14,0.012855831037649219,2,0.04878048780487805
1/6 no Yume Tabibito 2002,Why I'm Me,14,0.012855831037649219,2,0.04878048780487805
Love Song wa Totsuzen ni? ~What is the name of that mystery??~,Why I'm Me,14,0.012855831037649219,2,0.04878048780487805
Sugar Song to Bitter Step,Why I'm Me,14,0.012855831037649219,2,0.04878048780487805
Sanpo Saki My Life,fake town baby,51,0.046831955922865015,2,0.04878048780487805
Love Song wa Totsuzen ni? ~What is the name of that mystery??~,Sugar Song to Bitter Step,15,0.013774104683195593,2,0.04878048780487805
5-bu-go no Stardust,CAPACITY Koeru,26,0.023875114784205693,2,0.04878048780487805
Hanabi,Tettoutetsubi Yonayona Drive,14,0.012855831037649219,2,0.04878048780487805
Sentimental Period,Worldwide Supergirl,37,0.03397612488521579,2,0.04878048780487805
Love Song wa Totsuzen ni? ~What is the name of that mystery??~,Sora no Tobikata,6,0.005509641873278237,2,0.04878048780487805
Signal ABC,Tettoutetsubi Yonayona Drive,18,0.01652892561983471,2,0.04878048780487805
Sora no Tobikata,Worldwide Supergirl,8,0.0073461891643709825,2,0.04878048780487805
Scarsdale,Worldwide Supergirl,34,0.031221303948576674,2,0.04878048780487805
1/6 no Yume Tabibito 2002,Tettoutetsubi Yonayona Drive,14,0.012855831037649219,2,0.04878048780487805
Love Song wa Totsuzen ni? ~What is the name of that mystery??~,Tettoutetsubi Yonayona Drive,15,0.013774104683195593,2,0.04878048780487805
Tettoutetsubi Yonayona Drive,Why I'm Me,14,0.012855831037649219,2,0.04878048780487805
Full Color Program,Kimi no Moto e,38,0.03489439853076217,2,0.04878048780487805
Bachigai Hummingbird,Sekai wa Fancy,30,0.027548209366391185,2,0.04878048780487805
"10% roll, 10% romance",Sekai wa Fancy,29,0.02662993572084481,2,0.04878048780487805
1/6 no Yume Tabibito 2002,Siren in the Spy,14,0.012855831037649219,2,0.04878048780487805
1/6 no Yume Tabibito 2002,Love Song wa Totsuzen ni? ~What is the name of that mystery??~,14,0.012855831037649219,2,0.04878048780487805
1/6 no Yume Tabibito 2002,Full Color Program,14,0.012855831037649219,2,0.04878048780487805
1/6 no Yume Tabibito 2002,Chandelier Waltz,14,0.012855831037649219,2,0.04878048780487805
1/6 no Yume Tabibito 2002,Hanabi,14,0.012855831037649219,2,0.04878048780487805
1/6 no Yume Tabibito 2002,Signal ABC,14,0.012855831037649219,2,0.04878048780487805
1/6 no Yume Tabibito 2002,Otonoba Chukan Shiken,14,0.012855831037649219,2,0.04878048780487805
1/6 no Yume Tabibito 2002,Boku wa Kimi ni Naritai,14,0.012855831037649219,2,0.04878048780487805
1/6 no Yume Tabibito 2002,Yoru ga Yureteiru,14,0.012855831037649219,2,0.04878048780487805
Love Song wa Totsuzen ni? ~What is the name of that mystery??~,Siren in the Spy,14,0.012855831037649219,2,0.04878048780487805
Hanabi,Love Song wa Totsuzen ni? ~What is the name of that mystery??~,14,0.012855831037649219,2,0.04878048780487805
Love Song wa Totsuzen ni? ~What is the name of that mystery??~,Otonoba Chukan Shiken,14,0.012855831037649219,2,0.04878048780487805
Love Song wa Totsuzen ni? ~What is the name of that mystery??~,Yoru ga Yureteiru,14,0.012855831037649219,2,0.04878048780487805
"10% roll, 10% romance",harmonized finale,31,0.028466483011937556,2,0.04878048780487805
5-bu-go no Stardust,to the CIDER ROAD,26,0.023875114784205693,2,0.04878048780487805
harmonized finale,kaleido proud fiesta,35,0.03213957759412305,2,0.04878048780487805
Own Civilization (nano‐mile met),Sekai wa Fancy,26,0.023875114784205693,2,0.04878048780487805
Full Color Program,Nani ka ga Kawari So,14,0.012855831037649219,2,0.04878048780487805
Sanpo Saki My Life,Silent Libre Mirage,49,0.04499540863177227,2,0.04878048780487805
Siren in the Spy,Sugar Song to Bitter Step,29,0.02662993572084481,2,0.04878048780487805
Chandelier Waltz,Sekai wa Fancy,34,0.031221303948576674,2,0.04878048780487805
Hanabi,Sugar Song to Bitter Step,14,0.012855831037649219,2,0.04878048780487805
Signal ABC,Sugar Song to Bitter Step,15,0.013774104683195593,2,0.04878048780487805
Boku wa Kimi ni Naritai,Sugar Song to Bitter Step,15,0.013774104683195593,2,0.04878048780487805
CAPACITY Koeru,to the CIDER ROAD,27,0.024793388429752067,2,0.04878048780487805
1/6 no Yume Tabibito 2002,Sugar Song to Bitter Step,14,0.012855831037649219,2,0.04878048780487805
Little Time Stop,Santa Claus wa Juutai-chuu,32,0.02938475665748393,2,0.04878048780487805
Silent Libre Mirage,harmonized finale,31,0.028466483011937556,2,0.04878048780487805
Little Time Stop,Snow Reverse,32,0.02938475665748393,2,0.04878048780487805
23:25,Kimi wa Tomodachi,20,0.018365472910927456,2,0.04878048780487805
23:25,"Minority Report (darling, I love you)",22,0.020202020202020204,2,0.04878048780487805
Santa Claus wa Juutai-chuu,Sugar Song to Bitter Step,40,0.03673094582185491,2,0.04878048780487805
Fiction Freak Crisis,Instrumental Jam,19,0.017447199265381085,2,0.04878048780487805
Linear Blue wo Kikinagara,mix juice no Iutouri,26,0.023875114784205693,2,0.04878048780487805
Gyakuten Sayonara,Sayonara Dai Kyu Wakusei,3,0.0027548209366391185,2,0.04878048780487805
23:25,3 minutes replay,20,0.018365472910927456,2,0.04878048780487805
Deirai Kyousou Gakudan,Tettoutetsubi Yonayona Drive,11,0.010101010101010102,2,0.04878048780487805
Friday Novels,Sugar Song to Bitter Step,76,0.06978879706152434,2,0.04878048780487805
Gyakuten Sayonara,"kid, I like quartet",4,0.0036730945821854912,2,0.04878048780487805
Friday Novels,Tettoutetsubi Yonayona Drive,52,0.047750229568411386,2,0.04878048780487805
3 minutes replay,Chandelier Waltz,8,0.0073461891643709825,2,0.04878048780487805
Chandelier Waltz,Gyakuten Sayonara,2,0.0018365472910927456,2,0.04878048780487805
Orion wo Nazoru,Silent Libre Mirage,37,0.03397612488521579,2,0.04878048780487805
Friday Novels,Orion wo Nazoru,31,0.028466483011937556,2,0.04878048780487805
RUNNERS HIGH REPRISE,instant EGOIST,11,0.010101010101010102,2,0.04878048780487805
Atorakushon ga Hajimaru (they call it “NO.6”),instant EGOIST,22,0.020202020202020204,2,0.04878048780487805
Messenger From Zen Sekai,instant EGOIST,15,0.013774104683195593,2,0.04878048780487805
Instrumental Jam,Santa Claus wa Juutai-chuu,20,0.018365472910927456,2,0.04878048780487805
Drum Solo,Kimi no Hitomi ni Koishi Tenai,31,0.028466483011937556,2,0.04878048780487805
3 minutes replay,Full Color Program,19,0.017447199265381085,2,0.04878048780487805
Kimi no Hitomi ni Koishi Tenai,Santa Claus wa Juutai-chuu,38,0.03489439853076217,2,0.04878048780487805
Bokutachi no Shippai,Sawarenai Uta,12,0.011019283746556474,2,0.04878048780487805
MIDNIGHT JUNGLE,mix juice no Iutouri,44,0.04040404040404041,2,0.04878048780487805
BUSTER DICE MISERY,Tettoutetsubi Yonayona Drive,50,0.04591368227731864,2,0.04878048780487805
BUSTER DICE MISERY,mix juice no Iutouri,71,0.06519742883379247,2,0.04878048780487805
BUSTER DICE MISERY,"Minority Report (darling, I love you)",48,0.0440771349862259,2,0.04878048780487805
Cheap Cheap Endroll,Drum Solo,62,0.05693296602387511,2,0.04878048780487805
RUNNERS HIGH REPRISE,Sawarenai Uta,11,0.010101010101010102,2,0.04878048780487805
Atorakushon ga Hajimaru (they call it “NO.6”),Sawarenai Uta,16,0.014692378328741965,2,0.04878048780487805
Cheap Cheap Endroll,mix juice no Iutouri,79,0.07254361799816346,2,0.04878048780487805
Yoru ga Yureteiru,"kid, I like quartet",4,0.0036730945821854912,2,0.04878048780487805
Airabuniju,Sakura no Ato (all quartets lead to the?),23,0.021120293847566574,2,0.04878048780487805
Kimi no Hitomi ni Koishi Tenai,mix juice no Iutouri,38,0.03489439853076217,2,0.04878048780487805
Chandelier Waltz,mix juice no Iutouri,54,0.049586776859504134,2,0.04878048780487805
Seihitsu Kanbi Akigure Jojou,mix juice no Iutouri,37,0.03397612488521579,2,0.04878048780487805
fake town baby,mix juice no Iutouri,36,0.03305785123966942,2,0.04878048780487805
Childhood Supernova,Gyakuten Sayonara,4,0.0036730945821854912,2,0.04878048780487805
Drum Solo,mix juice no Iutouri,70,0.0642791551882461,2,0.04878048780487805
Friday Novels,mix juice no Iutouri,52,0.047750229568411386,2,0.04878048780487805
Otonoba Chukan Shiken,Sakura no Ato (all quartets lead to the?),84,0.07713498622589532,2,0.04878048780487805
Ryusei no Squall,Sugar Song to Bitter Step,39,0.03581267217630854,2,0.04878048780487805
Haru ga Kite Bokura,MIDNIGHT JUNGLE,48,0.0440771349862259,2,0.04878048780487805
"8-Gatsu, Hirunaka no Nagareboshi to Hikouki-Gumo",Chandelier Waltz,62,0.05693296602387511,2,0.04878048780487805
Atorakushon ga Hajimaru (they call it “NO.6”),Haru ga Kite Bokura,20,0.018365472910927456,2,0.04878048780487805
Aerial Alien,Drum Solo,47,0.04315886134067952,2,0.04878048780487805
Clover,Dizzy Trickster,48,0.0440771349862259,2,0.04878048780487805
Clover,Invisible Sensation,49,0.04499540863177227,2,0.04878048780487805
Galileo no Showcase,Millennium Happy Chainsaw Edge,23,0.021120293847566574,2,0.04878048780487805
Clover,Orchestra o Mi ni Ikou,48,0.0440771349862259,2,0.04878048780487805
Clover,Own Civilization (nano‐mile met),48,0.0440771349862259,2,0.04878048780487805
Anti-Trendy Club,Galileo no Showcase,34,0.031221303948576674,2,0.04878048780487805
Galileo no Showcase,kaleido proud fiesta,23,0.021120293847566574,2,0.04878048780487805
Chaos ga Kiwamaru,Galileo no Showcase,36,0.03305785123966942,2,0.04878048780487805
Clover,Yoru ga Yureteiru,19,0.017447199265381085,2,0.04878048780487805
Numbness like a ginger,Phantom Joke,38,0.03489439853076217,2,0.04878048780487805
Clover,MIDNIGHT JUNGLE,48,0.0440771349862259,2,0.04878048780487805
Numbness like a ginger,Tettoutetsubi Yonayona Drive,37,0.03397612488521579,2,0.04878048780487805
Numbness like a ginger,kaleido proud fiesta,41,0.03764921946740129,2,0.04878048780487805
Atorakushon ga Hajimaru (they call it “NO.6”),Clover,17,0.015610651974288337,2,0.04878048780487805
"8-Gatsu, Hirunaka no Nagareboshi to Hikouki-Gumo",Cheap Cheap Endroll,61,0.05601469237832874,2,0.04878048780487805
Bachigai Hummingbird,Haru ga Kite Bokura,52,0.047750229568411386,2,0.04878048780487805
Full Color Program,instant EGOIST,19,0.017447199265381085,2,0.04878048780487805
"8-Gatsu, Hirunaka no Nagareboshi to Hikouki-Gumo",Sakura no Ato (all quartets lead to the?),62,0.05693296602387511,2,0.04878048780487805
Atorakushon ga Hajimaru (they call it “NO.6”),Otonoba Chukan Shiken,56,0.051423324150596875,2,0.04878048780487805
Nani ka ga Kawari So,Otonoba Chukan Shiken,23,0.021120293847566574,2,0.04878048780487805
Shupurehikouru ~Sekai ga Owaru Mae ni~,Tengoku to Jigoku,9,0.008264462809917356,2,0.04878048780487805
Coffee Cup Syndrome,Sakura no Ato (all quartets lead to the?),36,0.03305785123966942,2,0.04878048780487805
Haru ga Kite Bokura,Own Civilization (nano‐mile met),48,0.0440771349862259,2,0.04878048780487805
Haru ga Kite Bokura,Yoru ga Yureteiru,36,0.03305785123966942,2,0.04878048780487805
Bachigai Hummingbird,Otonoba Chukan Shiken,77,0.0707070707070707,2,0.04878048780487805
Coffee Cup Syndrome,Pandemic Sudden Death,35,0.03213957759412305,2,0.04878048780487805
Atorakushon ga Hajimaru (they call it “NO.6”),Friday Novels,51,0.046831955922865015,2,0.04878048780487805
Kirai = Kirai,meet the world time,23,0.021120293847566574,2,0.04878048780487805
Protract Countdown,Sakura no Ato (all quartets lead to the?),13,0.011937557392102846,2,0.04878048780487805
Hikari Nodokeki Haru no Hi ni,Protract Countdown,13,0.011937557392102846,2,0.04878048780487805
Friday Novels,Sakura no Ato (all quartets lead to the?),54,0.049586776859504134,2,0.04878048780487805
Sakura no Ato (all quartets lead to the?),meet the world time,22,0.020202020202020204,2,0.04878048780487805
Linear Blue wo Kikinagara,Otonoba Chukan Shiken,33,0.030303030303030304,2,0.04878048780487805
Friday Novels,Otonoba Chukan Shiken,68,0.06244260789715335,2,0.04878048780487805
"8-Gatsu, Hirunaka no Nagareboshi to Hikouki-Gumo",Sugar Song to Bitter Step,65,0.05968778696051423,2,0.04878048780487805
Kirai = Kirai,Sawarenai Uta,27,0.024793388429752067,2,0.04878048780487805
BUSTER DICE MISERY,Pandemic Sudden Death,58,0.05325987144168962,2,0.04878048780487805
Atorakushon ga Hajimaru (they call it “NO.6”),BUSTER DICE MISERY,59,0.05417814508723599,2,0.04878048780487805
Invisible Sensation,kaleido proud fiesta,38,0.03489439853076217,2,0.04878048780487805
Invisible Sensation,MR. Andy,37,0.03397612488521579,2,0.04878048780487805
Ikenai fool logic,Space Shuttle Lullaby,33,0.030303030303030304,2,0.04878048780487805
Chaos ga Kiwamaru,Ikenai fool logic,43,0.03948576675849403,2,0.04878048780487805
Ikenai fool logic,kaleido proud fiesta,37,0.03397612488521579,2,0.04878048780487805
Ikenai fool logic,Invisible Sensation,41,0.03764921946740129,2,0.04878048780487805
Atorakushon ga Hajimaru (they call it “NO.6”),"kid, I like quartet",14,0.012855831037649219,2,0.04878048780487805
Nihil Pip Viper,Sakura no Ato (all quartets lead to the?),20,0.018365472910927456,2,0.04878048780487805
Dareka ga Wasurete iru Kamoshirenai Bokura ni Daijina 001 no Koto,Gyakuten Sayonara,2,0.0018365472910927456,2,0.04878048780487805
Haru ga Kite Bokura,Nihil Pip Viper,33,0.030303030303030304,2,0.04878048780487805
Chaos ga Kiwamaru,Haru ga Kite Bokura,36,0.03305785123966942,2,0.04878048780487805
Haru ga Kite Bokura,Phantom Joke,44,0.04040404040404041,2,0.04878048780487805
Nihil Pip Viper,Yume ga Sametara (at that river),29,0.02662993572084481,2,0.04878048780487805
Haru ga Kite Bokura,Linear Blue wo Kikinagara,20,0.018365472910927456,2,0.04878048780487805
Haru ga Kite Bokura,Ikenai fool logic,28,0.025711662075298437,2,0.04878048780487805
Messenger From Zen Sekai,Ryusei no Squall,22,0.020202020202020204,2,0.04878048780487805
Invisible Sensation,Orion wo Nazoru,37,0.03397612488521579,2,0.04878048780487805
Ikenai fool logic,Orion wo Nazoru,34,0.031221303948576674,2,0.04878048780487805
Invisible Sensation,Phantom Joke,38,0.03489439853076217,2,0.04878048780487805
Chaos ga Kiwamaru,Invisible Sensation,48,0.0440771349862259,2,0.04878048780487805
Deirai Kyousou Gakudan,mix juice no Iutouri,37,0.03397612488521579,2,0.04878048780487805
Invisible Sensation,Space Shuttle Lullaby,32,0.02938475665748393,2,0.04878048780487805
Linear Blue wo Kikinagara,Mekator Jikuu Tankentai,25,0.02295684113865932,2,0.04878048780487805
Ryusei no Squall,crazy birthday,25,0.02295684113865932,2,0.04878048780487805
fake town baby,kaleido proud fiesta,45,0.04132231404958678,2,0.04878048780487805
Phantom Joke,crazy birthday,34,0.031221303948576674,2,0.04878048780487805
MR. Andy,fake town baby,37,0.03397612488521579,2,0.04878048780487805
MR. Andy,Ryusei no Squall,33,0.030303030303030304,2,0.04878048780487805
Mekator Jikuu Tankentai,"kid, I like quartet",32,0.02938475665748393,2,0.04878048780487805
Linear Blue wo Kikinagara,Nani ka ga Kawari So,13,0.011937557392102846,2,0.04878048780487805
Linear Blue wo Kikinagara,Nihil Pip Viper,20,0.018365472910927456,2,0.04878048780487805
"10% roll, 10% romance",MR. Andy,38,0.03489439853076217,2,0.04878048780487805
Atorakushon ga Hajimaru (they call it “NO.6”),Nani ka ga Kawari So,19,0.017447199265381085,2,0.04878048780487805
"10% roll, 10% romance","Catch up, latency",20,0.018365472910927456,2,0.04878048780487805
Chaos ga Kiwamaru,Linear Blue wo Kikinagara,20,0.018365472910927456,2,0.04878048780487805
"Catch up, latency",Nihil Pip Viper,20,0.018365472910927456,2,0.04878048780487805
23:25,"Catch up, latency",12,0.011019283746556474,2,0.04878048780487805
Kirai = Kirai,Messenger From Zen Sekai,24,0.02203856749311295,2,0.04878048780487805
Invisible Sensation,Nihil Pip Viper,33,0.030303030303030304,2,0.04878048780487805
Messenger From Zen Sekai,RUNNERS HIGH REPRISE,11,0.010101010101010102,2,0.04878048780487805
Drum Solo,Haru ga Kite Bokura,31,0.028466483011937556,2,0.04878048780487805
Clover,Instrumental Jam,18,0.01652892561983471,2,0.04878048780487805
Clover,Drum Solo,28,0.025711662075298437,2,0.04878048780487805
Drum Solo,Orchestra o Mi ni Ikou,29,0.02662993572084481,2,0.04878048780487805
"10% roll, 10% romance",Full Color Program,47,0.04315886134067952,2,0.04878048780487805
Full Color Program,mix juice no Iutouri,49,0.04499540863177227,2,0.04878048780487805
"Minority Report (darling, I love you)",Sugar Song to Bitter Step,49,0.04499540863177227,2,0.04878048780487805
"Minority Report (darling, I love you)",Sakura no Ato (all quartets lead to the?),49,0.04499540863177227,2,0.04878048780487805
Full Color Program,Instrumental Jam,18,0.01652892561983471,2,0.04878048780487805
Drum Solo,Full Color Program,31,0.028466483011937556,2,0.04878048780487805
"10% roll, 10% romance",Own Civilization (nano‐mile met),57,0.05234159779614325,2,0.04878048780487805
"Minority Report (darling, I love you)",Toushindai no Chikyu,48,0.0440771349862259,2,0.04878048780487805
Instrumental Jam,Own Civilization (nano‐mile met),18,0.01652892561983471,2,0.04878048780487805
Drum Solo,Own Civilization (nano‐mile met),28,0.025711662075298437,2,0.04878048780487805
"10% roll, 10% romance",Bachigai Hummingbird,65,0.05968778696051423,2,0.04878048780487805
"10% roll, 10% romance",mix juice no Iutouri,36,0.03305785123966942,2,0.04878048780487805
"10% roll, 10% romance",Instrumental Jam,21,0.01928374655647383,2,0.04878048780487805
"Minority Report (darling, I love you)",Tettoutetsubi Yonayona Drive,49,0.04499540863177227,2,0.04878048780487805
"10% roll, 10% romance",Drum Solo,44,0.04040404040404041,2,0.04878048780487805
"10% roll, 10% romance",Fiction Freak Crisis,49,0.04499540863177227,2,0.04878048780487805
Orchestra o Mi ni Ikou,mix juice no Iutouri,34,0.031221303948576674,2,0.04878048780487805
Atorakushon ga Hajimaru (they call it “NO.6”),Kimi wa Tomodachi,48,0.0440771349862259,2,0.04878048780487805
Kimi wa Tomodachi,Sugar Song to Bitter Step,49,0.04499540863177227,2,0.04878048780487805
Drum Solo,Toushindai no Chikyu,54,0.049586776859504134,2,0.04878048780487805
Galileo no Showcase,Orchestra o Mi ni Ikou,44,0.04040404040404041,2,0.04878048780487805
Linear Blue wo Kikinagara,Sentimental Period,35,0.03213957759412305,2,0.04878048780487805
"10% roll, 10% romance",Galileo no Showcase,36,0.03305785123966942,2,0.04878048780487805
Galileo no Showcase,mix juice no Iutouri,45,0.04132231404958678,2,0.04878048780487805
Slow Curve wa Utenai (that made me crazy),Sugar Song to Bitter Step,38,0.03489439853076217,2,0.04878048780487805
Chaos ga Kiwamaru,Fiction Freak Crisis,15,0.013774104683195593,2,0.04878048780487805
Galileo no Showcase,fake town baby,46,0.04224058769513315,2,0.04878048780487805
Pandemic Sudden Death,Ryusei no Squall,35,0.03213957759412305,2,0.04878048780487805
Nani ka ga Kawari So,Pandemic Sudden Death,24,0.02203856749311295,2,0.04878048780487805
Dizzy Trickster,Drum Solo,28,0.025711662075298437,2,0.04878048780487805
Full Color Program,Invisible Sensation,39,0.03581267217630854,2,0.04878048780487805
Drum Solo,Miss. Sandy,52,0.047750229568411386,2,0.04878048780487805
Childhood Supernova,Yoru ga Yureteiru,14,0.012855831037649219,2,0.04878048780487805
Nani ka ga Kawari So,Sugar Song to Bitter Step,40,0.03673094582185491,2,0.04878048780487805
Messenger From Zen Sekai,Pandemic Sudden Death,11,0.010101010101010102,2,0.04878048780487805
"10% roll, 10% romance",Orchestra o Mi ni Ikou,35,0.03213957759412305,2,0.04878048780487805
Chaos ga Kiwamaru,Numbness like a ginger,39,0.03581267217630854,2,0.04878048780487805
Aerial Alien,Kimi wa Tomodachi,48,0.0440771349862259,2,0.04878048780487805
Numbness like a ginger,Space Shuttle Lullaby,35,0.03213957759412305,2,0.04878048780487805
Galileo no Showcase,RUNNERS HIGH REPRISE,14,0.012855831037649219,2,0.04878048780487805
Atorakushon ga Hajimaru (they call it “NO.6”),Chaos ga Kiwamaru,13,0.011937557392102846,2,0.04878048780487805
Atorakushon ga Hajimaru (they call it “NO.6”),Galileo no Showcase,18,0.01652892561983471,2,0.04878048780487805
Serenade ga Tomaranai,Sugar Song to Bitter Step,22,0.020202020202020204,2,0.04878048780487805
City peel,kaleido proud fiesta,30,0.027548209366391185,2,0.04878048780487805
Chaos ga Kiwamaru,City peel,32,0.02938475665748393,2,0.04878048780487805
City peel,Instrumental Jam,28,0.025711662075298437,2,0.04878048780487805
Orion wo Nazoru,Phantom Joke,32,0.02938475665748393,2,0.04878048780487805
Bachigai Hummingbird,RUNNERS HIGH REPRISE,4,0.0036730945821854912,2,0.04878048780487805
Cheap Cheap Endroll,Pandemic Sudden Death,50,0.04591368227731864,2,0.04878048780487805
Galileo no Showcase,Pandemic Sudden Death,39,0.03581267217630854,2,0.04878048780487805
Sawarenai Uta,Shoegazer Speaker,26,0.023875114784205693,2,0.04878048780487805
Cheap Cheap Endroll,Sawarenai Uta,2,0.0018365472910927456,2,0.04878048780487805
Orion wo Nazoru,RUNNERS HIGH REPRISE,25,0.02295684113865932,2,0.04878048780487805
Orion wo Nazoru,meet the world time,13,0.011937557392102846,2,0.04878048780487805
Orion wo Nazoru,mouth to mouse(sent you),23,0.021120293847566574,2,0.04878048780487805
Fiction Freak Crisis,fake town baby,51,0.046831955922865015,2,0.04878048780487805
Aerial Alien,Sakura no Ato (all quartets lead to the?),55,0.050505050505050504,2,0.04878048780487805
Atorakushon ga Hajimaru (they call it “NO.6”),Cheap Cheap Endroll,50,0.04591368227731864,2,0.04878048780487805
RUNNERS HIGH REPRISE,Sugar Song to Bitter Step,31,0.028466483011937556,2,0.04878048780487805
Another World,Galileo no Showcase,18,0.01652892561983471,2,0.04878048780487805
Kirai = Kirai,Orion wo Nazoru,28,0.025711662075298437,2,0.04878048780487805
Galileo no Showcase,Searchlight,19,0.017447199265381085,2,0.04878048780487805
Searchlight,Sora no Tobikata,9,0.008264462809917356,2,0.04878048780487805
Yoru ga Yureteiru,crazy birthday,36,0.03305785123966942,2,0.04878048780487805
RUNNERS HIGH REPRISE,mouth to mouse(sent you),21,0.01928374655647383,2,0.04878048780487805
Toushindai no Chikyu,Yoru ga Yureteiru,18,0.01652892561983471,2,0.04878048780487805
Anti-Trendy Club,Koisuru Wakusei,41,0.03764921946740129,2,0.04878048780487805
Messenger From Zen Sekai,mouth to mouse(sent you),13,0.011937557392102846,2,0.04878048780487805
Sawarenai Uta,mouth to mouse(sent you),14,0.012855831037649219,2,0.04878048780487805
Mizu to Ame ni Tsuite,Sentimental Period,72,0.06611570247933884,2,0.04878048780487805
Sayonara Dai Kyu Wakusei,Sentimental Period,51,0.046831955922865015,2,0.04878048780487805
Koisuru Wakusei,kaleido proud fiesta,48,0.0440771349862259,2,0.04878048780487805
Chaos ga Kiwamaru,Koisuru Wakusei,50,0.04591368227731864,2,0.04878048780487805
Chaos ga Kiwamaru,Cheap Cheap Endroll,15,0.013774104683195593,2,0.04878048780487805
Cheap Cheap Endroll,Galileo no Showcase,26,0.023875114784205693,2,0.04878048780487805
Cheap Cheap Endroll,Seihitsu Kanbi Akigure Jojou,28,0.025711662075298437,2,0.04878048780487805
RUNNERS HIGH REPRISE,Shoegazer Speaker,27,0.024793388429752067,2,0.04878048780487805
Koisuru Wakusei,Space Shuttle Lullaby,42,0.03856749311294766,2,0.04878048780487805
Aerial Alien,Cheap Cheap Endroll,51,0.046831955922865015,2,0.04878048780487805
City peel,Sugar Song to Bitter Step,32,0.02938475665748393,2,0.04878048780487805
Kimi no Hitomi ni Koishi Tenai,Silent Libre Mirage,25,0.02295684113865932,2,0.04878048780487805
Aerial Alien,Pandemic Sudden Death,50,0.04591368227731864,2,0.04878048780487805
Bachigai Hummingbird,Kimi no Hitomi ni Koishi Tenai,55,0.050505050505050504,2,0.04878048780487805
Kimi no Hitomi ni Koishi Tenai,MIDNIGHT JUNGLE,53,0.048668503213957756,2,0.04878048780487805
Atorakushon ga Hajimaru (they call it “NO.6”),MIDNIGHT JUNGLE,26,0.023875114784205693,2,0.04878048780487805
Phantom Joke,kaleido proud fiesta,41,0.03764921946740129,2,0.04878048780487805
Atorakushon ga Hajimaru (they call it “NO.6”),Toushindai no Chikyu,65,0.05968778696051423,2,0.04878048780487805
Anti-Trendy Club,Shoegazer Speaker,23,0.021120293847566574,2,0.04878048780487805
Anti-Trendy Club,Sugar Song to Bitter Step,37,0.03397612488521579,2,0.04878048780487805
Atorakushon ga Hajimaru (they call it “NO.6”),fake town baby,18,0.01652892561983471,2,0.04878048780487805
Atorakushon ga Hajimaru (they call it “NO.6”),crazy birthday,18,0.01652892561983471,2,0.04878048780487805
Anti-Trendy Club,Space Shuttle Lullaby,43,0.03948576675849403,2,0.04878048780487805
MIDNIGHT JUNGLE,Toushindai no Chikyu,26,0.023875114784205693,2,0.04878048780487805
Chaos ga Kiwamaru,Phantom Joke,42,0.03856749311294766,2,0.04878048780487805
Instrumental Jam,Phantom Joke,46,0.04224058769513315,2,0.04878048780487805
Fiction Freak Crisis,MIDNIGHT JUNGLE,49,0.04499540863177227,2,0.04878048780487805
Little Time Stop,over driver,32,0.02938475665748393,2,0.04878048780487805
Phantom Joke,Space Shuttle Lullaby,35,0.03213957759412305,2,0.04878048780487805
Anti-Trendy Club,Seihitsu Kanbi Akigure Jojou,30,0.027548209366391185,2,0.04878048780487805
Sakura no Ato (all quartets lead to the?),Silent Libre Mirage,29,0.02662993572084481,2,0.04878048780487805
Atorakushon ga Hajimaru (they call it “NO.6”),Fiction Freak Crisis,17,0.015610651974288337,2,0.04878048780487805
Space Shuttle Lullaby,Tettoutetsubi Yonayona Drive,35,0.03213957759412305,2,0.04878048780487805
Instrumental Jam,Shoegazer Speaker,26,0.023875114784205693,2,0.04878048780487805
Millennium Happy Chainsaw Edge,Tettoutetsubi Yonayona Drive,23,0.021120293847566574,2,0.04878048780487805
Nihil Pip Viper,Space Shuttle Lullaby,35,0.03213957759412305,2,0.04878048780487805
Millennium Happy Chainsaw Edge,Seihitsu Kanbi Akigure Jojou,23,0.021120293847566574,2,0.04878048780487805
Space Shuttle Lullaby,Sugar Song to Bitter Step,38,0.03489439853076217,2,0.04878048780487805
Millennium Happy Chainsaw Edge,Space Shuttle Lullaby,42,0.03856749311294766,2,0.04878048780487805
Millennium Happy Chainsaw Edge,Sugar Song to Bitter Step,30,0.027548209366391185,2,0.04878048780487805
Instrumental Jam,Nihil Pip Viper,42,0.03856749311294766,2,0.04878048780487805
Chaos ga Kiwamaru,Nihil Pip Viper,35,0.03213957759412305,2,0.04878048780487805
Seihitsu Kanbi Akigure Jojou,kaleido proud fiesta,23,0.021120293847566574,2,0.04878048780487805
Chaos ga Kiwamaru,Shoegazer Speaker,25,0.02295684113865932,2,0.04878048780487805
crazy birthday,fake town baby,30,0.027548209366391185,2,0.04878048780487805
Chaos ga Kiwamaru,Instrumental Jam,31,0.028466483011937556,2,0.04878048780487805
Seihitsu Kanbi Akigure Jojou,Shoegazer Speaker,24,0.02203856749311295,2,0.04878048780487805
Chaos ga Kiwamaru,Seihitsu Kanbi Akigure Jojou,31,0.028466483011937556,2,0.04878048780487805
Seihitsu Kanbi Akigure Jojou,Silent Libre Mirage,17,0.015610651974288337,2,0.04878048780487805
Instrumental Jam,kaleido proud fiesta,30,0.027548209366391185,2,0.04878048780487805
Hakoniwa Rock Show,Searchlight,19,0.017447199265381085,2,0.04878048780487805
Galileo no Showcase,Sayonara Dai Kyu Wakusei,57,0.05234159779614325,2,0.04878048780487805
Numbness like a ginger,Sugar Song to Bitter Step,40,0.03673094582185491,2,0.04878048780487805
Invisible Sensation,Toushindai no Chikyu,18,0.01652892561983471,2,0.04878048780487805
Orchestra o Mi ni Ikou,Own Civilization (nano‐mile met),48,0.0440771349862259,2,0.04878048780487805
"Catch up, latency",Orchestra o Mi ni Ikou,19,0.017447199265381085,2,0.04878048780487805
Orchestra o Mi ni Ikou,Yoru ga Yureteiru,36,0.03305785123966942,2,0.04878048780487805
Bachigai Hummingbird,Orchestra o Mi ni Ikou,48,0.0440771349862259,2,0.04878048780487805
MIDNIGHT JUNGLE,Orchestra o Mi ni Ikou,49,0.04499540863177227,2,0.04878048780487805
Orchestra o Mi ni Ikou,Tettoutetsubi Yonayona Drive,6,0.005509641873278237,2,0.04878048780487805
Atorakushon ga Hajimaru (they call it “NO.6”),Orchestra o Mi ni Ikou,18,0.01652892561983471,2,0.04878048780487805
Orchestra o Mi ni Ikou,crazy birthday,37,0.03397612488521579,2,0.04878048780487805
Kimi no Hitomi ni Koishi Tenai,Pandemic Sudden Death,16,0.014692378328741965,2,0.04878048780487805
Fiction Freak Crisis,Orchestra o Mi ni Ikou,48,0.0440771349862259,2,0.04878048780487805
Own Civilization (nano‐mile met),Silent Libre Mirage,41,0.03764921946740129,2,0.04878048780487805
"Majority Report (darling, I love you)",Toushindai no Chikyu,49,0.04499540863177227,2,0.04878048780487805
MIDNIGHT JUNGLE,Own Civilization (nano‐mile met),49,0.04499540863177227,2,0.04878048780487805
"10% roll, 10% romance",Phantom Joke,27,0.024793388429752067,2,0.04878048780487805
Own Civilization (nano‐mile met),Tettoutetsubi Yonayona Drive,7,0.006427915518824609,2,0.04878048780487805
Drum Solo,"Majority Report (darling, I love you)",47,0.04315886134067952,2,0.04878048780487805
"10% roll, 10% romance",Slow Curve wa Utenai (that made me crazy),23,0.021120293847566574,2,0.04878048780487805
Fiction Freak Crisis,Invisible Sensation,53,0.048668503213957756,2,0.04878048780487805
Invisible Sensation,MIDNIGHT JUNGLE,51,0.046831955922865015,2,0.04878048780487805
Another World,Hakoniwa Rock Show,16,0.014692378328741965,2,0.04878048780487805
Invisible Sensation,Silent Libre Mirage,41,0.03764921946740129,2,0.04878048780487805
Clover,fake town baby,49,0.04499540863177227,2,0.04878048780487805
Nihil Pip Viper,Numbness like a ginger,35,0.03213957759412305,2,0.04878048780487805
City peel,Houkago Marriage,28,0.025711662075298437,2,0.04878048780487805
23:25,Aerial Alien,21,0.01928374655647383,2,0.04878048780487805
Aerial Alien,Linear Blue wo Kikinagara,21,0.01928374655647383,2,0.04878048780487805
Dizzy Trickster,Yoru ga Yureteiru,36,0.03305785123966942,2,0.04878048780487805
Kimi no Hitomi ni Koishi Tenai,Slow Curve wa Utenai (that made me crazy),27,0.024793388429752067,2,0.04878048780487805
Bachigai Hummingbird,Dizzy Trickster,48,0.0440771349862259,2,0.04878048780487805
Dizzy Trickster,MIDNIGHT JUNGLE,48,0.0440771349862259,2,0.04878048780487805
Dizzy Trickster,Tettoutetsubi Yonayona Drive,6,0.005509641873278237,2,0.04878048780487805
Dizzy Trickster,crazy birthday,36,0.03305785123966942,2,0.04878048780487805
Dizzy Trickster,fake town baby,49,0.04499540863177227,2,0.04878048780487805
Dizzy Trickster,Fiction Freak Crisis,48,0.0440771349862259,2,0.04878048780487805
"Majority Report (darling, I love you)",Sakura no Ato (all quartets lead to the?),52,0.047750229568411386,2,0.04878048780487805
Invisible Sensation,Own Civilization (nano‐mile met),48,0.0440771349862259,2,0.04878048780487805
Houkago Marriage,Instrumental Jam,28,0.025711662075298437,2,0.04878048780487805
Invisible Sensation,Yoru ga Yureteiru,36,0.03305785123966942,2,0.04878048780487805
Fiction Freak Crisis,Own Civilization (nano‐mile met),48,0.0440771349862259,2,0.04878048780487805
Bachigai Hummingbird,"Catch up, latency",17,0.015610651974288337,2,0.04878048780487805
"Catch up, latency",MIDNIGHT JUNGLE,18,0.01652892561983471,2,0.04878048780487805
"Catch up, latency",Seihitsu Kanbi Akigure Jojou,19,0.017447199265381085,2,0.04878048780487805
Ryusei no Squall,Sentimental Period,38,0.03489439853076217,2,0.04878048780487805
Koisuru Wakusei,Millennium Happy Chainsaw Edge,44,0.04040404040404041,2,0.04878048780487805
Cheap Cheap Endroll,Scarsdale,21,0.01928374655647383,2,0.04878048780487805
Scarsdale,Sugar Song to Bitter Step,28,0.025711662075298437,2,0.04878048780487805
Sakura no Ato (all quartets lead to the?),Scarsdale,31,0.028466483011937556,2,0.04878048780487805
Kimi no Hitomi ni Koishi Tenai,Sekai wa Fancy,15,0.013774104683195593,2,0.04878048780487805
MR. Andy,Sugar Song to Bitter Step,47,0.04315886134067952,2,0.04878048780487805
"10% roll, 10% romance",Sawarenai Uta,12,0.011019283746556474,2,0.04878048780487805
Master Volume,"Nigatsu, Hakuchu no Nagareboshi to Hikoukigumo",17,0.015610651974288337,2,0.04878048780487805
Galileo no Showcase,"Nigatsu, Hakuchu no Nagareboshi to Hikoukigumo",26,0.023875114784205693,2,0.04878048780487805
Karakuri Karukare,"Nigatsu, Hakuchu no Nagareboshi to Hikoukigumo",10,0.009182736455463728,2,0.04878048780487805
MR. Andy,"Nigatsu, Hakuchu no Nagareboshi to Hikoukigumo",21,0.01928374655647383,2,0.04878048780487805
"Nigatsu, Hakuchu no Nagareboshi to Hikoukigumo",Sanpo Saki My Life,14,0.012855831037649219,2,0.04878048780487805
Mizu to Ame ni Tsuite,Sayonara Dai Kyu Wakusei,19,0.017447199265381085,2,0.04878048780487805
Another World,Mizu to Ame ni Tsuite,12,0.011019283746556474,2,0.04878048780487805
Hakoniwa Rock Show,Mizu to Ame ni Tsuite,40,0.03673094582185491,2,0.04878048780487805
Hakoniwa Rock Show,Sayonara Dai Kyu Wakusei,32,0.02938475665748393,2,0.04878048780487805
Kimi no Moto e,Sentimental Period,39,0.03581267217630854,2,0.04878048780487805
23:25,Ryusei no Squall,33,0.030303030303030304,2,0.04878048780487805
Chandelier Waltz,Haru ga Kite Bokura,20,0.018365472910927456,2,0.04878048780487805
"10% roll, 10% romance",RUNNERS HIGH REPRISE,36,0.03305785123966942,2,0.04878048780487805
"Majority Report (darling, I love you)",Pandemic Sudden Death,50,0.04591368227731864,2,0.04878048780487805
Kimi wa Tomodachi,"Majority Report (darling, I love you)",48,0.0440771349862259,2,0.04878048780487805
"Catch up, latency",Toushindai no Chikyu,17,0.015610651974288337,2,0.04878048780487805
"Majority Report (darling, I love you)","Minority Report (darling, I love you)",48,0.0440771349862259,2,0.04878048780487805
Linear Blue wo Kikinagara,"Majority Report (darling, I love you)",22,0.020202020202020204,2,0.04878048780487805
"10% roll, 10% romance",Ryusei no Squall,24,0.02203856749311295,2,0.04878048780487805
23:25,Kirai = Kirai,33,0.030303030303030304,2,0.04878048780487805
Galileo no Showcase,Kirai = Kirai,15,0.013774104683195593,2,0.04878048780487805
Chandelier Waltz,Ride on Time,32,0.02938475665748393,2,0.04878048780487805
5-bu-go no Stardust,Counter Identity,9,0.008264462809917356,2,0.04878048780487805
Kirai = Kirai,MR. Andy,34,0.031221303948576674,2,0.04878048780487805
Kirai = Kirai,Sentimental Period,32,0.02938475665748393,2,0.04878048780487805
"10% roll, 10% romance",Atorakushon ga Hajimaru (they call it “NO.6”),13,0.011937557392102846,2,0.04878048780487805
BUSTER DICE MISERY,MIDNIGHT JUNGLE,13,0.011937557392102846,2,0.04878048780487805
MIDNIGHT JUNGLE,Tengoku to Jigoku,14,0.012855831037649219,2,0.04878048780487805
Chandelier Waltz,Instrumental Jam,12,0.011019283746556474,2,0.04878048780487805
Nihil Pip Viper,crazy birthday,33,0.030303030303030304,2,0.04878048780487805
Drum Solo,Fiction Freak Crisis,28,0.025711662075298437,2,0.04878048780487805
Anti-Trendy Club,Tettoutetsubi Yonayona Drive,34,0.031221303948576674,2,0.04878048780487805
Pistol Galaxy,over driver,32,0.02938475665748393,2,0.04878048780487805
Little Time Stop,Pistol Galaxy,32,0.02938475665748393,2,0.04878048780487805
"I wanna believe, Yoru o Iku",Pistol Galaxy,31,0.028466483011937556,2,0.04878048780487805
Dareka ga Wasurete iru Kamoshirenai Bokura ni Daijina 001 no Koto,Mikansei Daisy,7,0.006427915518824609,2,0.04878048780487805
5-bu-go no Stardust,Seku x Kara x Shisonzuuru,33,0.030303030303030304,2,0.04878048780487805
Seku x Kara x Shisonzuuru,flat song,32,0.02938475665748393,2,0.04878048780487805
Koko de Atta ga Kemonomichi,Seku x Kara x Shisonzuuru,34,0.031221303948576674,2,0.04878048780487805
Radial Night Chaser,Snow Reverse,34,0.031221303948576674,2,0.04878048780487805
Mikazuki no Yoru no Mannaka,Radial Night Chaser,32,0.02938475665748393,2,0.04878048780487805
Radial Night Chaser,Santa Claus wa Juutai-chuu,35,0.03213957759412305,2,0.04878048780487805
Santa Claus wa Juutai-chuu,Seku x Kara x Shisonzuuru,35,0.03213957759412305,2,0.04878048780487805
Boku wa Kimi ni Naritai,Radial Night Chaser,33,0.030303030303030304,2,0.04878048780487805
Koko de Atta ga Kemonomichi,Radial Night Chaser,34,0.031221303948576674,2,0.04878048780487805
Radial Night Chaser,flat song,32,0.02938475665748393,2,0.04878048780487805
Mikazuki no Yoru no Mannaka,Seku x Kara x Shisonzuuru,32,0.02938475665748393,2,0.04878048780487805
Nonfiction Compass,Snow Loop,31,0.028466483011937556,2,0.04878048780487805
Seku x Kara x Shisonzuuru,Snow Reverse,34,0.031221303948576674,2,0.04878048780487805
Signal ABC,over driver,32,0.02938475665748393,2,0.04878048780487805
Seku x Kara x Shisonzuuru,over driver,34,0.031221303948576674,2,0.04878048780487805
Signal ABC,Snow Loop,31,0.028466483011937556,2,0.04878048780487805
Micro Paradiso!,Snow Loop,31,0.028466483011937556,2,0.04878048780487805
Gyakuten Sayonara,Snow Loop,31,0.028466483011937556,2,0.04878048780487805
Micro Paradiso!,Mikazuki no Yoru no Mannaka,31,0.028466483011937556,2,0.04878048780487805
Micro Paradiso!,Santa Claus wa Juutai-chuu,33,0.030303030303030304,2,0.04878048780487805
Mikazuki no Yoru no Mannaka,Signal ABC,32,0.02938475665748393,2,0.04878048780487805
Radial Night Chaser,over driver,34,0.031221303948576674,2,0.04878048780487805
Dareka ga Wasurete iru Kamoshirenai Bokura ni Daijina 001 no Koto,Sora no Tobikata,15,0.013774104683195593,2,0.04878048780487805
Pistol Galaxy,Snow Reverse,32,0.02938475665748393,2,0.04878048780487805
Little Time Stop,Love Song wa Totsuzen ni? ~What is the name of that mystery??~,31,0.028466483011937556,2,0.04878048780487805
Love Song wa Totsuzen ni? ~What is the name of that mystery??~,Santa Claus wa Juutai-chuu,33,0.030303030303030304,2,0.04878048780487805
Koko de Atta ga Kemonomichi,Love Song wa Totsuzen ni? ~What is the name of that mystery??~,33,0.030303030303030304,2,0.04878048780487805
Love Song wa Totsuzen ni? ~What is the name of that mystery??~,flat song,31,0.028466483011937556,2,0.04878048780487805
Radial Night Chaser,Snow Loop,31,0.028466483011937556,2,0.04878048780487805
Santa Claus wa Juutai-chuu,Signal ABC,32,0.02938475665748393,2,0.04878048780487805
Deirai Kyousou Gakudan,Shupurehikouru ~Sekai ga Owaru Mae ni~,16,0.014692378328741965,2,0.04878048780487805
Micro Paradiso!,over driver,33,0.030303030303030304,2,0.04878048780487805
5-bu-go no Stardust,Pistol Galaxy,31,0.028466483011937556,2,0.04878048780487805
Nonfiction Compass,Radial Night Chaser,31,0.028466483011937556,2,0.04878048780487805
Radial Night Chaser,Signal ABC,32,0.02938475665748393,2,0.04878048780487805
Micro Paradiso!,Radial Night Chaser,33,0.030303030303030304,2,0.04878048780487805
Gyakuten Sayonara,Radial Night Chaser,31,0.028466483011937556,2,0.04878048780487805
Radial Night Chaser,Seku x Kara x Shisonzuuru,35,0.03213957759412305,2,0.04878048780487805
Pistol Galaxy,Radial Night Chaser,32,0.02938475665748393,2,0.04878048780487805
Pistol Galaxy,flat song,32,0.02938475665748393,2,0.04878048780487805
Koko de Atta ga Kemonomichi,Pistol Galaxy,32,0.02938475665748393,2,0.04878048780487805
Boku wa Kimi ni Naritai,Pistol Galaxy,31,0.028466483011937556,2,0.04878048780487805
"I wanna believe, Yoru o Iku",Radial Night Chaser,32,0.02938475665748393,2,0.04878048780487805
Little Time Stop,Radial Night Chaser,32,0.02938475665748393,2,0.04878048780487805
Radial Night Chaser,Sawarenai Uta,31,0.028466483011937556,2,0.04878048780487805
Mikazuki no Yoru no Mannaka,Pistol Galaxy,32,0.02938475665748393,2,0.04878048780487805
Linear Blue wo Kikinagara,kaleido proud fiesta,24,0.02203856749311295,2,0.04878048780487805
Seku x Kara x Shisonzuuru,Snow Loop,31,0.028466483011937556,2,0.04878048780487805
Little Time Stop,Seku x Kara x Shisonzuuru,32,0.02938475665748393,2,0.04878048780487805
Airabuniju,Chandelier Waltz,20,0.018365472910927456,2,0.04878048780487805
Pistol Galaxy,Snow Loop,31,0.028466483011937556,2,0.04878048780487805
3 minutes replay,Mikansei Daisy,22,0.020202020202020204,2,0.04878048780487805
Gyakuten Sayonara,Seku x Kara x Shisonzuuru,32,0.02938475665748393,2,0.04878048780487805
Gyakuten Sayonara,Pistol Galaxy,31,0.028466483011937556,2,0.04878048780487805
"I wanna believe, Yoru o Iku",Nonfiction Compass,31,0.028466483011937556,2,0.04878048780487805
Little Time Stop,Nonfiction Compass,31,0.028466483011937556,2,0.04878048780487805
MR. Andy,kaleido proud fiesta,20,0.018365472910927456,2,0.04878048780487805
Boku wa Kimi ni Naritai,Gyakuten Sayonara,31,0.028466483011937556,2,0.04878048780487805
Gyakuten Sayonara,Santa Claus wa Juutai-chuu,31,0.028466483011937556,2,0.04878048780487805
Nonfiction Compass,over driver,31,0.028466483011937556,2,0.04878048780487805
Nonfiction Compass,Snow Reverse,31,0.028466483011937556,2,0.04878048780487805
Mikazuki no Yoru no Mannaka,Nonfiction Compass,31,0.028466483011937556,2,0.04878048780487805
Nonfiction Compass,Santa Claus wa Juutai-chuu,31,0.028466483011937556,2,0.04878048780487805
Tettoutetsubi Yonayona Drive,Yume ga Sametara (at that river),29,0.02662993572084481,2,0.04878048780487805
Gyakuten Sayonara,over driver,31,0.028466483011937556,2,0.04878048780487805
Pistol Galaxy,Signal ABC,32,0.02938475665748393,2,0.04878048780487805
Gyakuten Sayonara,Signal ABC,31,0.028466483011937556,2,0.04878048780487805
Phantom Joke,Sakura no Ato (all quartets lead to the?),34,0.031221303948576674,2,0.04878048780487805
Boku wa Kimi ni Naritai,Nonfiction Compass,31,0.028466483011937556,2,0.04878048780487805
Mikansei Daisy,cody beats,21,0.01928374655647383,2,0.04878048780487805
Gyakuten Sayonara,"I wanna believe, Yoru o Iku",31,0.028466483011937556,2,0.04878048780487805
5-bu-go no Stardust,Nonfiction Compass,31,0.028466483011937556,2,0.04878048780487805
Koko de Atta ga Kemonomichi,Nonfiction Compass,31,0.028466483011937556,2,0.04878048780487805
Childhood Supernova,Mikansei Daisy,3,0.0027548209366391185,2,0.04878048780487805
Gyakuten Sayonara,Koko de Atta ga Kemonomichi,31,0.028466483011937556,2,0.04878048780487805
Gyakuten Sayonara,Nonfiction Compass,31,0.028466483011937556,2,0.04878048780487805
Little Time Stop,Signal ABC,32,0.02938475665748393,2,0.04878048780487805
5-bu-go no Stardust,Micro Paradiso!,33,0.030303030303030304,2,0.04878048780487805
"I wanna believe, Yoru o Iku",Seku x Kara x Shisonzuuru,31,0.028466483011937556,2,0.04878048780487805
Chandelier Waltz,Clover,18,0.01652892561983471,2,0.04878048780487805
Boku wa Kimi ni Naritai,Micro Paradiso!,33,0.030303030303030304,2,0.04878048780487805
Koko de Atta ga Kemonomichi,Micro Paradiso!,33,0.030303030303030304,2,0.04878048780487805
"I wanna believe, Yoru o Iku",Snow Loop,31,0.028466483011937556,2,0.04878048780487805
Micro Paradiso!,flat song,31,0.028466483011937556,2,0.04878048780487805
Little Time Stop,Snow Loop,31,0.028466483011937556,2,0.04878048780487805
Sakura no Ato (all quartets lead to the?),Slow Curve wa Utenai (that made me crazy),26,0.023875114784205693,2,0.04878048780487805
Gyakuten Sayonara,flat song,31,0.028466483011937556,2,0.04878048780487805
Sawarenai Uta,Snow Loop,31,0.028466483011937556,2,0.04878048780487805
Snow Loop,over driver,31,0.028466483011937556,2,0.04878048780487805
Micro Paradiso!,Nonfiction Compass,31,0.028466483011937556,2,0.04878048780487805
Snow Loop,Snow Reverse,31,0.028466483011937556,2,0.04878048780487805
Mikazuki no Yoru no Mannaka,Snow Loop,31,0.028466483011937556,2,0.04878048780487805
Sawarenai Uta,Signal ABC,31,0.028466483011937556,2,0.04878048780487805
Santa Claus wa Juutai-chuu,Snow Loop,31,0.028466483011937556,2,0.04878048780487805
Master Volume,Protract Countdown,14,0.012855831037649219,2,0.04878048780487805
Boku wa Kimi ni Naritai,Snow Loop,31,0.028466483011937556,2,0.04878048780487805
Koko de Atta ga Kemonomichi,Snow Loop,31,0.028466483011937556,2,0.04878048780487805
Snow Loop,flat song,31,0.028466483011937556,2,0.04878048780487805
5-bu-go no Stardust,Snow Loop,31,0.028466483011937556,2,0.04878048780487805
Nonfiction Compass,Signal ABC,31,0.028466483011937556,2,0.04878048780487805
"I wanna believe, Yoru o Iku",Love Song wa Totsuzen ni? ~What is the name of that mystery??~,31,0.028466483011937556,2,0.04878048780487805
Pistol Galaxy,Santa Claus wa Juutai-chuu,32,0.02938475665748393,2,0.04878048780487805
Love Song wa Totsuzen ni? ~What is the name of that mystery??~,Pistol Galaxy,31,0.028466483011937556,2,0.04878048780487805
Signal ABC,flat song,32,0.02938475665748393,2,0.04878048780487805
Dareka ga Wasurete iru Kamoshirenai Bokura ni Daijina 001 no Koto,Protract Countdown,15,0.013774104683195593,2,0.04878048780487805
Gyakuten Sayonara,Micro Paradiso!,31,0.028466483011937556,2,0.04878048780487805
MR. Andy,Sakura no Ato (all quartets lead to the?),35,0.03213957759412305,2,0.04878048780487805
Signal ABC,UNO Story,6,0.005509641873278237,2,0.04878048780487805
MR. Andy,Nihil Pip Viper,20,0.018365472910927456,2,0.04878048780487805
Chandelier Waltz,Sora no Tobikata,13,0.011937557392102846,2,0.04878048780487805
Kirai = Kirai,Ryusei no Squall,27,0.024793388429752067,2,0.04878048780487805
Micro Paradiso!,Seku x Kara x Shisonzuuru,34,0.031221303948576674,2,0.04878048780487805
"Catch up, latency",MR. Andy,20,0.018365472910927456,2,0.04878048780487805
Micro Paradiso!,Pistol Galaxy,31,0.028466483011937556,2,0.04878048780487805
"I wanna believe, Yoru o Iku",Little Time Stop,31,0.028466483011937556,2,0.04878048780487805
Phantom Joke,Ryusei no Squall,23,0.021120293847566574,2,0.04878048780487805
Little Time Stop,Micro Paradiso!,31,0.028466483011937556,2,0.04878048780487805
Micro Paradiso!,Sawarenai Uta,31,0.028466483011937556,2,0.04878048780487805
Sayonara Dai Kyu Wakusei,cody beats,5,0.004591368227731864,2,0.04878048780487805
Phantom Joke,Slow Curve wa Utenai (that made me crazy),33,0.030303030303030304,2,0.04878048780487805
3 minutes replay,cody beats,20,0.018365472910927456,2,0.04878048780487805
MR. Andy,Mekator Jikuu Tankentai,31,0.028466483011937556,2,0.04878048780487805
Protract Countdown,Sanpo Saki My Life,29,0.02662993572084481,2,0.04878048780487805
Love Song wa Totsuzen ni? ~What is the name of that mystery??~,UNO Story,8,0.0073461891643709825,2,0.04878048780487805
Shupurehikouru ~Sekai ga Owaru Mae ni~,cody beats,29,0.02662993572084481,2,0.04878048780487805
Shupurehikouru ~Sekai ga Owaru Mae ni~,Sora no Tobikata,19,0.017447199265381085,2,0.04878048780487805
"I wanna believe, Yoru o Iku",Koko de Atta ga Kemonomichi,31,0.028466483011937556,2,0.04878048780487805
Little Time Stop,Sawarenai Uta,31,0.028466483011937556,2,0.04878048780487805
Kimi no Hitomi ni Koishi Tenai,Linear Blue wo Kikinagara,14,0.012855831037649219,2,0.04878048780487805
5-bu-go no Stardust,Signal ABC,31,0.028466483011937556,2,0.04878048780487805
5-bu-go no Stardust,"I wanna believe, Yoru o Iku",31,0.028466483011937556,2,0.04878048780487805
Cheap Cheap Endroll,Clover,26,0.023875114784205693,2,0.04878048780487805
3 minutes replay,Orion wo Nazoru,22,0.020202020202020204,2,0.04878048780487805
"I wanna believe, Yoru o Iku",flat song,31,0.028466483011937556,2,0.04878048780487805
Cheap Cheap Endroll,Own Civilization (nano‐mile met),50,0.04591368227731864,2,0.04878048780487805
Boku wa Kimi ni Naritai,"I wanna believe, Yoru o Iku",31,0.028466483011937556,2,0.04878048780487805
Protract Countdown,Sora no Tobikata,19,0.017447199265381085,2,0.04878048780487805
Cheap Cheap Endroll,MIDNIGHT JUNGLE,37,0.03397612488521579,2,0.04878048780487805
"I wanna believe, Yoru o Iku",Santa Claus wa Juutai-chuu,31,0.028466483011937556,2,0.04878048780487805
"I wanna believe, Yoru o Iku",Mikazuki no Yoru no Mannaka,31,0.028466483011937556,2,0.04878048780487805
"I wanna believe, Yoru o Iku",over driver,31,0.028466483011937556,2,0.04878048780487805
Cheap Cheap Endroll,fake town baby,53,0.048668503213957756,2,0.04878048780487805
Cheap Cheap Endroll,Fiction Freak Crisis,39,0.03581267217630854,2,0.04878048780487805
Orion wo Nazoru,Sayonara Dai Kyu Wakusei,4,0.0036730945821854912,2,0.04878048780487805
"I wanna believe, Yoru o Iku",Sawarenai Uta,31,0.028466483011937556,2,0.04878048780487805
Snow Reverse,UNO Story,9,0.008264462809917356,2,0.04878048780487805
Gyakuten Sayonara,Little Time Stop,31,0.028466483011937556,2,0.04878048780487805
Dareka ga Wasurete iru Kamoshirenai Bokura ni Daijina 001 no Koto,Scarsdale,36,0.03305785123966942,2,0.04878048780487805
23:25,kaleido proud fiesta,27,0.024793388429752067,2,0.04878048780487805
Love Song wa Totsuzen ni? ~What is the name of that mystery??~,Micro Paradiso!,33,0.030303030303030304,2,0.04878048780487805
Love Song wa Totsuzen ni? ~What is the name of that mystery??~,Snow Loop,31,0.028466483011937556,2,0.04878048780487805
Love Song wa Totsuzen ni? ~What is the name of that mystery??~,Radial Night Chaser,33,0.030303030303030304,2,0.04878048780487805
Atorakushon ga Hajimaru (they call it “NO.6”),kaleido proud fiesta,13,0.011937557392102846,2,0.04878048780487805
Boku wa Kimi ni Naritai,UNO Story,8,0.0073461891643709825,2,0.04878048780487805
Koko de Atta ga Kemonomichi,Signal ABC,32,0.02938475665748393,2,0.04878048780487805
"Catch up, latency",kaleido proud fiesta,24,0.02203856749311295,2,0.04878048780487805
kaleido proud fiesta,"kid, I like quartet",13,0.011937557392102846,2,0.04878048780487805
Dareka ga Wasurete iru Kamoshirenai Bokura ni Daijina 001 no Koto,Shupurehikouru ~Sekai ga Owaru Mae ni~,16,0.014692378328741965,2,0.04878048780487805
Dareka ga Wasurete iru Kamoshirenai Bokura ni Daijina 001 no Koto,Sanpo Saki My Life,38,0.03489439853076217,2,0.04878048780487805
3 minutes replay,Bachigai Hummingbird,20,0.018365472910927456,2,0.04878048780487805
Sanpo Saki My Life,Shupurehikouru ~Sekai ga Owaru Mae ni~,29,0.02662993572084481,2,0.04878048780487805
Yume ga Sametara (at that river),kaleido proud fiesta,29,0.02662993572084481,2,0.04878048780487805
Love Song wa Totsuzen ni? ~What is the name of that mystery??~,Nonfiction Compass,31,0.028466483011937556,2,0.04878048780487805
fake town baby,"kid, I like quartet",24,0.02203856749311295,1,0.024390243902439025
Ryusei Kouro,Worldwide Supergirl,1,0.0009182736455463728,1,0.024390243902439025
Kirai = Kirai,mouth to mouse(sent you),10,0.009182736455463728,1,0.024390243902439025
Cross Heart 1 Gousen (Advantage In a Long Time),fake town baby,24,0.02203856749311295,1,0.024390243902439025
Bokutachi no Shippai,mouth to mouse(sent you),10,0.009182736455463728,1,0.024390243902439025
Cross Heart 1 Gousen (Advantage In a Long Time),Pandemic Sudden Death,25,0.02295684113865932,1,0.024390243902439025
flat song,"kid, I like quartet",24,0.02203856749311295,1,0.024390243902439025
Bokura no Sono Saki,Sugar Song to Bitter Step,12,0.011019283746556474,1,0.024390243902439025
"10% roll, 10% romance",Messenger From Zen Sekai,10,0.009182736455463728,1,0.024390243902439025
Bokura no Sono Saki,Tettoutetsubi Yonayona Drive,12,0.011019283746556474,1,0.024390243902439025
23:25,"Yuunagi, Ensemble",7,0.006427915518824609,1,0.024390243902439025
Cross Heart 1 Gousen (Advantage In a Long Time),flat song,24,0.02203856749311295,1,0.024390243902439025
Kimi wa Iiko,Sayonara Summer Time Machine,5,0.004591368227731864,1,0.024390243902439025
Cross Heart 1 Gousen (Advantage In a Long Time),Sugar Song to Bitter Step,25,0.02295684113865932,1,0.024390243902439025
Scarsdale,"Yuunagi, Ensemble",1,0.0009182736455463728,1,0.024390243902439025
Cross Heart 1 Gousen (Advantage In a Long Time),Shoegazer Speaker,24,0.02203856749311295,1,0.024390243902439025
"10% roll, 10% romance",meet the world time,10,0.009182736455463728,1,0.024390243902439025
"10% roll, 10% romance",Coffee Cup Syndrome,10,0.009182736455463728,1,0.024390243902439025
MR. Andy,RUNNERS HIGH REPRISE,24,0.02203856749311295,1,0.024390243902439025
"10% roll, 10% romance",BUSTER DICE MISERY,15,0.013774104683195593,1,0.024390243902439025
Drum Solo,RUNNERS HIGH REPRISE,20,0.018365472910927456,1,0.024390243902439025
RUNNERS HIGH REPRISE,"kid, I like quartet",25,0.02295684113865932,1,0.024390243902439025
"10% roll, 10% romance",instant EGOIST,14,0.012855831037649219,1,0.024390243902439025
Chandelier Waltz,flat song,24,0.02203856749311295,1,0.024390243902439025
Cross Heart 1 Gousen (Advantage In a Long Time),MR. Andy,25,0.02295684113865932,1,0.024390243902439025
Full Color Program,Shoegazer Speaker,3,0.0027548209366391185,1,0.024390243902439025
RUNNERS HIGH REPRISE,fake town baby,24,0.02203856749311295,1,0.024390243902439025
Counter Identity,Sakura no Ato (all quartets lead to the?),8,0.0073461891643709825,1,0.024390243902439025
Bokura no Sono Saki,RUNNERS HIGH REPRISE,12,0.011019283746556474,1,0.024390243902439025
Full Color Program,Kimi ga Otona ni Natte Shimau Mae ni,1,0.0009182736455463728,1,0.024390243902439025
"10% roll, 10% romance",Cross Heart 1 Gousen (Advantage In a Long Time),24,0.02203856749311295,1,0.024390243902439025
Protract Countdown,Sentimental Period,19,0.017447199265381085,1,0.024390243902439025
Hikari Nodokeki Haru no Hi ni,Sentimental Period,4,0.0036730945821854912,1,0.024390243902439025
Cross Heart 1 Gousen (Advantage In a Long Time),Mekator Jikuu Tankentai,24,0.02203856749311295,1,0.024390243902439025
Orion wo Nazoru,Ryusei Kouro,2,0.0018365472910927456,1,0.024390243902439025
5-bu-go no Stardust,Hikari Nodokeki Haru no Hi ni,1,0.0009182736455463728,1,0.024390243902439025
Cross Heart 1 Gousen (Advantage In a Long Time),Dareka ga Wasurete iru Kamoshirenai Bokura ni Daijina 001 no Koto,24,0.02203856749311295,1,0.024390243902439025
Sakura no Ato (all quartets lead to the?),mouth to mouse(sent you),13,0.011937557392102846,1,0.024390243902439025
"I wanna believe, Yoru o Iku",Sayonara Summer Time Machine,3,0.0027548209366391185,1,0.024390243902439025
RUNNERS HIGH REPRISE,flat song,26,0.023875114784205693,1,0.024390243902439025
5-bu-go no Stardust,Protract Countdown,1,0.0009182736455463728,1,0.024390243902439025
Cross Heart 1 Gousen (Advantage In a Long Time),RUNNERS HIGH REPRISE,24,0.02203856749311295,1,0.024390243902439025
3 minutes replay,5-bu-go no Stardust,1,0.0009182736455463728,1,0.024390243902439025
Hikari Nodokeki Haru no Hi ni,Ryusei Kouro,1,0.0009182736455463728,1,0.024390243902439025
Dareka ga Wasurete iru Kamoshirenai Bokura ni Daijina 001 no Koto,Ryusei Kouro,1,0.0009182736455463728,1,0.024390243902439025
Bokura no Sono Saki,Cross Heart 1 Gousen (Advantage In a Long Time),12,0.011019283746556474,1,0.024390243902439025
Mikansei Daisy,Ryusei Kouro,1,0.0009182736455463728,1,0.024390243902439025
Full Color Program,Mekator Jikuu Tankentai,1,0.0009182736455463728,1,0.024390243902439025
Cross Heart 1 Gousen (Advantage In a Long Time),Tettoutetsubi Yonayona Drive,24,0.02203856749311295,1,0.024390243902439025
Another World,Counter Identity,3,0.0027548209366391185,1,0.024390243902439025
Cross Heart 1 Gousen (Advantage In a Long Time),Sanpo Saki My Life,24,0.02203856749311295,1,0.024390243902439025
Ryusei Kouro,over driver,1,0.0009182736455463728,1,0.024390243902439025
Hikari Nodokeki Haru no Hi ni,MR. Andy,3,0.0027548209366391185,1,0.024390243902439025
MR. Andy,Pandemic Sudden Death,25,0.02295684113865932,1,0.024390243902439025
Dareka ga Wasurete iru Kamoshirenai Bokura ni Daijina 001 no Koto,flat song,24,0.02203856749311295,1,0.024390243902439025
Full Color Program,Momai termination,7,0.006427915518824609,1,0.024390243902439025
Shoegazer Speaker,fake town baby,24,0.02203856749311295,1,0.024390243902439025
"10% roll, 10% romance",flat song,26,0.023875114784205693,1,0.024390243902439025
Bokura no Sono Saki,fake town baby,12,0.011019283746556474,1,0.024390243902439025
"10% roll, 10% romance",Shoegazer Speaker,25,0.02295684113865932,1,0.024390243902439025
Bokura no Sono Saki,flat song,12,0.011019283746556474,1,0.024390243902439025
Full Color Program,Tasogare in the Spy,2,0.0018365472910927456,1,0.024390243902439025
Dareka ga Wasurete iru Kamoshirenai Bokura ni Daijina 001 no Koto,RUNNERS HIGH REPRISE,26,0.023875114784205693,1,0.024390243902439025
Micro Paradiso!,Sayonara Summer Time Machine,6,0.005509641873278237,1,0.024390243902439025
fake town baby,flat song,24,0.02203856749311295,1,0.024390243902439025
Drum Solo,Mekator Jikuu Tankentai,20,0.018365472910927456,1,0.024390243902439025
Bokura no Sono Saki,Drum Solo,10,0.009182736455463728,1,0.024390243902439025
Pandemic Sudden Death,flat song,24,0.02203856749311295,1,0.024390243902439025
Hikari Nodokeki Haru no Hi ni,Kimi no Moto e,2,0.0018365472910927456,1,0.024390243902439025
Pandemic Sudden Death,fake town baby,24,0.02203856749311295,1,0.024390243902439025
Sanpo Saki My Life,Shoegazer Speaker,24,0.02203856749311295,1,0.024390243902439025
Nonfiction Compass,Sayonara Summer Time Machine,3,0.0027548209366391185,1,0.024390243902439025
Dareka ga Wasurete iru Kamoshirenai Bokura ni Daijina 001 no Koto,Mekator Jikuu Tankentai,24,0.02203856749311295,1,0.024390243902439025
Mekator Jikuu Tankentai,RUNNERS HIGH REPRISE,24,0.02203856749311295,1,0.024390243902439025
Drum Solo,Sanpo Saki My Life,21,0.01928374655647383,1,0.024390243902439025
Bokura no Sono Saki,Mekator Jikuu Tankentai,12,0.011019283746556474,1,0.024390243902439025
Sanpo Saki My Life,flat song,24,0.02203856749311295,1,0.024390243902439025
Tettoutetsubi Yonayona Drive,flat song,24,0.02203856749311295,1,0.024390243902439025
Mekator Jikuu Tankentai,Sanpo Saki My Life,25,0.02295684113865932,1,0.024390243902439025
Mekator Jikuu Tankentai,fake town baby,24,0.02203856749311295,1,0.024390243902439025
Sayonara Summer Time Machine,Snow Loop,3,0.0027548209366391185,1,0.024390243902439025
Sanpo Saki My Life,Tettoutetsubi Yonayona Drive,31,0.028466483011937556,1,0.024390243902439025
Mekator Jikuu Tankentai,flat song,24,0.02203856749311295,1,0.024390243902439025
Pistol Galaxy,Sayonara Summer Time Machine,3,0.0027548209366391185,1,0.024390243902439025
Drum Solo,flat song,20,0.018365472910927456,1,0.024390243902439025
Clover,Kimi no Moto e,4,0.0036730945821854912,1,0.024390243902439025
Bokutachi no Shippai,Slow Curve wa Utenai (that made me crazy),10,0.009182736455463728,1,0.024390243902439025
Bokura no Sono Saki,Shoegazer Speaker,12,0.011019283746556474,1,0.024390243902439025
MR. Andy,flat song,24,0.02203856749311295,1,0.024390243902439025
Ryusei Kouro,"kid, I like quartet",2,0.0018365472910927456,1,0.024390243902439025
3 minutes replay,Ryusei Kouro,1,0.0009182736455463728,1,0.024390243902439025
Hikari Nodokeki Haru no Hi ni,Mikansei Daisy,1,0.0009182736455463728,1,0.024390243902439025
Radial Night Chaser,Sayonara Summer Time Machine,5,0.004591368227731864,1,0.024390243902439025
Hikari Nodokeki Haru no Hi ni,over driver,1,0.0009182736455463728,1,0.024390243902439025
Instrumental Jam,"Minority Report (darling, I love you)",4,0.0036730945821854912,1,0.024390243902439025
Dareka ga Wasurete iru Kamoshirenai Bokura ni Daijina 001 no Koto,fake town baby,25,0.02295684113865932,1,0.024390243902439025
Mikansei Daisy,over driver,1,0.0009182736455463728,1,0.024390243902439025
Karakuri Karukare,Protract Countdown,4,0.0036730945821854912,1,0.024390243902439025
Karakuri Karukare,Kimi no Moto e,5,0.004591368227731864,1,0.024390243902439025
Protract Countdown,over driver,1,0.0009182736455463728,1,0.024390243902439025
Drum Solo,MR. Andy,22,0.020202020202020204,1,0.024390243902439025
3 minutes replay,over driver,1,0.0009182736455463728,1,0.024390243902439025
Instrumental Jam,Orion wo Nazoru,8,0.0073461891643709825,1,0.024390243902439025
MR. Andy,Shoegazer Speaker,24,0.02203856749311295,1,0.024390243902439025
Bokura no Sono Saki,Pandemic Sudden Death,12,0.011019283746556474,1,0.024390243902439025
"10% roll, 10% romance",Mekator Jikuu Tankentai,24,0.02203856749311295,1,0.024390243902439025
RUNNERS HIGH REPRISE,Sanpo Saki My Life,24,0.02203856749311295,1,0.024390243902439025
Childhood Supernova,Protract Countdown,2,0.0018365472910927456,1,0.024390243902439025
Kimi no Moto e,Protract Countdown,18,0.01652892561983471,1,0.024390243902439025
Hatch I need,Orion wo Nazoru,6,0.005509641873278237,1,0.024390243902439025
Galileo no Showcase,Mikazuki no Yoru no Mannaka,1,0.0009182736455463728,1,0.024390243902439025
"10% roll, 10% romance",Bokura no Sono Saki,12,0.011019283746556474,1,0.024390243902439025
Shoegazer Speaker,flat song,24,0.02203856749311295,1,0.024390243902439025
Sugar Song to Bitter Step,flat song,27,0.024793388429752067,1,0.024390243902439025
"10% roll, 10% romance","kid, I like quartet",24,0.02203856749311295,1,0.024390243902439025
Another World,"Nigatsu, Hakuchu no Nagareboshi to Hikoukigumo",1,0.0009182736455463728,1,0.024390243902439025
Kirai = Kirai,Slow Curve wa Utenai (that made me crazy),10,0.009182736455463728,1,0.024390243902439025
Sanpo Saki My Life,Snow Answer,12,0.011019283746556474,1,0.024390243902439025
Nonfiction Compass,Snow Answer,12,0.011019283746556474,1,0.024390243902439025
MR. Andy,Mikazuki no Yoru no Mannaka,17,0.015610651974288337,1,0.024390243902439025
Otonoba Chukan Shiken,Snow Answer,12,0.011019283746556474,1,0.024390243902439025
Cross Heart 1 Gousen (Advantage In a Long Time),Otonoba Chukan Shiken,12,0.011019283746556474,1,0.024390243902439025
MR. Andy,Otonoba Chukan Shiken,14,0.012855831037649219,1,0.024390243902439025
"10% roll, 10% romance",Otonoba Chukan Shiken,14,0.012855831037649219,1,0.024390243902439025
Mekator Jikuu Tankentai,Otonoba Chukan Shiken,12,0.011019283746556474,1,0.024390243902439025
Otonoba Chukan Shiken,RUNNERS HIGH REPRISE,13,0.011937557392102846,1,0.024390243902439025
Otonoba Chukan Shiken,fake town baby,14,0.012855831037649219,1,0.024390243902439025
Otonoba Chukan Shiken,flat song,12,0.011019283746556474,1,0.024390243902439025
Invisible Sensation,Snow Answer,12,0.011019283746556474,1,0.024390243902439025
Silent Libre Mirage,Snow Answer,12,0.011019283746556474,1,0.024390243902439025
Cross Heart 1 Gousen (Advantage In a Long Time),Snow Answer,12,0.011019283746556474,1,0.024390243902439025
"10% roll, 10% romance",Snow Answer,12,0.011019283746556474,1,0.024390243902439025
Mekator Jikuu Tankentai,Snow Answer,12,0.011019283746556474,1,0.024390243902439025
MR. Andy,Sawarenai Uta,18,0.01652892561983471,1,0.024390243902439025
RUNNERS HIGH REPRISE,Snow Answer,12,0.011019283746556474,1,0.024390243902439025
Nonfiction Compass,Otonoba Chukan Shiken,12,0.011019283746556474,1,0.024390243902439025
Fiction Freak Crisis,crazy birthday,16,0.014692378328741965,1,0.024390243902439025
5-bu-go no Stardust,mouth to mouse(sent you),6,0.005509641873278237,1,0.024390243902439025
Pistol Galaxy,mouth to mouse(sent you),4,0.0036730945821854912,1,0.024390243902439025
Kimi wa Iiko,Sangatsu Monogatari,4,0.0036730945821854912,1,0.024390243902439025
Gyakuten Sayonara,mouth to mouse(sent you),4,0.0036730945821854912,1,0.024390243902439025
Ride on Time / Toshindai no Chikyu / MR. Andy / CAPACITY Koeru / Worldwide Supergirl / Coffee Cup Syndrome  / Sentimental Period  / Drum Solo / Galileo no Showcase,Sanpo Saki My Life,12,0.011019283746556474,1,0.024390243902439025
Seku x Kara x Shisonzuuru,mouth to mouse(sent you),4,0.0036730945821854912,1,0.024390243902439025
Dareka ga Wasurete iru Kamoshirenai Bokura ni Daijina 001 no Koto,Kirai = Kirai,17,0.015610651974288337,1,0.024390243902439025
Dareka ga Wasurete iru Kamoshirenai Bokura ni Daijina 001 no Koto,Mikazuki no Yoru no Mannaka,18,0.01652892561983471,1,0.024390243902439025
Bachigai Hummingbird,Kirai = Kirai,20,0.018365472910927456,1,0.024390243902439025
Kimi wa Iiko,mouth to mouse(sent you),1,0.0009182736455463728,1,0.024390243902439025
flat song,mouth to mouse(sent you),4,0.0036730945821854912,1,0.024390243902439025
Little Time Stop,mouth to mouse(sent you),4,0.0036730945821854912,1,0.024390243902439025
mouth to mouse(sent you),over driver,4,0.0036730945821854912,1,0.024390243902439025
Mikazuki no Yoru no Mannaka,mouth to mouse(sent you),4,0.0036730945821854912,1,0.024390243902439025
Santa Claus wa Juutai-chuu,mouth to mouse(sent you),4,0.0036730945821854912,1,0.024390243902439025
Bachigai Hummingbird,Mikazuki no Yoru no Mannaka,18,0.01652892561983471,1,0.024390243902439025
Boku wa Kimi ni Naritai,mouth to mouse(sent you),4,0.0036730945821854912,1,0.024390243902439025
Koko de Atta ga Kemonomichi,mouth to mouse(sent you),4,0.0036730945821854912,1,0.024390243902439025
Seihitsu Kanbi Akigure Jojou,Toushindai no Chikyu,16,0.014692378328741965,1,0.024390243902439025
Pandemic Sudden Death,Snow Answer,12,0.011019283746556474,1,0.024390243902439025
Childhood Supernova,Toushindai no Chikyu,4,0.0036730945821854912,1,0.024390243902439025
Snow Answer,fake town baby,12,0.011019283746556474,1,0.024390243902439025
Chandelier Waltz,Mikazuki no Yoru no Mannaka,18,0.01652892561983471,1,0.024390243902439025
23:25,Searchlight,9,0.008264462809917356,1,0.024390243902439025
Kimi no Moto e,Kirai = Kirai,17,0.015610651974288337,1,0.024390243902439025
cody beats,overture ~Spring Spring Spring~,12,0.011019283746556474,1,0.024390243902439025
Sayonara Summer Time Machine,cody beats,3,0.0027548209366391185,1,0.024390243902439025
Kimi no Moto e,cody beats,19,0.017447199265381085,1,0.024390243902439025
Counter Identity,Kimi no Moto e,20,0.018365472910927456,1,0.024390243902439025
Kimi no Hitomi ni Koishi Tenai,Toushindai no Chikyu,17,0.015610651974288337,1,0.024390243902439025
Fiction Freak Crisis,Linear Blue wo Kikinagara,1,0.0009182736455463728,1,0.024390243902439025
Kimi no Hitomi ni Koishi Tenai,crazy birthday,17,0.015610651974288337,1,0.024390243902439025
Fiction Freak Crisis,Sawarenai Uta,1,0.0009182736455463728,1,0.024390243902439025
Chaos ga Kiwamaru,Clover,2,0.0018365472910927456,1,0.024390243902439025
Anti-Trendy Club,Clover,1,0.0009182736455463728,1,0.024390243902439025
Fiction Freak Crisis,Pandemic Sudden Death,1,0.0009182736455463728,1,0.024390243902439025
Anti-Trendy Club,Fiction Freak Crisis,1,0.0009182736455463728,1,0.024390243902439025
Kimi no Moto e,Mikazuki no Yoru no Mannaka,17,0.015610651974288337,1,0.024390243902439025
Anti-Trendy Club,harmonized finale,1,0.0009182736455463728,1,0.024390243902439025
Chandelier Waltz,Kirai = Kirai,18,0.01652892561983471,1,0.024390243902439025
Searchlight,"kid, I like quartet",1,0.0009182736455463728,1,0.024390243902439025
Scarsdale,Searchlight,1,0.0009182736455463728,1,0.024390243902439025
Linear Blue wo Kikinagara,Sekai wa Fancy,4,0.0036730945821854912,1,0.024390243902439025
Kirai = Kirai,Sayonara Summer Time Machine,17,0.015610651974288337,1,0.024390243902439025
Snow Answer,flat song,12,0.011019283746556474,1,0.024390243902439025
Sanpo Saki My Life,overture ~Spring Spring Spring~,12,0.011019283746556474,1,0.024390243902439025
Drum Solo,Snow Answer,10,0.009182736455463728,1,0.024390243902439025
Sayonara Summer Time Machine,Sora no Tobikata,3,0.0027548209366391185,1,0.024390243902439025
Snow Answer,Sugar Song to Bitter Step,12,0.011019283746556474,1,0.024390243902439025
Shoegazer Speaker,Snow Answer,12,0.011019283746556474,1,0.024390243902439025
Ryusei Kouro,cody beats,3,0.0027548209366391185,1,0.024390243902439025
Bachigai Hummingbird,Searchlight,1,0.0009182736455463728,1,0.024390243902439025
Ride on Time,Sayonara Dai Kyu Wakusei,5,0.004591368227731864,1,0.024390243902439025
Seihitsu Kanbi Akigure Jojou,crazy birthday,16,0.014692378328741965,1,0.024390243902439025
Orion wo Nazoru,Searchlight,1,0.0009182736455463728,1,0.024390243902439025
Ride on Time / Toshindai no Chikyu / MR. Andy / CAPACITY Koeru / Worldwide Supergirl / Coffee Cup Syndrome  / Sentimental Period  / Drum Solo / Galileo no Showcase,cody beats,12,0.011019283746556474,1,0.024390243902439025
MR. Andy,Sayonara Summer Time Machine,20,0.018365472910927456,1,0.024390243902439025
Searchlight,cody beats,1,0.0009182736455463728,1,0.024390243902439025
Counter Identity,Searchlight,2,0.0018365472910927456,1,0.024390243902439025
Nonfiction Compass,mouth to mouse(sent you),4,0.0036730945821854912,1,0.024390243902439025
Snow Loop,mouth to mouse(sent you),4,0.0036730945821854912,1,0.024390243902439025
Radial Night Chaser,mouth to mouse(sent you),4,0.0036730945821854912,1,0.024390243902439025
Love Song wa Totsuzen ni? ~What is the name of that mystery??~,mouth to mouse(sent you),4,0.0036730945821854912,1,0.024390243902439025
Clover,"Yuunagi, Ensemble",8,0.0073461891643709825,1,0.024390243902439025
instant EGOIST,mouth to mouse(sent you),10,0.009182736455463728,1,0.024390243902439025
Coffee Cup Syndrome,mouth to mouse(sent you),11,0.010101010101010102,1,0.024390243902439025
Bokutachi no Shippai,Sakura no Ato (all quartets lead to the?),10,0.009182736455463728,1,0.024390243902439025
Airabuniju,"Nigatsu, Hakuchu no Nagareboshi to Hikoukigumo",3,0.0027548209366391185,1,0.024390243902439025
MR. Andy,"Yuunagi, Ensemble",12,0.011019283746556474,1,0.024390243902439025
Airabuniju,Another World,1,0.0009182736455463728,1,0.024390243902439025
Airabuniju,Mizu to Ame ni Tsuite,2,0.0018365472910927456,1,0.024390243902439025
Hakoniwa Rock Show,"Nigatsu, Hakuchu no Nagareboshi to Hikoukigumo",7,0.006427915518824609,1,0.024390243902439025
Little Time Stop,Sayonara Summer Time Machine,3,0.0027548209366391185,1,0.024390243902439025
meet the world time,mouth to mouse(sent you),10,0.009182736455463728,1,0.024390243902439025
Kimi no Hitomi ni Koishi Tenai,mouth to mouse(sent you),11,0.010101010101010102,1,0.024390243902439025
"10% roll, 10% romance",mouth to mouse(sent you),11,0.010101010101010102,1,0.024390243902439025
Messenger From Zen Sekai,Tengoku to Jigoku,5,0.004591368227731864,1,0.024390243902439025
Kirai = Kirai,Sakura no Ato (all quartets lead to the?),11,0.010101010101010102,1,0.024390243902439025
Deirai Kyousou Gakudan,crazy birthday,3,0.0027548209366391185,1,0.024390243902439025
Childhood Supernova,Sanpo Saki My Life,5,0.004591368227731864,1,0.024390243902439025
Master Volume,"Yuunagi, Ensemble",8,0.0073461891643709825,1,0.024390243902439025
BUSTER DICE MISERY,mouth to mouse(sent you),10,0.009182736455463728,1,0.024390243902439025
Pandemic Sudden Death,mouth to mouse(sent you),10,0.009182736455463728,1,0.024390243902439025
Counter Identity,Ryusei Kouro,5,0.004591368227731864,1,0.024390243902439025
Ryusei no Squall,over driver,1,0.0009182736455463728,1,0.024390243902439025
Orion wo Nazoru,Yoru ga Yureteiru,1,0.0009182736455463728,1,0.024390243902439025
Dareka ga Wasurete iru Kamoshirenai Bokura ni Daijina 001 no Koto,Instrumental Jam,4,0.0036730945821854912,1,0.024390243902439025
Phantom Joke,mouth to mouse(sent you),11,0.010101010101010102,1,0.024390243902439025
Slow Curve wa Utenai (that made me crazy),mouth to mouse(sent you),11,0.010101010101010102,1,0.024390243902439025
Ryusei no Squall,mouth to mouse(sent you),10,0.009182736455463728,1,0.024390243902439025
Bokutachi no Shippai,Phantom Joke,11,0.010101010101010102,1,0.024390243902439025
Airabuniju,Ryusei Kouro,1,0.0009182736455463728,1,0.024390243902439025
Itsuka no Shounen,"Nigatsu, Hakuchu no Nagareboshi to Hikoukigumo",1,0.0009182736455463728,1,0.024390243902439025
"Nigatsu, Hakuchu no Nagareboshi to Hikoukigumo",Ryusei Kouro,2,0.0018365472910927456,1,0.024390243902439025
Kirai = Kirai,Phantom Joke,10,0.009182736455463728,1,0.024390243902439025
Airabuniju,Hitori Omou wa Ame no Naka,1,0.0009182736455463728,1,0.024390243902439025
Hitori Omou wa Ame no Naka,"Nigatsu, Hakuchu no Nagareboshi to Hikoukigumo",5,0.004591368227731864,1,0.024390243902439025
Another World,Hitori Omou wa Ame no Naka,1,0.0009182736455463728,1,0.024390243902439025
"Nigatsu, Hakuchu no Nagareboshi to Hikoukigumo","Yuunagi, Ensemble",4,0.0036730945821854912,1,0.024390243902439025
Atorakushon ga Hajimaru (they call it “NO.6”),mouth to mouse(sent you),10,0.009182736455463728,1,0.024390243902439025
Messenger From Zen Sekai,Sugar Song to Bitter Step,3,0.0027548209366391185,1,0.024390243902439025
Sanpo Saki My Life,"Yuunagi, Ensemble",8,0.0073461891643709825,1,0.024390243902439025
Bokutachi no Shippai,Kirai = Kirai,10,0.009182736455463728,1,0.024390243902439025
Snow Answer,Worldwide Supergirl,1,0.0009182736455463728,1,0.024390243902439025
Mikansei Daisy,Mikazuki no Yoru no Mannaka,1,0.0009182736455463728,1,0.024390243902439025
Mikansei Daisy,WINDOW Akeru,1,0.0009182736455463728,1,0.024390243902439025
Mikazuki no Yoru no Mannaka,"kid, I like quartet",17,0.015610651974288337,1,0.024390243902439025
Orion wo Nazoru,Slow Curve wa Utenai (that made me crazy),13,0.011937557392102846,1,0.024390243902439025
Sentimental Period,Snow Answer,1,0.0009182736455463728,1,0.024390243902439025
Snow Answer,WINDOW Akeru,1,0.0009182736455463728,1,0.024390243902439025
Love Song wa Totsuzen ni? ~What is the name of that mystery??~,Snow Answer,1,0.0009182736455463728,1,0.024390243902439025
Orion wo Nazoru,overture ~Spring Spring Spring~,12,0.011019283746556474,1,0.024390243902439025
Dareka ga Wasurete iru Kamoshirenai Bokura ni Daijina 001 no Koto,Light Flat,2,0.0018365472910927456,1,0.024390243902439025
Fiction Freak Crisis,Toushindai no Chikyu,16,0.014692378328741965,1,0.024390243902439025
Ryusei no Squall,Sora no Tobikata,1,0.0009182736455463728,1,0.024390243902439025
Sawarenai Uta,Snow Answer,1,0.0009182736455463728,1,0.024390243902439025
Toushindai no Chikyu,fake town baby,17,0.015610651974288337,1,0.024390243902439025
Mikazuki no Yoru no Mannaka,Snow Answer,1,0.0009182736455463728,1,0.024390243902439025
Ryusei no Squall,Snow Answer,1,0.0009182736455463728,1,0.024390243902439025
Kirai = Kirai,Snow Answer,1,0.0009182736455463728,1,0.024390243902439025
Bokutachi no Shippai,Orion wo Nazoru,10,0.009182736455463728,1,0.024390243902439025
Kirai = Kirai,"kid, I like quartet",19,0.017447199265381085,1,0.024390243902439025
Orion wo Nazoru,Ride on Time / Toshindai no Chikyu / MR. Andy / CAPACITY Koeru / Worldwide Supergirl / Coffee Cup Syndrome  / Sentimental Period  / Drum Solo / Galileo no Showcase,12,0.011019283746556474,1,0.024390243902439025
3 minutes replay,Snow Reverse,1,0.0009182736455463728,1,0.024390243902439025
Otonoba Chukan Shiken,Sanpo Saki My Life,15,0.013774104683195593,1,0.024390243902439025
Kimi no Hitomi ni Koishi Tenai,Otonoba Chukan Shiken,12,0.011019283746556474,1,0.024390243902439025
Ryusei no Squall,Scarsdale,22,0.020202020202020204,1,0.024390243902439025
Mikansei Daisy,Tengoku to Jigoku,10,0.009182736455463728,1,0.024390243902439025
RUNNERS HIGH REPRISE,Tengoku to Jigoku,8,0.0073461891643709825,1,0.024390243902439025
Tengoku to Jigoku,flat song,8,0.0073461891643709825,1,0.024390243902439025
BUSTER DICE MISERY,Mikansei Daisy,3,0.0027548209366391185,1,0.024390243902439025
3 minutes replay,Ride on Time,1,0.0009182736455463728,1,0.024390243902439025
Mikansei Daisy,crazy birthday,6,0.005509641873278237,1,0.024390243902439025
Kirai = Kirai,Mikazuki no Yoru no Mannaka,17,0.015610651974288337,1,0.024390243902439025
Master Volume,Mikazuki no Yoru no Mannaka,17,0.015610651974288337,1,0.024390243902439025
Mikansei Daisy,Snow Reverse,1,0.0009182736455463728,1,0.024390243902439025
Mikazuki no Yoru no Mannaka,Ryusei no Squall,18,0.01652892561983471,1,0.024390243902439025
3 minutes replay,Light Flat,1,0.0009182736455463728,1,0.024390243902439025
Airabuniju,Light Flat,1,0.0009182736455463728,1,0.024390243902439025
Mikazuki no Yoru no Mannaka,Scarsdale,18,0.01652892561983471,1,0.024390243902439025
"10% roll, 10% romance",Bokutachi no Shippai,11,0.010101010101010102,1,0.024390243902439025
Friday Novels,Mermaid Scandalous,20,0.018365472910927456,1,0.024390243902439025
Chandelier Waltz,RUNNERS HIGH REPRISE,24,0.02203856749311295,1,0.024390243902439025
BUSTER DICE MISERY,Ryusei no Squall,10,0.009182736455463728,1,0.024390243902439025
Chandelier Waltz,Seihitsu Kanbi Akigure Jojou,3,0.0027548209366391185,1,0.024390243902439025
Natsukage Tail Light,Slow Curve wa Utenai (that made me crazy),21,0.01928374655647383,1,0.024390243902439025
BUSTER DICE MISERY,Slow Curve wa Utenai (that made me crazy),10,0.009182736455463728,1,0.024390243902439025
Sekai wa Fancy,Slow Curve wa Utenai (that made me crazy),25,0.02295684113865932,1,0.024390243902439025
Master Volume,Seihitsu Kanbi Akigure Jojou,3,0.0027548209366391185,1,0.024390243902439025
Slow Curve wa Utenai (that made me crazy),Yoru ga Yureteiru,20,0.018365472910927456,1,0.024390243902439025
Simple Simple Anecdote,Slow Curve wa Utenai (that made me crazy),21,0.01928374655647383,1,0.024390243902439025
Sesshoku Vigilante,Slow Curve wa Utenai (that made me crazy),21,0.01928374655647383,1,0.024390243902439025
Friday Novels,Slow Curve wa Utenai (that made me crazy),21,0.01928374655647383,1,0.024390243902439025
Karakuri Karukare,Slow Curve wa Utenai (that made me crazy),20,0.018365472910927456,1,0.024390243902439025
Invisible Sensation,Master Volume,3,0.0027548209366391185,1,0.024390243902439025
Chandelier Waltz,Orchestra o Mi ni Ikou,2,0.0018365472910927456,1,0.024390243902439025
Orchestra o Mi ni Ikou,harmonized finale,2,0.0018365472910927456,1,0.024390243902439025
Master Volume,Orchestra o Mi ni Ikou,3,0.0027548209366391185,1,0.024390243902439025
Master Volume,fake town baby,4,0.0036730945821854912,1,0.024390243902439025
Otonoba Chukan Shiken,Slow Curve wa Utenai (that made me crazy),21,0.01928374655647383,1,0.024390243902439025
BUSTER DICE MISERY,RUNNERS HIGH REPRISE,12,0.011019283746556474,1,0.024390243902439025
"10% roll, 10% romance",Dareka ga Wasurete iru Kamoshirenai Bokura ni Daijina 001 no Koto,27,0.024793388429752067,1,0.024390243902439025
Atorakushon ga Hajimaru (they call it “NO.6”),Master Volume,5,0.004591368227731864,1,0.024390243902439025
BUSTER DICE MISERY,Phantom Joke,10,0.009182736455463728,1,0.024390243902439025
Pandemic Sudden Death,Phantom Joke,10,0.009182736455463728,1,0.024390243902439025
Kimi no Hitomi ni Koishi Tenai,Master Volume,6,0.005509641873278237,1,0.024390243902439025
Mikansei Daisy,Sanpo Saki My Life,20,0.018365472910927456,1,0.024390243902439025
3 minutes replay,Sanpo Saki My Life,18,0.01652892561983471,1,0.024390243902439025
Pandemic Sudden Death,Slow Curve wa Utenai (that made me crazy),10,0.009182736455463728,1,0.024390243902439025
3 minutes replay,Scarsdale,18,0.01652892561983471,1,0.024390243902439025
Master Volume,mix juice no Iutouri,3,0.0027548209366391185,1,0.024390243902439025
Orion wo Nazoru,Seihitsu Kanbi Akigure Jojou,5,0.004591368227731864,1,0.024390243902439025
Orchestra o Mi ni Ikou,Orion wo Nazoru,2,0.0018365472910927456,1,0.024390243902439025
"10% roll, 10% romance",Master Volume,10,0.009182736455463728,1,0.024390243902439025
Nihil Pip Viper,Slow Curve wa Utenai (that made me crazy),20,0.018365472910927456,1,0.024390243902439025
"Catch up, latency",Master Volume,5,0.004591368227731864,1,0.024390243902439025
Linear Blue wo Kikinagara,Orchestra o Mi ni Ikou,2,0.0018365472910927456,1,0.024390243902439025
Haru ga Kite Bokura,Master Volume,5,0.004591368227731864,1,0.024390243902439025
BUSTER DICE MISERY,Kirai = Kirai,10,0.009182736455463728,1,0.024390243902439025
Instrumental Jam,Slow Curve wa Utenai (that made me crazy),20,0.018365472910927456,1,0.024390243902439025
BUSTER DICE MISERY,Bokutachi no Shippai,10,0.009182736455463728,1,0.024390243902439025
"Catch up, latency",Chandelier Waltz,9,0.008264462809917356,1,0.024390243902439025
Mermaid Scandalous,Slow Curve wa Utenai (that made me crazy),22,0.020202020202020204,1,0.024390243902439025
Slow Curve wa Utenai (that made me crazy),crazy birthday,20,0.018365472910927456,1,0.024390243902439025
Nihil Pip Viper,Orchestra o Mi ni Ikou,20,0.018365472910927456,1,0.024390243902439025
Dareka ga Wasurete iru Kamoshirenai Bokura ni Daijina 001 no Koto,Invisible Sensation,26,0.023875114784205693,1,0.024390243902439025
Phrase Bottle Bye Bye,Sugar Song to Bitter Step,4,0.0036730945821854912,1,0.024390243902439025
Hatch I need,Invisible Sensation,21,0.01928374655647383,1,0.024390243902439025
Friday Novels,Orchestra o Mi ni Ikou,21,0.01928374655647383,1,0.024390243902439025
Bokutachi no Shippai,instant EGOIST,10,0.009182736455463728,1,0.024390243902439025
Orchestra o Mi ni Ikou,Otonoba Chukan Shiken,20,0.018365472910927456,1,0.024390243902439025
Orchestra o Mi ni Ikou,Slow Curve wa Utenai (that made me crazy),20,0.018365472910927456,1,0.024390243902439025
Phantom Joke,instant EGOIST,10,0.009182736455463728,1,0.024390243902439025
Invisible Sensation,Mermaid Scandalous,21,0.01928374655647383,1,0.024390243902439025
Invisible Sensation,Karakuri Karukare,24,0.02203856749311295,1,0.024390243902439025
Karakuri Karukare,Kimagure Zattou,13,0.011937557392102846,1,0.024390243902439025
Slow Curve wa Utenai (that made me crazy),instant EGOIST,10,0.009182736455463728,1,0.024390243902439025
Momai termination,Sugar Song to Bitter Step,17,0.015610651974288337,1,0.024390243902439025
Karakuri Karukare,Kirai = Kirai,14,0.012855831037649219,1,0.024390243902439025
Invisible Sensation,Simple Simple Anecdote,21,0.01928374655647383,1,0.024390243902439025
Ryusei no Squall,instant EGOIST,11,0.010101010101010102,1,0.024390243902439025
Childhood Supernova,Messenger From Zen Sekai,16,0.014692378328741965,1,0.024390243902439025
Invisible Sensation,Sesshoku Vigilante,20,0.018365472910927456,1,0.024390243902439025
Kimagure Zattou,Messenger From Zen Sekai,14,0.012855831037649219,1,0.024390243902439025
Friday Novels,Invisible Sensation,21,0.01928374655647383,1,0.024390243902439025
5-bu-go no Stardust,Light Flat,12,0.011019283746556474,1,0.024390243902439025
Coffee Cup Syndrome,Kimagure Zattou,14,0.012855831037649219,1,0.024390243902439025
Orchestra o Mi ni Ikou,Sesshoku Vigilante,20,0.018365472910927456,1,0.024390243902439025
Kirai = Kirai,instant EGOIST,11,0.010101010101010102,1,0.024390243902439025
Orchestra o Mi ni Ikou,Simple Simple Anecdote,20,0.018365472910927456,1,0.024390243902439025
Invisible Sensation,Momai termination,6,0.005509641873278237,1,0.024390243902439025
Kimagure Zattou,Sentimental Period,14,0.012855831037649219,1,0.024390243902439025
BUSTER DICE MISERY,Messenger From Zen Sekai,10,0.009182736455463728,1,0.024390243902439025
Mermaid Scandalous,Orchestra o Mi ni Ikou,20,0.018365472910927456,1,0.024390243902439025
Karakuri Karukare,Orchestra o Mi ni Ikou,20,0.018365472910927456,1,0.024390243902439025
RUNNERS HIGH REPRISE,Ryusei no Squall,10,0.009182736455463728,1,0.024390243902439025
Natsukage Tail Light,Orchestra o Mi ni Ikou,20,0.018365472910927456,1,0.024390243902439025
Phantom Joke,Sawarenai Uta,12,0.011019283746556474,1,0.024390243902439025
Sawarenai Uta,Slow Curve wa Utenai (that made me crazy),10,0.009182736455463728,1,0.024390243902439025
Orchestra o Mi ni Ikou,Phantom Joke,21,0.01928374655647383,1,0.024390243902439025
Childhood Supernova,meet the world time,13,0.011937557392102846,1,0.024390243902439025
Kimagure Zattou,meet the world time,13,0.011937557392102846,1,0.024390243902439025
Snow Reverse,meet the world time,13,0.011937557392102846,1,0.024390243902439025
Coffee Cup Syndrome,Sora no Tobikata,13,0.011937557392102846,1,0.024390243902439025
Orchestra o Mi ni Ikou,Sekai wa Fancy,20,0.018365472910927456,1,0.024390243902439025
BUSTER DICE MISERY,Sawarenai Uta,10,0.009182736455463728,1,0.024390243902439025
Hatch I need,Orchestra o Mi ni Ikou,20,0.018365472910927456,1,0.024390243902439025
Invisible Sensation,harmonized finale,5,0.004591368227731864,1,0.024390243902439025
Haru ga Kite Bokura,Scarsdale,5,0.004591368227731864,1,0.024390243902439025
Shoegazer Speaker,Silent Libre Mirage,24,0.02203856749311295,1,0.024390243902439025
Mermaid Scandalous,Simple Simple Anecdote,21,0.01928374655647383,1,0.024390243902439025
Hatch I need,Simple Simple Anecdote,21,0.01928374655647383,1,0.024390243902439025
Simple Simple Anecdote,Yoru ga Yureteiru,20,0.018365472910927456,1,0.024390243902439025
Atorakushon ga Hajimaru (they call it “NO.6”),Slow Curve wa Utenai (that made me crazy),10,0.009182736455463728,1,0.024390243902439025
Phantom Joke,Simple Simple Anecdote,21,0.01928374655647383,1,0.024390243902439025
Natsukage Tail Light,Simple Simple Anecdote,22,0.020202020202020204,1,0.024390243902439025
Atorakushon ga Hajimaru (they call it “NO.6”),Ryusei no Squall,10,0.009182736455463728,1,0.024390243902439025
Karakuri Karukare,Simple Simple Anecdote,20,0.018365472910927456,1,0.024390243902439025
Simple Simple Anecdote,crazy birthday,20,0.018365472910927456,1,0.024390243902439025
Friday Novels,Sesshoku Vigilante,20,0.018365472910927456,1,0.024390243902439025
Sesshoku Vigilante,Sugar Song to Bitter Step,23,0.021120293847566574,1,0.024390243902439025
Nihil Pip Viper,Otonoba Chukan Shiken,20,0.018365472910927456,1,0.024390243902439025
Bokutachi no Shippai,Messenger From Zen Sekai,10,0.009182736455463728,1,0.024390243902439025
Nihil Pip Viper,Simple Simple Anecdote,20,0.018365472910927456,1,0.024390243902439025
Hatch I need,Yoru ga Yureteiru,20,0.018365472910927456,1,0.024390243902439025
Hatch I need,Sekai wa Fancy,23,0.021120293847566574,1,0.024390243902439025
Atorakushon ga Hajimaru (they call it “NO.6”),Phantom Joke,10,0.009182736455463728,1,0.024390243902439025
Mermaid Scandalous,Otonoba Chukan Shiken,21,0.01928374655647383,1,0.024390243902439025
Otonoba Chukan Shiken,crazy birthday,21,0.01928374655647383,1,0.024390243902439025
Nihil Pip Viper,Sesshoku Vigilante,20,0.018365472910927456,1,0.024390243902439025
Instrumental Jam,Sesshoku Vigilante,21,0.01928374655647383,1,0.024390243902439025
Bokutachi no Shippai,Pandemic Sudden Death,10,0.009182736455463728,1,0.024390243902439025
Phantom Joke,Sesshoku Vigilante,21,0.01928374655647383,1,0.024390243902439025
Friday Novels,Nihil Pip Viper,20,0.018365472910927456,1,0.024390243902439025
Sesshoku Vigilante,Simple Simple Anecdote,22,0.020202020202020204,1,0.024390243902439025
Friday Novels,crazy birthday,21,0.01928374655647383,1,0.024390243902439025
Hatch I need,Sesshoku Vigilante,22,0.020202020202020204,1,0.024390243902439025
Friday Novels,Karakuri Karukare,20,0.018365472910927456,1,0.024390243902439025
Friday Novels,Natsukage Tail Light,20,0.018365472910927456,1,0.024390243902439025
Sesshoku Vigilante,Yoru ga Yureteiru,20,0.018365472910927456,1,0.024390243902439025
Sekai wa Fancy,Sesshoku Vigilante,24,0.02203856749311295,1,0.024390243902439025
Natsukage Tail Light,Sesshoku Vigilante,22,0.020202020202020204,1,0.024390243902439025
Friday Novels,Simple Simple Anecdote,20,0.018365472910927456,1,0.024390243902439025
Friday Novels,Phantom Joke,22,0.020202020202020204,1,0.024390243902439025
Sesshoku Vigilante,Tengoku to Jigoku,22,0.020202020202020204,1,0.024390243902439025
Friday Novels,Sekai wa Fancy,21,0.01928374655647383,1,0.024390243902439025
Friday Novels,Yoru ga Yureteiru,20,0.018365472910927456,1,0.024390243902439025
Karakuri Karukare,Sesshoku Vigilante,20,0.018365472910927456,1,0.024390243902439025
Friday Novels,Hatch I need,20,0.018365472910927456,1,0.024390243902439025
Sesshoku Vigilante,crazy birthday,20,0.018365472910927456,1,0.024390243902439025
Mermaid Scandalous,Sesshoku Vigilante,21,0.01928374655647383,1,0.024390243902439025
Hatch I need,Phantom Joke,25,0.02295684113865932,1,0.024390243902439025
Hatch I need,Natsukage Tail Light,21,0.01928374655647383,1,0.024390243902439025
Hatch I need,Tengoku to Jigoku,25,0.02295684113865932,1,0.024390243902439025
Nihil Pip Viper,Tengoku to Jigoku,20,0.018365472910927456,1,0.024390243902439025
Karakuri Karukare,Natsukage Tail Light,20,0.018365472910927456,1,0.024390243902439025
Natsukage Tail Light,crazy birthday,20,0.018365472910927456,1,0.024390243902439025
Hatch I need,Otonoba Chukan Shiken,21,0.01928374655647383,1,0.024390243902439025
Mermaid Scandalous,Natsukage Tail Light,21,0.01928374655647383,1,0.024390243902439025
Instrumental Jam,Natsukage Tail Light,20,0.018365472910927456,1,0.024390243902439025
Natsukage Tail Light,Sugar Song to Bitter Step,26,0.023875114784205693,1,0.024390243902439025
Natsukage Tail Light,Nihil Pip Viper,20,0.018365472910927456,1,0.024390243902439025
Mermaid Scandalous,Tengoku to Jigoku,22,0.020202020202020204,1,0.024390243902439025
Karakuri Karukare,Mermaid Scandalous,20,0.018365472910927456,1,0.024390243902439025
Hatch I need,Karakuri Karukare,20,0.018365472910927456,1,0.024390243902439025
Instrumental Jam,Karakuri Karukare,21,0.01928374655647383,1,0.024390243902439025
Karakuri Karukare,Nihil Pip Viper,20,0.018365472910927456,1,0.024390243902439025
Mermaid Scandalous,crazy birthday,21,0.01928374655647383,1,0.024390243902439025
Instrumental Jam,Mermaid Scandalous,20,0.018365472910927456,1,0.024390243902439025
Kirai = Kirai,Pandemic Sudden Death,10,0.009182736455463728,1,0.024390243902439025
Mermaid Scandalous,Nihil Pip Viper,20,0.018365472910927456,1,0.024390243902439025
Atorakushon ga Hajimaru (they call it “NO.6”),Kirai = Kirai,10,0.009182736455463728,1,0.024390243902439025
Otonoba Chukan Shiken,Sesshoku Vigilante,20,0.018365472910927456,1,0.024390243902439025
Atorakushon ga Hajimaru (they call it “NO.6”),Bokutachi no Shippai,10,0.009182736455463728,1,0.024390243902439025
Mermaid Scandalous,Phantom Joke,22,0.020202020202020204,1,0.024390243902439025
Karakuri Karukare,Phantom Joke,21,0.01928374655647383,1,0.024390243902439025
Nihil Pip Viper,Sekai wa Fancy,20,0.018365472910927456,1,0.024390243902439025
Hatch I need,crazy birthday,21,0.01928374655647383,1,0.024390243902439025
Karakuri Karukare,Otonoba Chukan Shiken,23,0.021120293847566574,1,0.024390243902439025
Messenger From Zen Sekai,Phantom Joke,10,0.009182736455463728,1,0.024390243902439025
Hatch I need,Instrumental Jam,21,0.01928374655647383,1,0.024390243902439025
Hatch I need,Nihil Pip Viper,20,0.018365472910927456,1,0.024390243902439025
Natsukage Tail Light,Otonoba Chukan Shiken,20,0.018365472910927456,1,0.024390243902439025
Sekai wa Fancy,Yoru ga Yureteiru,20,0.018365472910927456,1,0.024390243902439025
Phantom Joke,Yoru ga Yureteiru,20,0.018365472910927456,1,0.024390243902439025
Natsukage Tail Light,Yoru ga Yureteiru,20,0.018365472910927456,1,0.024390243902439025
Tengoku to Jigoku,Yoru ga Yureteiru,20,0.018365472910927456,1,0.024390243902439025
Mermaid Scandalous,Yoru ga Yureteiru,20,0.018365472910927456,1,0.024390243902439025
Nihil Pip Viper,Yoru ga Yureteiru,20,0.018365472910927456,1,0.024390243902439025
Karakuri Karukare,Sekai wa Fancy,21,0.01928374655647383,1,0.024390243902439025
Sekai wa Fancy,crazy birthday,20,0.018365472910927456,1,0.024390243902439025
Mermaid Scandalous,Sekai wa Fancy,22,0.020202020202020204,1,0.024390243902439025
Messenger From Zen Sekai,Slow Curve wa Utenai (that made me crazy),10,0.009182736455463728,1,0.024390243902439025
Otonoba Chukan Shiken,Phantom Joke,22,0.020202020202020204,1,0.024390243902439025
RUNNERS HIGH REPRISE,Slow Curve wa Utenai (that made me crazy),10,0.009182736455463728,1,0.024390243902439025
Messenger From Zen Sekai,Snow Reverse,13,0.011937557392102846,1,0.024390243902439025
Invisible Sensation,Slow Curve wa Utenai (that made me crazy),22,0.020202020202020204,1,0.024390243902439025
101-kaime no Prologue,Slow Curve wa Utenai (that made me crazy),22,0.020202020202020204,1,0.024390243902439025
"10% roll, 10% romance",Nonfiction Compass,24,0.02203856749311295,1,0.024390243902439025
101-kaime no Prologue,Sesshoku Vigilante,21,0.01928374655647383,1,0.024390243902439025
Mekator Jikuu Tankentai,Nonfiction Compass,24,0.02203856749311295,1,0.024390243902439025
Dareka ga Wasurete iru Kamoshirenai Bokura ni Daijina 001 no Koto,Nonfiction Compass,24,0.02203856749311295,1,0.024390243902439025
101-kaime no Prologue,Friday Novels,20,0.018365472910927456,1,0.024390243902439025
Nonfiction Compass,RUNNERS HIGH REPRISE,24,0.02203856749311295,1,0.024390243902439025
Bokura no Sono Saki,Nonfiction Compass,12,0.011019283746556474,1,0.024390243902439025
101-kaime no Prologue,Otonoba Chukan Shiken,22,0.020202020202020204,1,0.024390243902439025
Nonfiction Compass,Sanpo Saki My Life,24,0.02203856749311295,1,0.024390243902439025
MR. Andy,Nonfiction Compass,24,0.02203856749311295,1,0.024390243902439025
Nonfiction Compass,fake town baby,24,0.02203856749311295,1,0.024390243902439025
101-kaime no Prologue,Orchestra o Mi ni Ikou,20,0.018365472910927456,1,0.024390243902439025
101-kaime no Prologue,Invisible Sensation,23,0.021120293847566574,1,0.024390243902439025
101-kaime no Prologue,Dizzy Trickster,21,0.01928374655647383,1,0.024390243902439025
Drum Solo,Nonfiction Compass,20,0.018365472910927456,1,0.024390243902439025
Kimi no Hitomi ni Koishi Tenai,Ryusei no Squall,11,0.010101010101010102,1,0.024390243902439025
Ryusei no Squall,Slow Curve wa Utenai (that made me crazy),10,0.009182736455463728,1,0.024390243902439025
Nonfiction Compass,Shoegazer Speaker,24,0.02203856749311295,1,0.024390243902439025
101-kaime no Prologue,Simple Simple Anecdote,21,0.01928374655647383,1,0.024390243902439025
Cross Heart 1 Gousen (Advantage In a Long Time),Nonfiction Compass,24,0.02203856749311295,1,0.024390243902439025
Childhood Supernova,Sora no Tobikata,14,0.012855831037649219,1,0.024390243902439025
101-kaime no Prologue,Tengoku to Jigoku,22,0.020202020202020204,1,0.024390243902439025
Mikazuki no Yoru no Mannaka,Tarareba Watagashi,8,0.0073461891643709825,1,0.024390243902439025
Santa Claus wa Juutai-chuu,Tarareba Watagashi,10,0.009182736455463728,1,0.024390243902439025
Boku wa Kimi ni Naritai,Tarareba Watagashi,10,0.009182736455463728,1,0.024390243902439025
Koko de Atta ga Kemonomichi,Tarareba Watagashi,10,0.009182736455463728,1,0.024390243902439025
Tarareba Watagashi,flat song,8,0.0073461891643709825,1,0.024390243902439025
5-bu-go no Stardust,Tarareba Watagashi,10,0.009182736455463728,1,0.024390243902439025
Boujaku no Charisma,kaleido proud fiesta,9,0.008264462809917356,1,0.024390243902439025
Boujaku no Charisma,Chaos ga Kiwamaru,17,0.015610651974288337,1,0.024390243902439025
101-kaime no Prologue,Natsukage Tail Light,21,0.01928374655647383,1,0.024390243902439025
101-kaime no Prologue,Hatch I need,22,0.020202020202020204,1,0.024390243902439025
Boujaku no Charisma,harmonized finale,7,0.006427915518824609,1,0.024390243902439025
101-kaime no Prologue,Phantom Joke,22,0.020202020202020204,1,0.024390243902439025
101-kaime no Prologue,Sekai wa Fancy,25,0.02295684113865932,1,0.024390243902439025
Boujaku no Charisma,Sugar Song to Bitter Step,17,0.015610651974288337,1,0.024390243902439025
Kimi no Hitomi ni Koishi Tenai,Phantom Joke,20,0.018365472910927456,1,0.024390243902439025
Invisible Sensation,Nonfiction Compass,24,0.02203856749311295,1,0.024390243902439025
Nonfiction Compass,Silent Libre Mirage,24,0.02203856749311295,1,0.024390243902439025
101-kaime no Prologue,Yoru ga Yureteiru,20,0.018365472910927456,1,0.024390243902439025
Cross Heart 1 Gousen (Advantage In a Long Time),Invisible Sensation,24,0.02203856749311295,1,0.024390243902439025
Friday Novels,Instrumental Jam,21,0.01928374655647383,1,0.024390243902439025
Haru ga Kite Bokura,Karakuri Karukare,21,0.01928374655647383,1,0.024390243902439025
23:25,flat song,12,0.011019283746556474,1,0.024390243902439025
Linear Blue wo Kikinagara,flat song,18,0.01652892561983471,1,0.024390243902439025
Linear Blue wo Kikinagara,Shoegazer Speaker,18,0.01652892561983471,1,0.024390243902439025
Kimi no Hitomi ni Koishi Tenai,Messenger From Zen Sekai,11,0.010101010101010102,1,0.024390243902439025
23:25,Cross Heart 1 Gousen (Advantage In a Long Time),12,0.011019283746556474,1,0.024390243902439025
"10% roll, 10% romance",23:25,14,0.012855831037649219,1,0.024390243902439025
Sayonara Summer Time Machine,sangatsu monogatari,1,0.0009182736455463728,1,0.024390243902439025
BUSTER DICE MISERY,Kimi no Hitomi ni Koishi Tenai,15,0.013774104683195593,1,0.024390243902439025
Kimi no Hitomi ni Koishi Tenai,instant EGOIST,18,0.01652892561983471,1,0.024390243902439025
Cross Heart 1 Gousen (Advantage In a Long Time),Silent Libre Mirage,24,0.02203856749311295,1,0.024390243902439025
Haru ga Kite Bokura,Natsukage Tail Light,23,0.021120293847566574,1,0.024390243902439025
MR. Andy,Silent Libre Mirage,24,0.02203856749311295,1,0.024390243902439025
Mekator Jikuu Tankentai,Silent Libre Mirage,24,0.02203856749311295,1,0.024390243902439025
Dareka ga Wasurete iru Kamoshirenai Bokura ni Daijina 001 no Koto,Silent Libre Mirage,25,0.02295684113865932,1,0.024390243902439025
Coffee Cup Syndrome,Kimi no Hitomi ni Koishi Tenai,10,0.009182736455463728,1,0.024390243902439025
Kimi no Hitomi ni Koishi Tenai,meet the world time,10,0.009182736455463728,1,0.024390243902439025
Bokura no Sono Saki,Silent Libre Mirage,12,0.011019283746556474,1,0.024390243902439025
"10% roll, 10% romance",Kirai = Kirai,10,0.009182736455463728,1,0.024390243902439025
Silent Libre Mirage,flat song,24,0.02203856749311295,1,0.024390243902439025
Linear Blue wo Kikinagara,Sanpo Saki My Life,25,0.02295684113865932,1,0.024390243902439025
Kimi no Hitomi ni Koishi Tenai,RUNNERS HIGH REPRISE,11,0.010101010101010102,1,0.024390243902439025
Linear Blue wo Kikinagara,RUNNERS HIGH REPRISE,18,0.01652892561983471,1,0.024390243902439025
Linear Blue wo Kikinagara,Silent Libre Mirage,18,0.01652892561983471,1,0.024390243902439025
Haru ga Kite Bokura,Sekai wa Fancy,27,0.024793388429752067,1,0.024390243902439025
Invisible Sensation,RUNNERS HIGH REPRISE,25,0.02295684113865932,1,0.024390243902439025
Haru ga Kite Bokura,Simple Simple Anecdote,21,0.01928374655647383,1,0.024390243902439025
Haru ga Kite Bokura,Sesshoku Vigilante,22,0.020202020202020204,1,0.024390243902439025
Friday Novels,Haru ga Kite Bokura,22,0.020202020202020204,1,0.024390243902439025
Invisible Sensation,"kid, I like quartet",29,0.02662993572084481,1,0.024390243902439025
Bokura no Sono Saki,Invisible Sensation,12,0.011019283746556474,1,0.024390243902439025
Haru ga Kite Bokura,Otonoba Chukan Shiken,24,0.02203856749311295,1,0.024390243902439025
101-kaime no Prologue,Haru ga Kite Bokura,22,0.020202020202020204,1,0.024390243902439025
Invisible Sensation,Sanpo Saki My Life,26,0.023875114784205693,1,0.024390243902439025
Sayonara Summer Time Machine,flat song,3,0.0027548209366391185,1,0.024390243902439025
Invisible Sensation,Pandemic Sudden Death,25,0.02295684113865932,1,0.024390243902439025
Invisible Sensation,flat song,24,0.02203856749311295,1,0.024390243902439025
Koko de Atta ga Kemonomichi,Sayonara Summer Time Machine,5,0.004591368227731864,1,0.024390243902439025
Santa Claus wa Juutai-chuu,Sayonara Summer Time Machine,5,0.004591368227731864,1,0.024390243902439025
Invisible Sensation,Shoegazer Speaker,24,0.02203856749311295,1,0.024390243902439025
Bokutachi no Shippai,Ryusei no Squall,10,0.009182736455463728,1,0.024390243902439025
Snow Reverse,Tarareba Watagashi,10,0.009182736455463728,1,0.024390243902439025
Tarareba Watagashi,over driver,10,0.009182736455463728,1,0.024390243902439025
5-bu-go no Stardust,Sora no Tobikata,7,0.006427915518824609,1,0.024390243902439025
Kimagure Zattou,Master Volume,13,0.011937557392102846,1,0.024390243902439025
Bokutachi no Shippai,RUNNERS HIGH REPRISE,10,0.009182736455463728,1,0.024390243902439025
Kirai = Kirai,Ride on Time,14,0.012855831037649219,1,0.024390243902439025
Dizzy Trickster,Natsukage Tail Light,20,0.018365472910927456,1,0.024390243902439025
BUSTER DICE MISERY,Coffee Cup Syndrome,10,0.009182736455463728,1,0.024390243902439025
Coffee Cup Syndrome,instant EGOIST,10,0.009182736455463728,1,0.024390243902439025
Dizzy Trickster,Phantom Joke,21,0.01928374655647383,1,0.024390243902439025
Bokutachi no Shippai,meet the world time,10,0.009182736455463728,1,0.024390243902439025
Kimagure Zattou,Snow Reverse,13,0.011937557392102846,1,0.024390243902439025
Kimagure Zattou,Kirai = Kirai,13,0.011937557392102846,1,0.024390243902439025
BUSTER DICE MISERY,meet the world time,10,0.009182736455463728,1,0.024390243902439025
Kirai = Kirai,RUNNERS HIGH REPRISE,10,0.009182736455463728,1,0.024390243902439025
Phantom Joke,meet the world time,10,0.009182736455463728,1,0.024390243902439025
Dizzy Trickster,Hatch I need,21,0.01928374655647383,1,0.024390243902439025
Slow Curve wa Utenai (that made me crazy),meet the world time,10,0.009182736455463728,1,0.024390243902439025
RUNNERS HIGH REPRISE,meet the world time,10,0.009182736455463728,1,0.024390243902439025
Dizzy Trickster,Simple Simple Anecdote,20,0.018365472910927456,1,0.024390243902439025
Gyakuten Sayonara,Itsuka no Shounen,4,0.0036730945821854912,1,0.024390243902439025
Atorakushon ga Hajimaru (they call it “NO.6”),meet the world time,10,0.009182736455463728,1,0.024390243902439025
Phantom Joke,RUNNERS HIGH REPRISE,10,0.009182736455463728,1,0.024390243902439025
Atorakushon ga Hajimaru (they call it “NO.6”),Coffee Cup Syndrome,10,0.009182736455463728,1,0.024390243902439025
Kimagure Zattou,Ride on Time,14,0.012855831037649219,1,0.024390243902439025
Coffee Cup Syndrome,RUNNERS HIGH REPRISE,10,0.009182736455463728,1,0.024390243902439025
Dizzy Trickster,Nihil Pip Viper,20,0.018365472910927456,1,0.024390243902439025
Kimagure Zattou,Sora no Tobikata,13,0.011937557392102846,1,0.024390243902439025
Dizzy Trickster,Mermaid Scandalous,21,0.01928374655647383,1,0.024390243902439025
Hakoniwa Rock Show,Yoru ga Yureteiru,13,0.011937557392102846,1,0.024390243902439025
Kimagure Zattou,Yoru ga Yureteiru,13,0.011937557392102846,1,0.024390243902439025
Pandemic Sudden Death,instant EGOIST,13,0.011937557392102846,1,0.024390243902439025
Kirai = Kirai,Yoru ga Yureteiru,13,0.011937557392102846,1,0.024390243902439025
BUSTER DICE MISERY,instant EGOIST,12,0.011019283746556474,1,0.024390243902439025
Sawarenai Uta,instant EGOIST,11,0.010101010101010102,1,0.024390243902439025
Bokutachi no Shippai,Coffee Cup Syndrome,10,0.009182736455463728,1,0.024390243902439025
Hakoniwa Rock Show,Kirai = Kirai,15,0.013774104683195593,1,0.024390243902439025
Airabuniju,Childhood Supernova,15,0.013774104683195593,1,0.024390243902439025
Airabuniju,Kimagure Zattou,13,0.011937557392102846,1,0.024390243902439025
Airabuniju,Kirai = Kirai,16,0.014692378328741965,1,0.024390243902439025
Coffee Cup Syndrome,Phantom Joke,10,0.009182736455463728,1,0.024390243902439025
Childhood Supernova,Kimagure Zattou,13,0.011937557392102846,1,0.024390243902439025
Coffee Cup Syndrome,Slow Curve wa Utenai (that made me crazy),10,0.009182736455463728,1,0.024390243902439025
Pandemic Sudden Death,meet the world time,10,0.009182736455463728,1,0.024390243902439025
Deirai Kyousou Gakudan,Gyakuten Sayonara,7,0.006427915518824609,1,0.024390243902439025
Sora no Tobikata,flat song,3,0.0027548209366391185,1,0.024390243902439025
Tarareba Watagashi,sangatsu monogatari,4,0.0036730945821854912,1,0.024390243902439025
Pistol Galaxy,Tarareba Watagashi,8,0.0073461891643709825,1,0.024390243902439025
"I wanna believe, Yoru o Iku",Sora no Tobikata,3,0.0027548209366391185,1,0.024390243902439025
"I wanna believe, Yoru o Iku",Tarareba Watagashi,8,0.0073461891643709825,1,0.024390243902439025
101-kaime no Prologue,Nihil Pip Viper,20,0.018365472910927456,1,0.024390243902439025
Little Time Stop,Sora no Tobikata,3,0.0027548209366391185,1,0.024390243902439025
Little Time Stop,Tarareba Watagashi,8,0.0073461891643709825,1,0.024390243902439025
Sawarenai Uta,Tarareba Watagashi,8,0.0073461891643709825,1,0.024390243902439025
Sora no Tobikata,sangatsu monogatari,2,0.0018365472910927456,1,0.024390243902439025
Santa Claus wa Juutai-chuu,Sora no Tobikata,5,0.004591368227731864,1,0.024390243902439025
instant EGOIST,meet the world time,10,0.009182736455463728,1,0.024390243902439025
101-kaime no Prologue,Sugar Song to Bitter Step,23,0.021120293847566574,1,0.024390243902439025
101-kaime no Prologue,Instrumental Jam,20,0.018365472910927456,1,0.024390243902439025
Bokutachi no Shippai,Kimi no Hitomi ni Koishi Tenai,10,0.009182736455463728,1,0.024390243902439025
Koko de Atta ga Kemonomichi,Sora no Tobikata,5,0.004591368227731864,1,0.024390243902439025
101-kaime no Prologue,Mermaid Scandalous,22,0.020202020202020204,1,0.024390243902439025
101-kaime no Prologue,crazy birthday,20,0.018365472910927456,1,0.024390243902439025
101-kaime no Prologue,Karakuri Karukare,20,0.018365472910927456,1,0.024390243902439025
Sora no Tobikata,Tarareba Watagashi,5,0.004591368227731864,1,0.024390243902439025
Dizzy Trickster,Slow Curve wa Utenai (that made me crazy),21,0.01928374655647383,1,0.024390243902439025
Pistol Galaxy,Sora no Tobikata,3,0.0027548209366391185,1,0.024390243902439025
Seku x Kara x Shisonzuuru,Tarareba Watagashi,10,0.009182736455463728,1,0.024390243902439025
Seku x Kara x Shisonzuuru,Sora no Tobikata,5,0.004591368227731864,1,0.024390243902439025
Gyakuten Sayonara,Mizu to Ame ni Tsuite,5,0.004591368227731864,1,0.024390243902439025
Love Song wa Totsuzen ni? ~What is the name of that mystery??~,Tarareba Watagashi,10,0.009182736455463728,1,0.024390243902439025
Radial Night Chaser,Sora no Tobikata,5,0.004591368227731864,1,0.024390243902439025
Radial Night Chaser,Tarareba Watagashi,10,0.009182736455463728,1,0.024390243902439025
Snow Loop,Sora no Tobikata,3,0.0027548209366391185,1,0.024390243902439025
Snow Loop,Tarareba Watagashi,8,0.0073461891643709825,1,0.024390243902439025
Dizzy Trickster,Sesshoku Vigilante,20,0.018365472910927456,1,0.024390243902439025
Nonfiction Compass,Sora no Tobikata,3,0.0027548209366391185,1,0.024390243902439025
Nonfiction Compass,Tarareba Watagashi,8,0.0073461891643709825,1,0.024390243902439025
Signal ABC,Sora no Tobikata,3,0.0027548209366391185,1,0.024390243902439025
Signal ABC,Tarareba Watagashi,8,0.0073461891643709825,1,0.024390243902439025
Dizzy Trickster,Friday Novels,20,0.018365472910927456,1,0.024390243902439025
Micro Paradiso!,Sora no Tobikata,5,0.004591368227731864,1,0.024390243902439025
Micro Paradiso!,Tarareba Watagashi,10,0.009182736455463728,1,0.024390243902439025
Kimi no Hitomi ni Koishi Tenai,Kirai = Kirai,10,0.009182736455463728,1,0.024390243902439025
Dizzy Trickster,Otonoba Chukan Shiken,21,0.01928374655647383,1,0.024390243902439025
Gyakuten Sayonara,Tarareba Watagashi,8,0.0073461891643709825,1,0.024390243902439025
Invisible Sensation,Mekator Jikuu Tankentai,24,0.02203856749311295,1,0.024390243902439025
City peel,Tengoku to Jigoku,6,0.005509641873278237,1,0.024390243902439025
Tengoku to Jigoku,Worldwide Supergirl,11,0.010101010101010102,1,0.024390243902439025
Cyborg 99%,like coffee no Omajinai,1,0.0009182736455463728,1,0.024390243902439025
Cyborg 99%,Instrumental Jam,2,0.0018365472910927456,1,0.024390243902439025
23:25,Cyborg 99%,1,0.0009182736455463728,1,0.024390243902439025
Cyborg 99%,Toushindai no Chikyu,1,0.0009182736455463728,1,0.024390243902439025
Cyborg 99%,Sugar Song to Bitter Step,2,0.0018365472910927456,1,0.024390243902439025
"Catch up, latency","Minority Report (darling, I love you)",3,0.0027548209366391185,1,0.024390243902439025
"Catch up, latency",Full Color Program,2,0.0018365472910927456,1,0.024390243902439025
"Catch up, latency",like coffee no Omajinai,4,0.0036730945821854912,1,0.024390243902439025
Galileo no Showcase,"Minority Report (darling, I love you)",1,0.0009182736455463728,1,0.024390243902439025
Full Color Program,"Minority Report (darling, I love you)",1,0.0009182736455463728,1,0.024390243902439025
Invisible Sensation,"Minority Report (darling, I love you)",1,0.0009182736455463728,1,0.024390243902439025
Invisible Sensation,like coffee no Omajinai,2,0.0018365472910927456,1,0.024390243902439025
3 minutes replay,Dareka ga Wasurete iru Kamoshirenai Bokura ni Daijina 001 no Koto,6,0.005509641873278237,1,0.024390243902439025
Bokura no Sono Saki,Ryusei no Squall,1,0.0009182736455463728,1,0.024390243902439025
Bokura no Sono Saki,Karakuri Karukare,1,0.0009182736455463728,1,0.024390243902439025
Karakuri Karukare,Mikazuki no Yoru no Mannaka,1,0.0009182736455463728,1,0.024390243902439025
Mikazuki no Yoru no Mannaka,cody beats,1,0.0009182736455463728,1,0.024390243902439025
Sangatsu Monogatari,UNO Story,1,0.0009182736455463728,1,0.024390243902439025
Tarareba Watagashi,UNO Story,3,0.0027548209366391185,1,0.024390243902439025
Hitori Omou wa Ame no Naka,cody beats,1,0.0009182736455463728,1,0.024390243902439025
Hitori Omou wa Ame no Naka,"Yuunagi, Ensemble",1,0.0009182736455463728,1,0.024390243902439025
Gyakuten Sayonara,Hitori Omou wa Ame no Naka,1,0.0009182736455463728,1,0.024390243902439025
Cyborg 99%,Invisible Sensation,1,0.0009182736455463728,1,0.024390243902439025
Cyborg 99%,Full Color Program,1,0.0009182736455463728,1,0.024390243902439025
Kimagure Zattou,Orion wo Nazoru,2,0.0018365472910927456,1,0.024390243902439025
Cyborg 99%,"Minority Report (darling, I love you)",1,0.0009182736455463728,1,0.024390243902439025
Deirai Kyousou Gakudan,Love Song wa Totsuzen ni? ~What is the name of that mystery??~,1,0.0009182736455463728,1,0.024390243902439025
Gyakuten Sayonara,Toushindai no Chikyu,6,0.005509641873278237,1,0.024390243902439025
Ryusei Kouro,Tettoutetsubi Yonayona Drive,1,0.0009182736455463728,1,0.024390243902439025
Cyborg 99%,Tettoutetsubi Yonayona Drive,2,0.0018365472910927456,1,0.024390243902439025
"Majority Report (darling, I love you)",Ryusei Kouro,1,0.0009182736455463728,1,0.024390243902439025
Cyborg 99%,"Majority Report (darling, I love you)",1,0.0009182736455463728,1,0.024390243902439025
"Catch up, latency","Majority Report (darling, I love you)",3,0.0027548209366391185,1,0.024390243902439025
Full Color Program,"Majority Report (darling, I love you)",1,0.0009182736455463728,1,0.024390243902439025
Invisible Sensation,"Majority Report (darling, I love you)",2,0.0018365472910927456,1,0.024390243902439025
Instrumental Jam,"Majority Report (darling, I love you)",2,0.0018365472910927456,1,0.024390243902439025
Ryusei Kouro,Tengoku to Jigoku,1,0.0009182736455463728,1,0.024390243902439025
Cyborg 99%,Ryusei Kouro,1,0.0009182736455463728,1,0.024390243902439025
"Catch up, latency",Ryusei Kouro,1,0.0009182736455463728,1,0.024390243902439025
"Minority Report (darling, I love you)",Ryusei Kouro,1,0.0009182736455463728,1,0.024390243902439025
Ryusei Kouro,like coffee no Omajinai,1,0.0009182736455463728,1,0.024390243902439025
Invisible Sensation,Ryusei Kouro,1,0.0009182736455463728,1,0.024390243902439025
Instrumental Jam,Ryusei Kouro,1,0.0009182736455463728,1,0.024390243902439025
Ryusei Kouro,Sugar Song to Bitter Step,1,0.0009182736455463728,1,0.024390243902439025
Cyborg 99%,Tengoku to Jigoku,1,0.0009182736455463728,1,0.024390243902439025
"Catch up, latency",Cyborg 99%,1,0.0009182736455463728,1,0.024390243902439025
Cyborg 99%,Galileo no Showcase,2,0.0018365472910927456,1,0.024390243902439025
Snow Reverse,Toushindai no Chikyu,3,0.0027548209366391185,1,0.024390243902439025
Dareka ga Wasurete iru Kamoshirenai Bokura ni Daijina 001 no Koto,Sayonara Dai Kyu Wakusei,1,0.0009182736455463728,1,0.024390243902439025
Instrumental Jam,Nonfiction Compass,3,0.0027548209366391185,1,0.024390243902439025
Instrumental Jam,Linear Blue wo Kikinagara,4,0.0036730945821854912,1,0.024390243902439025
Gyakuten Sayonara,meet the world time,1,0.0009182736455463728,1,0.024390243902439025
Love Song wa Totsuzen ni? ~What is the name of that mystery??~,meet the world time,1,0.0009182736455463728,1,0.024390243902439025
Drum Solo,Ryusei no Squall,2,0.0018365472910927456,1,0.024390243902439025
"Majority Report (darling, I love you)",Tameiki shooting the MOON,1,0.0009182736455463728,1,0.024390243902439025
"Majority Report (darling, I love you)",crazy birthday,1,0.0009182736455463728,1,0.024390243902439025
"Catch up, latency",Kimi wa Tomodachi,1,0.0009182736455463728,1,0.024390243902439025
Kimi wa Tomodachi,Momai termination,1,0.0009182736455463728,1,0.024390243902439025
Invisible Sensation,Kimi wa Tomodachi,1,0.0009182736455463728,1,0.024390243902439025
Instrumental Jam,Kimi wa Tomodachi,1,0.0009182736455463728,1,0.024390243902439025
Aerial Alien,"Catch up, latency",1,0.0009182736455463728,1,0.024390243902439025
Aerial Alien,Tameiki shooting the MOON,1,0.0009182736455463728,1,0.024390243902439025
Aerial Alien,crazy birthday,1,0.0009182736455463728,1,0.024390243902439025
Aerial Alien,Momai termination,1,0.0009182736455463728,1,0.024390243902439025
Aerial Alien,Invisible Sensation,1,0.0009182736455463728,1,0.024390243902439025
"Catch up, latency",Momai termination,1,0.0009182736455463728,1,0.024390243902439025
Invisible Sensation,Tameiki shooting the MOON,2,0.0018365472910927456,1,0.024390243902439025
Instrumental Jam,Tameiki shooting the MOON,2,0.0018365472910927456,1,0.024390243902439025
Atorakushon ga Hajimaru (they call it “NO.6”),Momai termination,1,0.0009182736455463728,1,0.024390243902439025
Instrumental Jam,Momai termination,3,0.0027548209366391185,1,0.024390243902439025
Drum Solo,Momai termination,2,0.0018365472910927456,1,0.024390243902439025
Light Flat,meet the world time,1,0.0009182736455463728,1,0.024390243902439025
Sayonara Summer Time Machine,meet the world time,1,0.0009182736455463728,1,0.024390243902439025
Dareka ga Wasurete iru Kamoshirenai Bokura ni Daijina 001 no Koto,meet the world time,1,0.0009182736455463728,1,0.024390243902439025
Mikazuki no Yoru no Mannaka,meet the world time,1,0.0009182736455463728,1,0.024390243902439025
Bokura no Sono Saki,Sawarenai Uta,1,0.0009182736455463728,1,0.024390243902439025
Cross Heart 1 Gousen (Advantage In a Long Time),Instrumental Jam,3,0.0027548209366391185,1,0.024390243902439025
Instrumental Jam,MR. Andy,4,0.0036730945821854912,1,0.024390243902439025
Instrumental Jam,Mekator Jikuu Tankentai,3,0.0027548209366391185,1,0.024390243902439025
Instrumental Jam,RUNNERS HIGH REPRISE,3,0.0027548209366391185,1,0.024390243902439025
Bokura no Sono Saki,Instrumental Jam,2,0.0018365472910927456,1,0.024390243902439025
Instrumental Jam,flat song,3,0.0027548209366391185,1,0.024390243902439025
Bokura no Sono Saki,Mikazuki no Yoru no Mannaka,1,0.0009182736455463728,1,0.024390243902439025
Airabuniju,Bokura no Sono Saki,1,0.0009182736455463728,1,0.024390243902439025
Airabuniju,Mikazuki no Yoru no Mannaka,1,0.0009182736455463728,1,0.024390243902439025
Airabuniju,Sawarenai Uta,1,0.0009182736455463728,1,0.024390243902439025
Bokura no Sono Saki,meet the world time,1,0.0009182736455463728,1,0.024390243902439025
Bokura no Sono Saki,Sayonara Summer Time Machine,1,0.0009182736455463728,1,0.024390243902439025
Hakoniwa Rock Show,Mikazuki no Yoru no Mannaka,1,0.0009182736455463728,1,0.024390243902439025
Counter Identity,Mikazuki no Yoru no Mannaka,1,0.0009182736455463728,1,0.024390243902439025
Bokura no Sono Saki,Gyakuten Sayonara,1,0.0009182736455463728,1,0.024390243902439025
Airabuniju,Gyakuten Sayonara,1,0.0009182736455463728,1,0.024390243902439025
Gyakuten Sayonara,Linear Blue wo Kikinagara,1,0.0009182736455463728,1,0.024390243902439025
Karakuri Karukare,Love Song wa Totsuzen ni? ~What is the name of that mystery??~,2,0.0018365472910927456,1,0.024390243902439025
Bokura no Sono Saki,Love Song wa Totsuzen ni? ~What is the name of that mystery??~,1,0.0009182736455463728,1,0.024390243902439025
Airabuniju,Love Song wa Totsuzen ni? ~What is the name of that mystery??~,1,0.0009182736455463728,1,0.024390243902439025
Deirai Kyousou Gakudan,Worldwide Supergirl,1,0.0009182736455463728,1,0.024390243902439025
Deirai Kyousou Gakudan,Sawarenai Uta,1,0.0009182736455463728,1,0.024390243902439025
Deirai Kyousou Gakudan,Mikazuki no Yoru no Mannaka,1,0.0009182736455463728,1,0.024390243902439025
Signal ABC,cody beats,4,0.0036730945821854912,1,0.024390243902439025
Gyakuten Sayonara,"Yuunagi, Ensemble",4,0.0036730945821854912,1,0.024390243902439025
Sayonara Dai Kyu Wakusei,"kid, I like quartet",3,0.0027548209366391185,1,0.024390243902439025
Gyakuten Sayonara,Master Volume,8,0.0073461891643709825,1,0.024390243902439025
23:25,Sayonara Dai Kyu Wakusei,15,0.013774104683195593,1,0.024390243902439025
BUSTER DICE MISERY,fake town baby,4,0.0036730945821854912,1,0.024390243902439025
3 minutes replay,Childhood Supernova,1,0.0009182736455463728,1,0.024390243902439025
Counter Identity,Tettoutetsubi Yonayona Drive,3,0.0027548209366391185,1,0.024390243902439025
Childhood Supernova,Sayonara Dai Kyu Wakusei,2,0.0018365472910927456,1,0.024390243902439025
CAPACITY Koeru,Toushindai no Chikyu,4,0.0036730945821854912,1,0.024390243902439025
Gyakuten Sayonara,Yoru ga Yureteiru,1,0.0009182736455463728,1,0.024390243902439025
Childhood Supernova,Counter Identity,4,0.0036730945821854912,1,0.024390243902439025
Karakuri Karukare,Mikansei Daisy,2,0.0018365472910927456,1,0.024390243902439025
3 minutes replay,Yoru ga Yureteiru,1,0.0009182736455463728,1,0.024390243902439025
5-bu-go no Stardust,crazy birthday,1,0.0009182736455463728,1,0.024390243902439025
5-bu-go no Stardust,like coffee no Omajinai,1,0.0009182736455463728,1,0.024390243902439025
5-bu-go no Stardust,Childhood Supernova,1,0.0009182736455463728,1,0.024390243902439025
Sayonara Dai Kyu Wakusei,Yoru ga Yureteiru,2,0.0018365472910927456,1,0.024390243902439025
Tettoutetsubi Yonayona Drive,UNO Story,4,0.0036730945821854912,1,0.024390243902439025
Why I'm Me,cody beats,4,0.0036730945821854912,1,0.024390243902439025
UNO Story,cody beats,5,0.004591368227731864,1,0.024390243902439025
1/6 no Yume Tabibito 2002,cody beats,4,0.0036730945821854912,1,0.024390243902439025
Snow Reverse,"Yuunagi, Ensemble",4,0.0036730945821854912,1,0.024390243902439025
5-bu-go no Stardust,"Yuunagi, Ensemble",1,0.0009182736455463728,1,0.024390243902439025
Coffee Cup Syndrome,Gyakuten Sayonara,2,0.0018365472910927456,1,0.024390243902439025
Sangatsu Monogatari,Tarareba Watagashi,4,0.0036730945821854912,1,0.024390243902439025
Childhood Supernova,over driver,2,0.0018365472910927456,1,0.024390243902439025
crazy birthday,over driver,1,0.0009182736455463728,1,0.024390243902439025
3 minutes replay,Gyakuten Sayonara,1,0.0009182736455463728,1,0.024390243902439025
Childhood Supernova,like coffee no Omajinai,4,0.0036730945821854912,1,0.024390243902439025
Kimi no Moto e,like coffee no Omajinai,1,0.0009182736455463728,1,0.024390243902439025
Snow Answer,like coffee no Omajinai,1,0.0009182736455463728,1,0.024390243902439025
Childhood Supernova,crazy birthday,4,0.0036730945821854912,1,0.024390243902439025
Childhood Supernova,Snow Answer,1,0.0009182736455463728,1,0.024390243902439025
Snow Answer,crazy birthday,1,0.0009182736455463728,1,0.024390243902439025
Tarareba Watagashi,mouth to mouse(sent you),3,0.0027548209366391185,1,0.024390243902439025
5-bu-go no Stardust,Coffee Cup Syndrome,4,0.0036730945821854912,1,0.024390243902439025
Love Song wa Totsuzen ni? ~What is the name of that mystery??~,Shupurehikouru ~Sekai ga Owaru Mae ni~,1,0.0009182736455463728,1,0.024390243902439025
Karakuri Karukare,Ryusei no Squall,3,0.0027548209366391185,1,0.024390243902439025
WINDOW Akeru,"Yuunagi, Ensemble",4,0.0036730945821854912,1,0.024390243902439025
Coffee Cup Syndrome,Light Flat,3,0.0027548209366391185,1,0.024390243902439025
Gyakuten Sayonara,Light Flat,4,0.0036730945821854912,1,0.024390243902439025
Coffee Cup Syndrome,Itsuka no Shounen,1,0.0009182736455463728,1,0.024390243902439025
3 minutes replay,Sayonara Dai Kyu Wakusei,1,0.0009182736455463728,1,0.024390243902439025
Chandelier Waltz,Sayonara Dai Kyu Wakusei,4,0.0036730945821854912,1,0.024390243902439025
Clover,Gyakuten Sayonara,7,0.006427915518824609,1,0.024390243902439025
Otonoba Chukan Shiken,cody beats,5,0.004591368227731864,1,0.024390243902439025
Hanabi,cody beats,4,0.0036730945821854912,1,0.024390243902439025
Deirai Kyousou Gakudan,Ryusei no Squall,1,0.0009182736455463728,1,0.024390243902439025
Siren in the Spy,cody beats,4,0.0036730945821854912,1,0.024390243902439025
Serenade ga Tomaranai,Snow Reverse,4,0.0036730945821854912,1,0.024390243902439025
Serenade ga Tomaranai,Siren in the Spy,4,0.0036730945821854912,1,0.024390243902439025
Protract Countdown,Yoru ga Yureteiru,4,0.0036730945821854912,1,0.024390243902439025
Otonoba Chukan Shiken,Protract Countdown,4,0.0036730945821854912,1,0.024390243902439025
Otonoba Chukan Shiken,Snow Reverse,5,0.004591368227731864,1,0.024390243902439025
Protract Countdown,Signal ABC,4,0.0036730945821854912,1,0.024390243902439025
Hanabi,Protract Countdown,4,0.0036730945821854912,1,0.024390243902439025
Protract Countdown,Snow Reverse,5,0.004591368227731864,1,0.024390243902439025
Protract Countdown,Siren in the Spy,4,0.0036730945821854912,1,0.024390243902439025
Hanabi,Snow Reverse,4,0.0036730945821854912,1,0.024390243902439025
Siren in the Spy,Snow Reverse,4,0.0036730945821854912,1,0.024390243902439025
Ryusei Kouro,mouth to mouse(sent you),3,0.0027548209366391185,1,0.024390243902439025
Itsuka no Shounen,mouth to mouse(sent you),2,0.0018365472910927456,1,0.024390243902439025
Karakuri Karukare,mouth to mouse(sent you),2,0.0018365472910927456,1,0.024390243902439025
Deirai Kyousou Gakudan,mouth to mouse(sent you),3,0.0027548209366391185,1,0.024390243902439025
CAPACITY Koeru,WINDOW Akeru,1,0.0009182736455463728,1,0.024390243902439025
CAPACITY Koeru,Love Song wa Totsuzen ni? ~What is the name of that mystery??~,1,0.0009182736455463728,1,0.024390243902439025
CAPACITY Koeru,Sawarenai Uta,1,0.0009182736455463728,1,0.024390243902439025
CAPACITY Koeru,Mikazuki no Yoru no Mannaka,1,0.0009182736455463728,1,0.024390243902439025
CAPACITY Koeru,Ryusei no Squall,1,0.0009182736455463728,1,0.024390243902439025
23:25,Ryusei Kouro,5,0.004591368227731864,1,0.024390243902439025
Hanabi,Serenade ga Tomaranai,4,0.0036730945821854912,1,0.024390243902439025
Serenade ga Tomaranai,Signal ABC,4,0.0036730945821854912,1,0.024390243902439025
Protract Countdown,Serenade ga Tomaranai,4,0.0036730945821854912,1,0.024390243902439025
Protract Countdown,UNO Story,5,0.004591368227731864,1,0.024390243902439025
UNO Story,Why I'm Me,4,0.0036730945821854912,1,0.024390243902439025
Serenade ga Tomaranai,Why I'm Me,4,0.0036730945821854912,1,0.024390243902439025
Protract Countdown,Why I'm Me,4,0.0036730945821854912,1,0.024390243902439025
Snow Reverse,Why I'm Me,4,0.0036730945821854912,1,0.024390243902439025
Sugar Song to Bitter Step,UNO Story,4,0.0036730945821854912,1,0.024390243902439025
1/6 no Yume Tabibito 2002,UNO Story,4,0.0036730945821854912,1,0.024390243902439025
Serenade ga Tomaranai,UNO Story,4,0.0036730945821854912,1,0.024390243902439025
UNO Story,Yoru ga Yureteiru,4,0.0036730945821854912,1,0.024390243902439025
Otonoba Chukan Shiken,UNO Story,4,0.0036730945821854912,1,0.024390243902439025
Hanabi,UNO Story,4,0.0036730945821854912,1,0.024390243902439025
Boku wa Kimi ni Naritai,Serenade ga Tomaranai,4,0.0036730945821854912,1,0.024390243902439025
Chandelier Waltz,UNO Story,4,0.0036730945821854912,1,0.024390243902439025
Full Color Program,UNO Story,5,0.004591368227731864,1,0.024390243902439025
Siren in the Spy,UNO Story,4,0.0036730945821854912,1,0.024390243902439025
Protract Countdown,Sugar Song to Bitter Step,4,0.0036730945821854912,1,0.024390243902439025
Love Song wa Totsuzen ni? ~What is the name of that mystery??~,Protract Countdown,4,0.0036730945821854912,1,0.024390243902439025
1/6 no Yume Tabibito 2002,Serenade ga Tomaranai,4,0.0036730945821854912,1,0.024390243902439025
1/6 no Yume Tabibito 2002,Protract Countdown,4,0.0036730945821854912,1,0.024390243902439025
1/6 no Yume Tabibito 2002,Snow Reverse,4,0.0036730945821854912,1,0.024390243902439025
Serenade ga Tomaranai,Yoru ga Yureteiru,4,0.0036730945821854912,1,0.024390243902439025
Light Flat,Yoru ga Yureteiru,1,0.0009182736455463728,1,0.024390243902439025
WINDOW Akeru,over driver,2,0.0018365472910927456,1,0.024390243902439025
Instrumental Jam,Sanpo Saki My Life,6,0.005509641873278237,1,0.024390243902439025
"Minority Report (darling, I love you)",harmonized finale,1,0.0009182736455463728,1,0.024390243902439025
Sayonara Dai Kyu Wakusei,Tettoutetsubi Yonayona Drive,4,0.0036730945821854912,1,0.024390243902439025
Coffee Cup Syndrome,Love Song wa Totsuzen ni? ~What is the name of that mystery??~,1,0.0009182736455463728,1,0.024390243902439025
Coffee Cup Syndrome,Worldwide Supergirl,1,0.0009182736455463728,1,0.024390243902439025
Coffee Cup Syndrome,Linear Blue wo Kikinagara,1,0.0009182736455463728,1,0.024390243902439025
Coffee Cup Syndrome,Sayonara Summer Time Machine,1,0.0009182736455463728,1,0.024390243902439025
Coffee Cup Syndrome,Mikazuki no Yoru no Mannaka,1,0.0009182736455463728,1,0.024390243902439025
mouth to mouse(sent you),sangatsu monogatari,1,0.0009182736455463728,1,0.024390243902439025
3 minutes replay,Airabuniju,2,0.0018365472910927456,1,0.024390243902439025
Ai wa Kitto,Sentimental Period,2,0.0018365472910927456,1,0.024390243902439025
Ai wa Kitto,Light Flat,2,0.0018365472910927456,1,0.024390243902439025
Clover,mouth to mouse(sent you),2,0.0018365472910927456,1,0.024390243902439025
Ai wa Kitto,MR. Andy,2,0.0018365472910927456,1,0.024390243902439025
Ai wa Kitto,Clover,2,0.0018365472910927456,1,0.024390243902439025
Full Color Program,Nonfiction Compass,1,0.0009182736455463728,1,0.024390243902439025
Full Color Program,Sangatsu Monogatari,1,0.0009182736455463728,1,0.024390243902439025
Full Color Program,Pistol Galaxy,1,0.0009182736455463728,1,0.024390243902439025
Counter Identity,Kimagure Zattou,1,0.0009182736455463728,1,0.024390243902439025
Bachigai Hummingbird,Kimagure Zattou,1,0.0009182736455463728,1,0.024390243902439025
Kimagure Zattou,Scarsdale,1,0.0009182736455463728,1,0.024390243902439025
Kimagure Zattou,"kid, I like quartet",1,0.0009182736455463728,1,0.024390243902439025
Gyakuten Sayonara,Kimagure Zattou,1,0.0009182736455463728,1,0.024390243902439025
Kimi no Moto e,Tameiki shooting the MOON,4,0.0036730945821854912,1,0.024390243902439025
"Minority Report (darling, I love you)",fake town baby,2,0.0018365472910927456,1,0.024390243902439025
Sentimental Period,over driver,2,0.0018365472910927456,1,0.024390243902439025
fake town baby,like coffee no Omajinai,2,0.0018365472910927456,1,0.024390243902439025
Bachigai Hummingbird,Sayonara Dai Kyu Wakusei,4,0.0036730945821854912,1,0.024390243902439025
Hikari Nodokeki Haru no Hi ni,Kirai = Kirai,1,0.0009182736455463728,1,0.024390243902439025
Deirai Kyousou Gakudan,Kirai = Kirai,2,0.0018365472910927456,1,0.024390243902439025
Mermaid Scandalous,Scarsdale,2,0.0018365472910927456,1,0.024390243902439025
Kimi no Hitomi ni Koishi Tenai,Mermaid Scandalous,3,0.0027548209366391185,1,0.024390243902439025
Mermaid Scandalous,kaleido proud fiesta,3,0.0027548209366391185,1,0.024390243902439025
Hatch I need,Scarsdale,2,0.0018365472910927456,1,0.024390243902439025
BUSTER DICE MISERY,Shupurehikouru ~Sekai ga Owaru Mae ni~,1,0.0009182736455463728,1,0.024390243902439025
MIDNIGHT JUNGLE,Shupurehikouru ~Sekai ga Owaru Mae ni~,1,0.0009182736455463728,1,0.024390243902439025
MIDNIGHT JUNGLE,Mikansei Daisy,2,0.0018365472910927456,1,0.024390243902439025
MIDNIGHT JUNGLE,like coffee no Omajinai,2,0.0018365472910927456,1,0.024390243902439025
MIDNIGHT JUNGLE,harmonized finale,1,0.0009182736455463728,1,0.024390243902439025
"Catch up, latency",Shupurehikouru ~Sekai ga Owaru Mae ni~,1,0.0009182736455463728,1,0.024390243902439025
Shupurehikouru ~Sekai ga Owaru Mae ni~,like coffee no Omajinai,2,0.0018365472910927456,1,0.024390243902439025
"Minority Report (darling, I love you)",Shupurehikouru ~Sekai ga Owaru Mae ni~,1,0.0009182736455463728,1,0.024390243902439025
Shupurehikouru ~Sekai ga Owaru Mae ni~,fake town baby,1,0.0009182736455463728,1,0.024390243902439025
Instrumental Jam,Shupurehikouru ~Sekai ga Owaru Mae ni~,1,0.0009182736455463728,1,0.024390243902439025
"Catch up, latency",Mikansei Daisy,2,0.0018365472910927456,1,0.024390243902439025
Mikansei Daisy,"Minority Report (darling, I love you)",2,0.0018365472910927456,1,0.024390243902439025
Mikansei Daisy,fake town baby,2,0.0018365472910927456,1,0.024390243902439025
Mikansei Daisy,harmonized finale,2,0.0018365472910927456,1,0.024390243902439025
Gyakuten Sayonara,Protract Countdown,1,0.0009182736455463728,1,0.024390243902439025
Deirai Kyousou Gakudan,RUNNERS HIGH REPRISE,1,0.0009182736455463728,1,0.024390243902439025
Protract Countdown,RUNNERS HIGH REPRISE,1,0.0009182736455463728,1,0.024390243902439025
Hikari Nodokeki Haru no Hi ni,RUNNERS HIGH REPRISE,1,0.0009182736455463728,1,0.024390243902439025
Bokutachi no Shippai,Seku x Kara x Shisonzuuru,2,0.0018365472910927456,1,0.024390243902439025
Bokutachi no Shippai,Pistol Galaxy,2,0.0018365472910927456,1,0.024390243902439025
Bokutachi no Shippai,"I wanna believe, Yoru o Iku",2,0.0018365472910927456,1,0.024390243902439025
Bokutachi no Shippai,Little Time Stop,2,0.0018365472910927456,1,0.024390243902439025
Bokutachi no Shippai,sangatsu monogatari,1,0.0009182736455463728,1,0.024390243902439025
Bokutachi no Shippai,over driver,2,0.0018365472910927456,1,0.024390243902439025
Bokutachi no Shippai,Snow Reverse,2,0.0018365472910927456,1,0.024390243902439025
Bokutachi no Shippai,Mikazuki no Yoru no Mannaka,2,0.0018365472910927456,1,0.024390243902439025
Bokutachi no Shippai,Santa Claus wa Juutai-chuu,2,0.0018365472910927456,1,0.024390243902439025
Boku wa Kimi ni Naritai,Bokutachi no Shippai,2,0.0018365472910927456,1,0.024390243902439025
Bokutachi no Shippai,Koko de Atta ga Kemonomichi,2,0.0018365472910927456,1,0.024390243902439025
Bokutachi no Shippai,Tarareba Watagashi,1,0.0009182736455463728,1,0.024390243902439025
Bokutachi no Shippai,flat song,2,0.0018365472910927456,1,0.024390243902439025
5-bu-go no Stardust,Bokutachi no Shippai,2,0.0018365472910927456,1,0.024390243902439025
Linear Blue wo Kikinagara,Protract Countdown,2,0.0018365472910927456,1,0.024390243902439025
Ai wa Kitto,Itsuka no Shounen,1,0.0009182736455463728,1,0.024390243902439025
Ai wa Kitto,Karakuri Karukare,1,0.0009182736455463728,1,0.024390243902439025
Ai wa Kitto,Deirai Kyousou Gakudan,1,0.0009182736455463728,1,0.024390243902439025
Ai wa Kitto,Toushindai no Chikyu,1,0.0009182736455463728,1,0.024390243902439025
Ai wa Kitto,Mizu to Ame ni Tsuite,1,0.0009182736455463728,1,0.024390243902439025
Instrumental Jam,Snow Answer,1,0.0009182736455463728,1,0.024390243902439025
Bokutachi no Shippai,Gyakuten Sayonara,2,0.0018365472910927456,1,0.024390243902439025
Bokutachi no Shippai,Micro Paradiso!,2,0.0018365472910927456,1,0.024390243902439025
Bokutachi no Shippai,Signal ABC,2,0.0018365472910927456,1,0.024390243902439025
Kimi no Moto e,Pistol Galaxy,1,0.0009182736455463728,1,0.024390243902439025
Full Color Program,RUNNERS HIGH REPRISE,1,0.0009182736455463728,1,0.024390243902439025
5-bu-go no Stardust,Kimi no Moto e,1,0.0009182736455463728,1,0.024390243902439025
5-bu-go no Stardust,Ryusei no Squall,1,0.0009182736455463728,1,0.024390243902439025
Love Song wa Totsuzen ni? ~What is the name of that mystery??~,Mikansei Daisy,2,0.0018365472910927456,1,0.024390243902439025
Mermaid Scandalous,Orion wo Nazoru,3,0.0027548209366391185,1,0.024390243902439025
Kimi no Moto e,meet the world time,1,0.0009182736455463728,1,0.024390243902439025
Kimi no Moto e,Nonfiction Compass,1,0.0009182736455463728,1,0.024390243902439025
Kimi no Moto e,Sangatsu Monogatari,1,0.0009182736455463728,1,0.024390243902439025
Kimi no Moto e,Seku x Kara x Shisonzuuru,1,0.0009182736455463728,1,0.024390243902439025
3 minutes replay,Deirai Kyousou Gakudan,2,0.0018365472910927456,1,0.024390243902439025
Bokutachi no Shippai,Nonfiction Compass,2,0.0018365472910927456,1,0.024390243902439025
Protract Countdown,like coffee no Omajinai,2,0.0018365472910927456,1,0.024390243902439025
Light Flat,Mikansei Daisy,2,0.0018365472910927456,1,0.024390243902439025
3 minutes replay,Sakura no Ato (all quartets lead to the?),2,0.0018365472910927456,1,0.024390243902439025
3 minutes replay,Hikari Nodokeki Haru no Hi ni,2,0.0018365472910927456,1,0.024390243902439025
3 minutes replay,Master Volume,2,0.0018365472910927456,1,0.024390243902439025
Childhood Supernova,Drum Solo,2,0.0018365472910927456,1,0.024390243902439025
Bokutachi no Shippai,Love Song wa Totsuzen ni? ~What is the name of that mystery??~,2,0.0018365472910927456,1,0.024390243902439025
Bokutachi no Shippai,Radial Night Chaser,2,0.0018365472910927456,1,0.024390243902439025
Bokutachi no Shippai,Snow Loop,2,0.0018365472910927456,1,0.024390243902439025
Hikari Nodokeki Haru no Hi ni,Ryusei no Squall,1,0.0009182736455463728,1,0.024390243902439025
Hikari Nodokeki Haru no Hi ni,Scarsdale,2,0.0018365472910927456,1,0.024390243902439025
Hikari Nodokeki Haru no Hi ni,Mikazuki no Yoru no Mannaka,1,0.0009182736455463728,1,0.024390243902439025
Hatch I need,Light Flat,1,0.0009182736455463728,1,0.024390243902439025
Atorakushon ga Hajimaru (they call it “NO.6”),Sangatsu Monogatari,1,0.0009182736455463728,1,0.024390243902439025
Atorakushon ga Hajimaru (they call it “NO.6”),Nonfiction Compass,2,0.0018365472910927456,1,0.024390243902439025
Pandemic Sudden Death,Sangatsu Monogatari,1,0.0009182736455463728,1,0.024390243902439025
Mermaid Scandalous,Sakura no Ato (all quartets lead to the?),2,0.0018365472910927456,1,0.024390243902439025
Mermaid Scandalous,Sayonara Dai Kyu Wakusei,1,0.0009182736455463728,1,0.024390243902439025
Hatch I need,Sayonara Dai Kyu Wakusei,1,0.0009182736455463728,1,0.024390243902439025
Clover,Mermaid Scandalous,2,0.0018365472910927456,1,0.024390243902439025
Clover,Hatch I need,2,0.0018365472910927456,1,0.024390243902439025
Drum Solo,Kimi no Moto e,2,0.0018365472910927456,1,0.024390243902439025
Sawarenai Uta,Sayonara Dai Kyu Wakusei,2,0.0018365472910927456,1,0.024390243902439025
Mermaid Scandalous,Sawarenai Uta,2,0.0018365472910927456,1,0.024390243902439025
Love Song wa Totsuzen ni? ~What is the name of that mystery??~,Toushindai no Chikyu,1,0.0009182736455463728,1,0.024390243902439025
Kimi no Moto e,Toushindai no Chikyu,2,0.0018365472910927456,1,0.024390243902439025
Dareka ga Wasurete iru Kamoshirenai Bokura ni Daijina 001 no Koto,Toushindai no Chikyu,4,0.0036730945821854912,1,0.024390243902439025
Mikazuki no Yoru no Mannaka,Toushindai no Chikyu,1,0.0009182736455463728,1,0.024390243902439025
Kirai = Kirai,Toushindai no Chikyu,2,0.0018365472910927456,1,0.024390243902439025
Hatch I need,Sawarenai Uta,2,0.0018365472910927456,1,0.024390243902439025
Sangatsu Monogatari,Sora no Tobikata,1,0.0009182736455463728,1,0.024390243902439025
Haru ga Kite Bokura,Sayonara Dai Kyu Wakusei,1,0.0009182736455463728,1,0.024390243902439025
Kimi no Hitomi ni Koishi Tenai,Sayonara Dai Kyu Wakusei,1,0.0009182736455463728,1,0.024390243902439025
Gyakuten Sayonara,"Nigatsu, Hakuchu no Nagareboshi to Hikoukigumo",1,0.0009182736455463728,1,0.024390243902439025
Nonfiction Compass,Serenade ga Tomaranai,2,0.0018365472910927456,1,0.024390243902439025
Sangatsu Monogatari,Serenade ga Tomaranai,1,0.0009182736455463728,1,0.024390243902439025
Nonfiction Compass,Sekai wa Fancy,2,0.0018365472910927456,1,0.024390243902439025
Boku wa Kimi ni Naritai,like coffee no Omajinai,1,0.0009182736455463728,1,0.024390243902439025
Sawarenai Uta,cody beats,2,0.0018365472910927456,1,0.024390243902439025
Drum Solo,Program continued,4,0.0036730945821854912,1,0.024390243902439025
Counter Identity,Ryusei no Squall,2,0.0018365472910927456,1,0.024390243902439025
Counter Identity,Sawarenai Uta,2,0.0018365472910927456,1,0.024390243902439025
Dareka ga Wasurete iru Kamoshirenai Bokura ni Daijina 001 no Koto,Yoru ga Yureteiru,1,0.0009182736455463728,1,0.024390243902439025
Sakura no Ato (all quartets lead to the?),Sayonara Dai Kyu Wakusei,2,0.0018365472910927456,1,0.024390243902439025
Drum Solo,Tasogare in the Spy,2,0.0018365472910927456,1,0.024390243902439025
Boku wa Kimi ni Naritai,to the CIDER ROAD,1,0.0009182736455463728,1,0.024390243902439025
Boku wa Kimi ni Naritai,Childhood Supernova,1,0.0009182736455463728,1,0.024390243902439025
Protract Countdown,crazy birthday,1,0.0009182736455463728,1,0.024390243902439025
Chaos ga Kiwamaru,Nonfiction Compass,2,0.0018365472910927456,1,0.024390243902439025
Boku wa Kimi ni Naritai,crazy birthday,1,0.0009182736455463728,1,0.024390243902439025
Boku wa Kimi ni Naritai,Deirai Kyousou Gakudan,1,0.0009182736455463728,1,0.024390243902439025
Boku wa Kimi ni Naritai,Karakuri Karukare,1,0.0009182736455463728,1,0.024390243902439025
Protract Countdown,Sayonara Summer Time Machine,1,0.0009182736455463728,1,0.024390243902439025
Sangatsu Monogatari,Sugar Song to Bitter Step,1,0.0009182736455463728,1,0.024390243902439025
Anti-Trendy Club,Sangatsu Monogatari,1,0.0009182736455463728,1,0.024390243902439025
Chaos ga Kiwamaru,Sangatsu Monogatari,1,0.0009182736455463728,1,0.024390243902439025
Sangatsu Monogatari,Sekai wa Fancy,1,0.0009182736455463728,1,0.024390243902439025
Anti-Trendy Club,Nonfiction Compass,2,0.0018365472910927456,1,0.024390243902439025
Light Flat,Mermaid Scandalous,1,0.0009182736455463728,1,0.024390243902439025
Light Flat,Sugar Song to Bitter Step,1,0.0009182736455463728,1,0.024390243902439025
Hikari Nodokeki Haru no Hi ni,Sawarenai Uta,1,0.0009182736455463728,1,0.024390243902439025
Light Flat,Sawarenai Uta,1,0.0009182736455463728,1,0.024390243902439025
Deirai Kyousou Gakudan,Kimi no Moto e,3,0.0027548209366391185,1,0.024390243902439025
Drum Solo,Sawarenai Uta,4,0.0036730945821854912,1,0.024390243902439025
Kimagure Zattou,Protract Countdown,2,0.0018365472910927456,1,0.024390243902439025
BUSTER DICE MISERY,"Catch up, latency",3,0.0027548209366391185,1,0.024390243902439025
Haru ga Kite Bokura,Sawarenai Uta,5,0.004591368227731864,1,0.024390243902439025
Full Color Program,Mermaid Scandalous,4,0.0036730945821854912,1,0.024390243902439025
Friday Novels,Tameiki shooting the MOON,1,0.0009182736455463728,1,0.024390243902439025
Instrumental Jam,Mikansei Daisy,3,0.0027548209366391185,1,0.024390243902439025
Gyakuten Sayonara,Ryusei no Squall,2,0.0018365472910927456,1,0.024390243902439025
Mikansei Daisy,Yoru ga Yureteiru,1,0.0009182736455463728,1,0.024390243902439025
Hakoniwa Rock Show,Shupurehikouru ~Sekai ga Owaru Mae ni~,3,0.0027548209366391185,1,0.024390243902439025
Boku wa Kimi ni Naritai,Hakoniwa Rock Show,3,0.0027548209366391185,1,0.024390243902439025
3 minutes replay,Hakoniwa Rock Show,3,0.0027548209366391185,1,0.024390243902439025
Mikansei Daisy,Sora no Tobikata,7,0.006427915518824609,1,0.024390243902439025
Bokura no Sono Saki,Sora no Tobikata,7,0.006427915518824609,1,0.024390243902439025
CAPACITY Koeru,Sora no Tobikata,7,0.006427915518824609,1,0.024390243902439025
3 minutes replay,Sora no Tobikata,7,0.006427915518824609,1,0.024390243902439025
Searchlight,WINDOW Akeru,3,0.0027548209366391185,1,0.024390243902439025
Searchlight,Toushindai no Chikyu,3,0.0027548209366391185,1,0.024390243902439025
Hikari Nodokeki Haru no Hi ni,WINDOW Akeru,1,0.0009182736455463728,1,0.024390243902439025
Hikari Nodokeki Haru no Hi ni,Sayonara Summer Time Machine,1,0.0009182736455463728,1,0.024390243902439025
Protract Countdown,Ryusei Kouro,2,0.0018365472910927456,1,0.024390243902439025
Toushindai no Chikyu,mouth to mouse(sent you),2,0.0018365472910927456,1,0.024390243902439025
Another World,cody beats,1,0.0009182736455463728,1,0.024390243902439025
Ai wa Kitto,Sanpo Saki My Life,3,0.0027548209366391185,1,0.024390243902439025
Haru ga Kite Bokura,Light Flat,1,0.0009182736455463728,1,0.024390243902439025
Kimi no Hitomi ni Koishi Tenai,Light Flat,1,0.0009182736455463728,1,0.024390243902439025
Mermaid Scandalous,Tettoutetsubi Yonayona Drive,2,0.0018365472910927456,1,0.024390243902439025
Hatch I need,Tettoutetsubi Yonayona Drive,2,0.0018365472910927456,1,0.024390243902439025
Light Flat,Tettoutetsubi Yonayona Drive,1,0.0009182736455463728,1,0.024390243902439025
Sayonara Dai Kyu Wakusei,kaleido proud fiesta,1,0.0009182736455463728,1,0.024390243902439025
Clover,kaleido proud fiesta,2,0.0018365472910927456,1,0.024390243902439025
Light Flat,kaleido proud fiesta,1,0.0009182736455463728,1,0.024390243902439025
Worldwide Supergirl,mix juice no Iutouri,2,0.0018365472910927456,1,0.024390243902439025
Ai wa Kitto,Full Color Program,2,0.0018365472910927456,1,0.024390243902439025
Another World,Gyakuten Sayonara,1,0.0009182736455463728,1,0.024390243902439025
Gyakuten Sayonara,Mikansei Daisy,1,0.0009182736455463728,1,0.024390243902439025
Worldwide Supergirl,instant EGOIST,1,0.0009182736455463728,1,0.024390243902439025
Atorakushon ga Hajimaru (they call it “NO.6”),Worldwide Supergirl,1,0.0009182736455463728,1,0.024390243902439025
Sayonara Dai Kyu Wakusei,Sugar Song to Bitter Step,3,0.0027548209366391185,1,0.024390243902439025
Mikansei Daisy,Sayonara Dai Kyu Wakusei,1,0.0009182736455463728,1,0.024390243902439025
Childhood Supernova,Love Song wa Totsuzen ni? ~What is the name of that mystery??~,1,0.0009182736455463728,1,0.024390243902439025
Childhood Supernova,Worldwide Supergirl,1,0.0009182736455463728,1,0.024390243902439025
Childhood Supernova,Mikazuki no Yoru no Mannaka,1,0.0009182736455463728,1,0.024390243902439025
Childhood Supernova,Scarsdale,3,0.0027548209366391185,1,0.024390243902439025
like coffee no Omajinai,over driver,1,0.0009182736455463728,1,0.024390243902439025
Snow Answer,to the CIDER ROAD,1,0.0009182736455463728,1,0.024390243902439025
Master Volume,to the CIDER ROAD,1,0.0009182736455463728,1,0.024390243902439025
City peel,Sekai wa Fancy,6,0.005509641873278237,1,0.024390243902439025
Deirai Kyousou Gakudan,Ride on Time / Toshindai no Chikyu / MR. Andy / CAPACITY Koeru / Worldwide Supergirl / Coffee Cup Syndrome  / Sentimental Period  / Drum Solo / Galileo no Showcase,12,0.011019283746556474,1,0.024390243902439025
City peel,Santa Claus wa Juutai-chuu,6,0.005509641873278237,1,0.024390243902439025
Atorakushon ga Hajimaru (they call it “NO.6”),City peel,6,0.005509641873278237,1,0.024390243902439025
City peel,WINDOW akeru,6,0.005509641873278237,1,0.024390243902439025
3 minutes replay,City peel,6,0.005509641873278237,1,0.024390243902439025
Santa Claus wa Juutai-chuu,Silent Libre Mirage,6,0.005509641873278237,1,0.024390243902439025
Fiction Freak Crisis,Yoru ga Yureteiru,16,0.014692378328741965,1,0.024390243902439025
Silent Libre Mirage,WINDOW akeru,6,0.005509641873278237,1,0.024390243902439025
3 minutes replay,Silent Libre Mirage,6,0.005509641873278237,1,0.024390243902439025
Chandelier Waltz,Santa Claus wa Juutai-chuu,6,0.005509641873278237,1,0.024390243902439025
Chandelier Waltz,WINDOW akeru,6,0.005509641873278237,1,0.024390243902439025
Sekai wa Fancy,"kid, I like quartet",9,0.008264462809917356,1,0.024390243902439025
Santa Claus wa Juutai-chuu,Sekai wa Fancy,6,0.005509641873278237,1,0.024390243902439025
Sekai wa Fancy,WINDOW akeru,6,0.005509641873278237,1,0.024390243902439025
3 minutes replay,Sekai wa Fancy,6,0.005509641873278237,1,0.024390243902439025
Santa Claus wa Juutai-chuu,"kid, I like quartet",6,0.005509641873278237,1,0.024390243902439025
Yoru ga Yureteiru,fake town baby,16,0.014692378328741965,1,0.024390243902439025
WINDOW akeru,"kid, I like quartet",6,0.005509641873278237,1,0.024390243902439025
Santa Claus wa Juutai-chuu,kaleido proud fiesta,6,0.005509641873278237,1,0.024390243902439025
WINDOW akeru,kaleido proud fiesta,6,0.005509641873278237,1,0.024390243902439025
3 minutes replay,kaleido proud fiesta,6,0.005509641873278237,1,0.024390243902439025
City peel,"kid, I like quartet",6,0.005509641873278237,1,0.024390243902439025
Chandelier Waltz,City peel,6,0.005509641873278237,1,0.024390243902439025
Kimi no Moto e,to the CIDER ROAD,3,0.0027548209366391185,1,0.024390243902439025
City peel,Silent Libre Mirage,6,0.005509641873278237,1,0.024390243902439025
Boujaku no Charisma,Silent Libre Mirage,6,0.005509641873278237,1,0.024390243902439025
Boujaku no Charisma,Chandelier Waltz,6,0.005509641873278237,1,0.024390243902439025
Boujaku no Charisma,Sekai wa Fancy,7,0.006427915518824609,1,0.024390243902439025
Boujaku no Charisma,"kid, I like quartet",8,0.0073461891643709825,1,0.024390243902439025
Boujaku no Charisma,Kimi no Hitomi ni Koishi Tenai,10,0.009182736455463728,1,0.024390243902439025
Boujaku no Charisma,Tengoku to Jigoku,8,0.0073461891643709825,1,0.024390243902439025
Boujaku no Charisma,Santa Claus wa Juutai-chuu,6,0.005509641873278237,1,0.024390243902439025
Atorakushon ga Hajimaru (they call it “NO.6”),Boujaku no Charisma,6,0.005509641873278237,1,0.024390243902439025
Boujaku no Charisma,Instrumental Jam,6,0.005509641873278237,1,0.024390243902439025
Boujaku no Charisma,WINDOW akeru,6,0.005509641873278237,1,0.024390243902439025
3 minutes replay,Boujaku no Charisma,6,0.005509641873278237,1,0.024390243902439025
City peel,like coffee no Omajinai,6,0.005509641873278237,1,0.024390243902439025
Silent Libre Mirage,like coffee no Omajinai,6,0.005509641873278237,1,0.024390243902439025
Sekai wa Fancy,like coffee no Omajinai,6,0.005509641873278237,1,0.024390243902439025
kaleido proud fiesta,like coffee no Omajinai,7,0.006427915518824609,1,0.024390243902439025
Kimi no Hitomi ni Koishi Tenai,like coffee no Omajinai,8,0.0073461891643709825,1,0.024390243902439025
Santa Claus wa Juutai-chuu,like coffee no Omajinai,6,0.005509641873278237,1,0.024390243902439025
Chaos ga Kiwamaru,like coffee no Omajinai,8,0.0073461891643709825,1,0.024390243902439025
Sakura no Ato (all quartets lead to the?),Yoru ga Yureteiru,16,0.014692378328741965,1,0.024390243902439025
WINDOW akeru,like coffee no Omajinai,6,0.005509641873278237,1,0.024390243902439025
3 minutes replay,like coffee no Omajinai,7,0.006427915518824609,1,0.024390243902439025
Kimi no Hitomi ni Koishi Tenai,WINDOW akeru,6,0.005509641873278237,1,0.024390243902439025
3 minutes replay,Kimi no Hitomi ni Koishi Tenai,6,0.005509641873278237,1,0.024390243902439025
Santa Claus wa Juutai-chuu,Tengoku to Jigoku,6,0.005509641873278237,1,0.024390243902439025
Tengoku to Jigoku,WINDOW akeru,6,0.005509641873278237,1,0.024390243902439025
Atorakushon ga Hajimaru (they call it “NO.6”),Countdown,1,0.0009182736455463728,1,0.024390243902439025
Countdown,Full Color Program,1,0.0009182736455463728,1,0.024390243902439025
Countdown,Silent Libre Mirage,1,0.0009182736455463728,1,0.024390243902439025
Countdown,Sakura no Ato (all quartets lead to the?),2,0.0018365472910927456,1,0.024390243902439025
Countdown,Hikari Nodokeki Haru no Hi ni,1,0.0009182736455463728,1,0.024390243902439025
Countdown,Friday Novels,1,0.0009182736455463728,1,0.024390243902439025
Phrase Bottle Bye Bye,Tettoutetsubi Yonayona Drive,1,0.0009182736455463728,1,0.024390243902439025
Kimi no Hitomi ni Koishi Tenai,Phrase Bottle Bye Bye,1,0.0009182736455463728,1,0.024390243902439025
Kimi no Hitomi ni Koishi Tenai,Mikansei Daisy,1,0.0009182736455463728,1,0.024390243902439025
Kimi no Hitomi ni Koishi Tenai,Serenade ga Tomaranai,4,0.0036730945821854912,1,0.024390243902439025
Anti-Trendy Club,Kimi no Hitomi ni Koishi Tenai,6,0.005509641873278237,1,0.024390243902439025
Own Civilization (nano‐mile met),Phrase Bottle Bye Bye,1,0.0009182736455463728,1,0.024390243902439025
Phrase Bottle Bye Bye,Sawarenai Uta,1,0.0009182736455463728,1,0.024390243902439025
Pandemic Sudden Death,Phrase Bottle Bye Bye,1,0.0009182736455463728,1,0.024390243902439025
Mikansei Daisy,Phrase Bottle Bye Bye,1,0.0009182736455463728,1,0.024390243902439025
Phrase Bottle Bye Bye,Serenade ga Tomaranai,1,0.0009182736455463728,1,0.024390243902439025
Galileo no Showcase,Phrase Bottle Bye Bye,1,0.0009182736455463728,1,0.024390243902439025
Dizzy Trickster,Phrase Bottle Bye Bye,1,0.0009182736455463728,1,0.024390243902439025
Phrase Bottle Bye Bye,Sakura no Ato (all quartets lead to the?),1,0.0009182736455463728,1,0.024390243902439025
Own Civilization (nano‐mile met),Sawarenai Uta,2,0.0018365472910927456,1,0.024390243902439025
Own Civilization (nano‐mile met),Pandemic Sudden Death,3,0.0027548209366391185,1,0.024390243902439025
Countdown,Shupurehikouru ~Sekai ga Owaru Mae ni~,1,0.0009182736455463728,1,0.024390243902439025
Countdown,Deirai Kyousou Gakudan,1,0.0009182736455463728,1,0.024390243902439025
Countdown,Tengoku to Jigoku,1,0.0009182736455463728,1,0.024390243902439025
Instrumental Jam,WINDOW akeru,6,0.005509641873278237,1,0.024390243902439025
3 minutes replay,Tengoku to Jigoku,7,0.006427915518824609,1,0.024390243902439025
Atorakushon ga Hajimaru (they call it “NO.6”),Santa Claus wa Juutai-chuu,6,0.005509641873278237,1,0.024390243902439025
Chaos ga Kiwamaru,Santa Claus wa Juutai-chuu,6,0.005509641873278237,1,0.024390243902439025
Santa Claus wa Juutai-chuu,WINDOW akeru,6,0.005509641873278237,1,0.024390243902439025
3 minutes replay,Santa Claus wa Juutai-chuu,6,0.005509641873278237,1,0.024390243902439025
Atorakushon ga Hajimaru (they call it “NO.6”),WINDOW akeru,6,0.005509641873278237,1,0.024390243902439025
3 minutes replay,Atorakushon ga Hajimaru (they call it “NO.6”),6,0.005509641873278237,1,0.024390243902439025
Chaos ga Kiwamaru,WINDOW akeru,6,0.005509641873278237,1,0.024390243902439025
3 minutes replay,Chaos ga Kiwamaru,6,0.005509641873278237,1,0.024390243902439025
3 minutes replay,Instrumental Jam,6,0.005509641873278237,1,0.024390243902439025
Countdown,instant EGOIST,1,0.0009182736455463728,1,0.024390243902439025
3 minutes replay,WINDOW akeru,6,0.005509641873278237,1,0.024390243902439025
Sugar Song to Bitter Step,WINDOW akeru,6,0.005509641873278237,1,0.024390243902439025
3 minutes replay,Sugar Song to Bitter Step,7,0.006427915518824609,1,0.024390243902439025
Nonfiction Compass,Seihitsu Kanbi Akigure Jojou,1,0.0009182736455463728,1,0.024390243902439025
Mikansei Daisy,Ride on Time,2,0.0018365472910927456,1,0.024390243902439025
Chaos ga Kiwamaru,Master Volume,3,0.0027548209366391185,1,0.024390243902439025
Countdown,Tettoutetsubi Yonayona Drive,1,0.0009182736455463728,1,0.024390243902439025
Countdown,Orion wo Nazoru,1,0.0009182736455463728,1,0.024390243902439025
Countdown,mix juice no Iutouri,1,0.0009182736455463728,1,0.024390243902439025
Boujaku no Charisma,City peel,6,0.005509641873278237,1,0.024390243902439025
Boujaku no Charisma,like coffee no Omajinai,7,0.006427915518824609,1,0.024390243902439025
3 minutes replay,Simple Simple Anecdote,6,0.005509641873278237,1,0.024390243902439025
Yuuutsu wa Princess,kaleido proud fiesta,6,0.005509641873278237,1,0.024390243902439025
Hakoniwa Rock Show,mouth to mouse(sent you),4,0.0036730945821854912,1,0.024390243902439025
MR. Andy,mouth to mouse(sent you),5,0.004591368227731864,1,0.024390243902439025
Sanpo Saki My Life,mouth to mouse(sent you),5,0.004591368227731864,1,0.024390243902439025
Master Volume,mouth to mouse(sent you),3,0.0027548209366391185,1,0.024390243902439025
Light Flat,Sora no Tobikata,10,0.009182736455463728,1,0.024390243902439025
Silent Libre Mirage,Toushindai no Chikyu,17,0.015610651974288337,1,0.024390243902439025
"Nigatsu, Hakuchu no Nagareboshi to Hikoukigumo",Snow Reverse,4,0.0036730945821854912,1,0.024390243902439025
Light Flat,"Nigatsu, Hakuchu no Nagareboshi to Hikoukigumo",3,0.0027548209366391185,1,0.024390243902439025
Silent Libre Mirage,crazy birthday,17,0.015610651974288337,1,0.024390243902439025
"Catch up, latency",Tameiki shooting the MOON,2,0.0018365472910927456,1,0.024390243902439025
Sugar Song to Bitter Step,Tameiki shooting the MOON,7,0.006427915518824609,1,0.024390243902439025
Otonoba Chukan Shiken,Yuuutsu wa Princess,6,0.005509641873278237,1,0.024390243902439025
Houkago Marriage,Yuuutsu wa Princess,6,0.005509641873278237,1,0.024390243902439025
Yuuutsu wa Princess,harmonized finale,6,0.005509641873278237,1,0.024390243902439025
Simple Simple Anecdote,Yuuutsu wa Princess,6,0.005509641873278237,1,0.024390243902439025
Boujaku no Charisma,Yuuutsu wa Princess,6,0.005509641873278237,1,0.024390243902439025
Yuuutsu wa Princess,like coffee no Omajinai,6,0.005509641873278237,1,0.024390243902439025
City peel,Yuuutsu wa Princess,6,0.005509641873278237,1,0.024390243902439025
Silent Libre Mirage,Yuuutsu wa Princess,6,0.005509641873278237,1,0.024390243902439025
Chandelier Waltz,Yuuutsu wa Princess,6,0.005509641873278237,1,0.024390243902439025
Sekai wa Fancy,Yuuutsu wa Princess,6,0.005509641873278237,1,0.024390243902439025
Fiction Freak Crisis,Silent Libre Mirage,16,0.014692378328741965,1,0.024390243902439025
Full Color Program,mouth to mouse(sent you),7,0.006427915518824609,1,0.024390243902439025
Hitori Omou wa Ame no Naka,Light Flat,4,0.0036730945821854912,1,0.024390243902439025
"Majority Report (darling, I love you)",Seihitsu Kanbi Akigure Jojou,2,0.0018365472910927456,1,0.024390243902439025
Aerial Alien,Instrumental Jam,3,0.0027548209366391185,1,0.024390243902439025
Coffee Cup Syndrome,Deirai Kyousou Gakudan,7,0.006427915518824609,1,0.024390243902439025
Coffee Cup Syndrome,Mizu to Ame ni Tsuite,5,0.004591368227731864,1,0.024390243902439025
Deirai Kyousou Gakudan,"Yuunagi, Ensemble",7,0.006427915518824609,1,0.024390243902439025
Ride on Time,"Yuunagi, Ensemble",3,0.0027548209366391185,1,0.024390243902439025
Mizu to Ame ni Tsuite,"Yuunagi, Ensemble",20,0.018365472910927456,1,0.024390243902439025
Childhood Supernova,Deirai Kyousou Gakudan,2,0.0018365472910927456,1,0.024390243902439025
"10% roll, 10% romance",Serenade ga Tomaranai,3,0.0027548209366391185,1,0.024390243902439025
"Majority Report (darling, I love you)",Momai termination,2,0.0018365472910927456,1,0.024390243902439025
Sangatsu Monogatari,Sayonara Summer Time Machine,2,0.0018365472910927456,1,0.024390243902439025
Hitori Omou wa Ame no Naka,Snow Reverse,4,0.0036730945821854912,1,0.024390243902439025
Itsuka no Shounen,"Yuunagi, Ensemble",8,0.0073461891643709825,1,0.024390243902439025
Itsuka no Shounen,Searchlight,5,0.004591368227731864,1,0.024390243902439025
Karakuri Karukare,Searchlight,8,0.0073461891643709825,1,0.024390243902439025
23:25,Mizu to Ame ni Tsuite,12,0.011019283746556474,1,0.024390243902439025
Sentimental Period,mouth to mouse(sent you),5,0.004591368227731864,1,0.024390243902439025
WINDOW Akeru,mouth to mouse(sent you),4,0.0036730945821854912,1,0.024390243902439025
MIDNIGHT JUNGLE,crazy birthday,17,0.015610651974288337,1,0.024390243902439025
Hitori Omou wa Ame no Naka,Sora no Tobikata,5,0.004591368227731864,1,0.024390243902439025
Hitori Omou wa Ame no Naka,Ride on Time,2,0.0018365472910927456,1,0.024390243902439025
Yuuutsu wa Princess,"kid, I like quartet",6,0.005509641873278237,1,0.024390243902439025
Kimi no Hitomi ni Koishi Tenai,Yuuutsu wa Princess,6,0.005509641873278237,1,0.024390243902439025
Simple Simple Anecdote,WINDOW akeru,6,0.005509641873278237,1,0.024390243902439025
Tengoku to Jigoku,Yuuutsu wa Princess,6,0.005509641873278237,1,0.024390243902439025
Houkago Marriage,Santa Claus wa Juutai-chuu,6,0.005509641873278237,1,0.024390243902439025
Atorakushon ga Hajimaru (they call it “NO.6”),Houkago Marriage,6,0.005509641873278237,1,0.024390243902439025
Houkago Marriage,WINDOW akeru,6,0.005509641873278237,1,0.024390243902439025
3 minutes replay,Houkago Marriage,6,0.005509641873278237,1,0.024390243902439025
Simple Simple Anecdote,harmonized finale,6,0.005509641873278237,1,0.024390243902439025
City peel,harmonized finale,6,0.005509641873278237,1,0.024390243902439025
Santa Claus wa Juutai-chuu,harmonized finale,6,0.005509641873278237,1,0.024390243902439025
MIDNIGHT JUNGLE,Silent Libre Mirage,17,0.015610651974288337,1,0.024390243902439025
WINDOW akeru,harmonized finale,6,0.005509641873278237,1,0.024390243902439025
3 minutes replay,harmonized finale,7,0.006427915518824609,1,0.024390243902439025
Boujaku no Charisma,Simple Simple Anecdote,6,0.005509641873278237,1,0.024390243902439025
Simple Simple Anecdote,like coffee no Omajinai,6,0.005509641873278237,1,0.024390243902439025
City peel,Simple Simple Anecdote,6,0.005509641873278237,1,0.024390243902439025
Silent Libre Mirage,Simple Simple Anecdote,6,0.005509641873278237,1,0.024390243902439025
Chandelier Waltz,Simple Simple Anecdote,6,0.005509641873278237,1,0.024390243902439025
Simple Simple Anecdote,"kid, I like quartet",6,0.005509641873278237,1,0.024390243902439025
Simple Simple Anecdote,kaleido proud fiesta,7,0.006427915518824609,1,0.024390243902439025
Kimi no Hitomi ni Koishi Tenai,Simple Simple Anecdote,6,0.005509641873278237,1,0.024390243902439025
Santa Claus wa Juutai-chuu,Simple Simple Anecdote,6,0.005509641873278237,1,0.024390243902439025
Atorakushon ga Hajimaru (they call it “NO.6”),Simple Simple Anecdote,6,0.005509641873278237,1,0.024390243902439025
Chaos ga Kiwamaru,Simple Simple Anecdote,7,0.006427915518824609,1,0.024390243902439025
Houkago Marriage,Tengoku to Jigoku,6,0.005509641873278237,1,0.024390243902439025
Houkago Marriage,"kid, I like quartet",6,0.005509641873278237,1,0.024390243902439025
Houkago Marriage,Sekai wa Fancy,6,0.005509641873278237,1,0.024390243902439025
Boujaku no Charisma,Otonoba Chukan Shiken,6,0.005509641873278237,1,0.024390243902439025
Santa Claus wa Juutai-chuu,Yuuutsu wa Princess,6,0.005509641873278237,1,0.024390243902439025
Atorakushon ga Hajimaru (they call it “NO.6”),Yuuutsu wa Princess,6,0.005509641873278237,1,0.024390243902439025
Chaos ga Kiwamaru,Yuuutsu wa Princess,6,0.005509641873278237,1,0.024390243902439025
Instrumental Jam,Yuuutsu wa Princess,6,0.005509641873278237,1,0.024390243902439025
WINDOW akeru,Yuuutsu wa Princess,6,0.005509641873278237,1,0.024390243902439025
3 minutes replay,Yuuutsu wa Princess,6,0.005509641873278237,1,0.024390243902439025
Sugar Song to Bitter Step,Yuuutsu wa Princess,6,0.005509641873278237,1,0.024390243902439025
Houkago Marriage,Otonoba Chukan Shiken,6,0.005509641873278237,1,0.024390243902439025
Otonoba Chukan Shiken,harmonized finale,8,0.0073461891643709825,1,0.024390243902439025
City peel,Otonoba Chukan Shiken,6,0.005509641873278237,1,0.024390243902439025
Houkago Marriage,Silent Libre Mirage,6,0.005509641873278237,1,0.024390243902439025
Otonoba Chukan Shiken,kaleido proud fiesta,7,0.006427915518824609,1,0.024390243902439025
Otonoba Chukan Shiken,Santa Claus wa Juutai-chuu,6,0.005509641873278237,1,0.024390243902439025
Chaos ga Kiwamaru,Otonoba Chukan Shiken,7,0.006427915518824609,1,0.024390243902439025
Otonoba Chukan Shiken,WINDOW akeru,6,0.005509641873278237,1,0.024390243902439025
3 minutes replay,Otonoba Chukan Shiken,6,0.005509641873278237,1,0.024390243902439025
Houkago Marriage,harmonized finale,6,0.005509641873278237,1,0.024390243902439025
Houkago Marriage,Simple Simple Anecdote,6,0.005509641873278237,1,0.024390243902439025
Boujaku no Charisma,Houkago Marriage,6,0.005509641873278237,1,0.024390243902439025
Houkago Marriage,like coffee no Omajinai,6,0.005509641873278237,1,0.024390243902439025
Mikansei Daisy,Own Civilization (nano‐mile met),1,0.0009182736455463728,1,0.024390243902439025
Own Civilization (nano‐mile met),Serenade ga Tomaranai,2,0.0018365472910927456,1,0.024390243902439025
Chaos ga Kiwamaru,Own Civilization (nano‐mile met),2,0.0018365472910927456,1,0.024390243902439025
Drum Solo,cody beats,7,0.006427915518824609,1,0.024390243902439025
Snow Reverse,Sugar Song to Bitter Step,6,0.005509641873278237,1,0.024390243902439025
Deirai Kyousou Gakudan,like coffee no Omajinai,4,0.0036730945821854912,1,0.024390243902439025
Otonoba Chukan Shiken,Serenade ga Tomaranai,6,0.005509641873278237,1,0.024390243902439025
Master Volume,Serenade ga Tomaranai,3,0.0027548209366391185,1,0.024390243902439025
Bokura no Sono Saki,Tengoku to Jigoku,3,0.0027548209366391185,1,0.024390243902439025
Messenger From Zen Sekai,mix juice no Iutouri,5,0.004591368227731864,1,0.024390243902439025
Messenger From Zen Sekai,Silent Libre Mirage,5,0.004591368227731864,1,0.024390243902439025
Hikari Nodokeki Haru no Hi ni,Messenger From Zen Sekai,5,0.004591368227731864,1,0.024390243902439025
"Catch up, latency",Clover,16,0.014692378328741965,1,0.024390243902439025
Pandemic Sudden Death,over driver,1,0.0009182736455463728,1,0.024390243902439025
Serenade ga Tomaranai,over driver,1,0.0009182736455463728,1,0.024390243902439025
Chaos ga Kiwamaru,over driver,1,0.0009182736455463728,1,0.024390243902439025
Anti-Trendy Club,over driver,1,0.0009182736455463728,1,0.024390243902439025
Anti-Trendy Club,Master Volume,1,0.0009182736455463728,1,0.024390243902439025
BUSTER DICE MISERY,Instrumental Jam,3,0.0027548209366391185,1,0.024390243902439025
Drum Solo,Love Song wa Totsuzen ni? ~What is the name of that mystery??~,6,0.005509641873278237,1,0.024390243902439025
Drum Solo,Itsuka no Shounen,6,0.005509641873278237,1,0.024390243902439025
Counter Identity,Drum Solo,7,0.006427915518824609,1,0.024390243902439025
Drum Solo,Serenade ga Tomaranai,6,0.005509641873278237,1,0.024390243902439025
Drum Solo,Hikari Nodokeki Haru no Hi ni,6,0.005509641873278237,1,0.024390243902439025
Drum Solo,to the CIDER ROAD,8,0.0073461891643709825,1,0.024390243902439025
Sakura no Ato (all quartets lead to the?),Snow Reverse,2,0.0018365472910927456,1,0.024390243902439025
Clover,Silent Libre Mirage,16,0.014692378328741965,1,0.024390243902439025
Boku wa Kimi ni Naritai,Sakura no Ato (all quartets lead to the?),2,0.0018365472910927456,1,0.024390243902439025
Clover,crazy birthday,16,0.014692378328741965,1,0.024390243902439025
3 minutes replay,Kimi no Moto e,16,0.014692378328741965,1,0.024390243902439025
3 minutes replay,MR. Andy,17,0.015610651974288337,1,0.024390243902439025
Messenger From Zen Sekai,Mikansei Daisy,9,0.008264462809917356,1,0.024390243902439025
Bokura no Sono Saki,Messenger From Zen Sekai,9,0.008264462809917356,1,0.024390243902439025
CAPACITY Koeru,Messenger From Zen Sekai,9,0.008264462809917356,1,0.024390243902439025
Boku wa Kimi ni Naritai,Messenger From Zen Sekai,9,0.008264462809917356,1,0.024390243902439025
3 minutes replay,Messenger From Zen Sekai,9,0.008264462809917356,1,0.024390243902439025
Bokura no Sono Saki,Mikansei Daisy,16,0.014692378328741965,1,0.024390243902439025
Boku wa Kimi ni Naritai,Mikansei Daisy,16,0.014692378328741965,1,0.024390243902439025
Bokura no Sono Saki,CAPACITY Koeru,16,0.014692378328741965,1,0.024390243902439025
Snow Reverse,Tettoutetsubi Yonayona Drive,5,0.004591368227731864,1,0.024390243902439025
Boku wa Kimi ni Naritai,Bokura no Sono Saki,16,0.014692378328741965,1,0.024390243902439025
3 minutes replay,Bokura no Sono Saki,16,0.014692378328741965,1,0.024390243902439025
Boku wa Kimi ni Naritai,Sanpo Saki My Life,16,0.014692378328741965,1,0.024390243902439025
CAPACITY Koeru,cody beats,18,0.01652892561983471,1,0.024390243902439025
Boku wa Kimi ni Naritai,CAPACITY Koeru,16,0.014692378328741965,1,0.024390243902439025
3 minutes replay,CAPACITY Koeru,17,0.015610651974288337,1,0.024390243902439025
3 minutes replay,Boku wa Kimi ni Naritai,16,0.014692378328741965,1,0.024390243902439025
Kimi no Moto e,harmonized finale,4,0.0036730945821854912,1,0.024390243902439025
5-bu-go no Stardust,Tettoutetsubi Yonayona Drive,2,0.0018365472910927456,1,0.024390243902439025
Drum Solo,Ride on Time,7,0.006427915518824609,1,0.024390243902439025
Haru ga Kite Bokura,Toushindai no Chikyu,17,0.015610651974288337,1,0.024390243902439025
Bokura no Sono Saki,Kimi no Moto e,16,0.014692378328741965,1,0.024390243902439025
Itsuka no Shounen,Snow Reverse,4,0.0036730945821854912,1,0.024390243902439025
Seihitsu Kanbi Akigure Jojou,Sekai wa Fancy,2,0.0018365472910927456,1,0.024390243902439025
Seihitsu Kanbi Akigure Jojou,Worldwide Supergirl,2,0.0018365472910927456,1,0.024390243902439025
Chaos ga Kiwamaru,Worldwide Supergirl,1,0.0009182736455463728,1,0.024390243902439025
Millennium Happy Chainsaw Edge,Worldwide Supergirl,1,0.0009182736455463728,1,0.024390243902439025
Anti-Trendy Club,Worldwide Supergirl,1,0.0009182736455463728,1,0.024390243902439025
Millennium Happy Chainsaw Edge,Silent Libre Mirage,1,0.0009182736455463728,1,0.024390243902439025
Anti-Trendy Club,Silent Libre Mirage,1,0.0009182736455463728,1,0.024390243902439025
CAPACITY Koeru,Tettoutetsubi Yonayona Drive,3,0.0027548209366391185,1,0.024390243902439025
Sayonara Summer Time Machine,to the CIDER ROAD,3,0.0027548209366391185,1,0.024390243902439025
Sayonara Summer Time Machine,like coffee no Omajinai,3,0.0027548209366391185,1,0.024390243902439025
Sayonara Summer Time Machine,crazy birthday,3,0.0027548209366391185,1,0.024390243902439025
CAPACITY Koeru,over driver,2,0.0018365472910927456,1,0.024390243902439025
CAPACITY Koeru,like coffee no Omajinai,3,0.0027548209366391185,1,0.024390243902439025
CAPACITY Koeru,Childhood Supernova,3,0.0027548209366391185,1,0.024390243902439025
CAPACITY Koeru,crazy birthday,2,0.0018365472910927456,1,0.024390243902439025
CAPACITY Koeru,Snow Answer,1,0.0009182736455463728,1,0.024390243902439025
Karakuri Karukare,over driver,1,0.0009182736455463728,1,0.024390243902439025
Karakuri Karukare,like coffee no Omajinai,5,0.004591368227731864,1,0.024390243902439025
Karakuri Karukare,Snow Answer,1,0.0009182736455463728,1,0.024390243902439025
over driver,to the CIDER ROAD,1,0.0009182736455463728,1,0.024390243902439025
Childhood Supernova,to the CIDER ROAD,3,0.0027548209366391185,1,0.024390243902439025
Serenade ga Tomaranai,Silent Libre Mirage,1,0.0009182736455463728,1,0.024390243902439025
Millennium Happy Chainsaw Edge,Serenade ga Tomaranai,1,0.0009182736455463728,1,0.024390243902439025
Serenade ga Tomaranai,Worldwide Supergirl,1,0.0009182736455463728,1,0.024390243902439025
Drum Solo,"Yuunagi, Ensemble",1,0.0009182736455463728,1,0.024390243902439025
Clover,Snow Reverse,6,0.005509641873278237,1,0.024390243902439025
Clover,Love Song wa Totsuzen ni? ~What is the name of that mystery??~,1,0.0009182736455463728,1,0.024390243902439025
Clover,Mikazuki no Yoru no Mannaka,1,0.0009182736455463728,1,0.024390243902439025
Clover,Ryusei no Squall,1,0.0009182736455463728,1,0.024390243902439025
Clover,Kirai = Kirai,3,0.0027548209366391185,1,0.024390243902439025
Airabuniju,Sayonara Summer Time Machine,5,0.004591368227731864,1,0.024390243902439025
Sakura no Ato (all quartets lead to the?),Sayonara Summer Time Machine,5,0.004591368227731864,1,0.024390243902439025
Deirai Kyousou Gakudan,Mikansei Daisy,8,0.0073461891643709825,1,0.024390243902439025
Cheap Cheap Endroll,Mermaid Scandalous,1,0.0009182736455463728,1,0.024390243902439025
Coffee Cup Syndrome,Drum Solo,1,0.0009182736455463728,1,0.024390243902439025
Millennium Happy Chainsaw Edge,Pandemic Sudden Death,1,0.0009182736455463728,1,0.024390243902439025
Light Flat,Messenger From Zen Sekai,4,0.0036730945821854912,1,0.024390243902439025
Haru ga Kite Bokura,Silent Libre Mirage,17,0.015610651974288337,1,0.024390243902439025
Pandemic Sudden Death,kaleido proud fiesta,1,0.0009182736455463728,1,0.024390243902439025
Serenade ga Tomaranai,kaleido proud fiesta,1,0.0009182736455463728,1,0.024390243902439025
"10% roll, 10% romance",Millennium Happy Chainsaw Edge,1,0.0009182736455463728,1,0.024390243902439025
"10% roll, 10% romance",Anti-Trendy Club,1,0.0009182736455463728,1,0.024390243902439025
Millennium Happy Chainsaw Edge,Sawarenai Uta,1,0.0009182736455463728,1,0.024390243902439025
Sawarenai Uta,Silent Libre Mirage,1,0.0009182736455463728,1,0.024390243902439025
Pandemic Sudden Death,Worldwide Supergirl,4,0.0036730945821854912,1,0.024390243902439025
Kimi no Moto e,Sanpo Saki My Life,18,0.01652892561983471,1,0.024390243902439025
"Catch up, latency",Dizzy Trickster,17,0.015610651974288337,1,0.024390243902439025
Anti-Trendy Club,Own Civilization (nano‐mile met),2,0.0018365472910927456,1,0.024390243902439025
Bokutachi no Shippai,Sangatsu Monogatari,1,0.0009182736455463728,1,0.024390243902439025
"Catch up, latency",Fiction Freak Crisis,19,0.017447199265381085,1,0.024390243902439025
Sayonara Summer Time Machine,Shupurehikouru ~Sekai ga Owaru Mae ni~,2,0.0018365472910927456,1,0.024390243902439025
Mikazuki no Yoru no Mannaka,Shupurehikouru ~Sekai ga Owaru Mae ni~,2,0.0018365472910927456,1,0.024390243902439025
Kirai = Kirai,Shupurehikouru ~Sekai ga Owaru Mae ni~,2,0.0018365472910927456,1,0.024390243902439025
"Catch up, latency",Silent Libre Mirage,16,0.014692378328741965,1,0.024390243902439025
"Catch up, latency",Yoru ga Yureteiru,16,0.014692378328741965,1,0.024390243902439025
Boku wa Kimi ni Naritai,Dareka ga Wasurete iru Kamoshirenai Bokura ni Daijina 001 no Koto,4,0.0036730945821854912,1,0.024390243902439025
Own Civilization (nano‐mile met),Toushindai no Chikyu,16,0.014692378328741965,1,0.024390243902439025
Boku wa Kimi ni Naritai,Ryusei no Squall,2,0.0018365472910927456,1,0.024390243902439025
Boku wa Kimi ni Naritai,Master Volume,2,0.0018365472910927456,1,0.024390243902439025
Boku wa Kimi ni Naritai,Kirai = Kirai,2,0.0018365472910927456,1,0.024390243902439025
Own Civilization (nano‐mile met),crazy birthday,16,0.014692378328741965,1,0.024390243902439025
Atorakushon ga Hajimaru (they call it “NO.6”),Own Civilization (nano‐mile met),16,0.014692378328741965,1,0.024390243902439025
Ryusei no Squall,Snow Reverse,1,0.0009182736455463728,1,0.024390243902439025
Scarsdale,Snow Reverse,2,0.0018365472910927456,1,0.024390243902439025
Bachigai Hummingbird,Snow Reverse,2,0.0018365472910927456,1,0.024390243902439025
CAPACITY Koeru,Galileo no Showcase,20,0.018365472910927456,1,0.024390243902439025
Kimi no Moto e,Snow Reverse,1,0.0009182736455463728,1,0.024390243902439025
Linear Blue wo Kikinagara,Snow Reverse,1,0.0009182736455463728,1,0.024390243902439025
Snow Reverse,Worldwide Supergirl,2,0.0018365472910927456,1,0.024390243902439025
Another World,Ride on Time,2,0.0018365472910927456,1,0.024390243902439025
Silent Libre Mirage,Yoru ga Yureteiru,16,0.014692378328741965,1,0.024390243902439025
MIDNIGHT JUNGLE,Yoru ga Yureteiru,16,0.014692378328741965,1,0.024390243902439025
Kimi no Hitomi ni Koishi Tenai,Yoru ga Yureteiru,16,0.014692378328741965,1,0.024390243902439025
Anti-Trendy Club,Dizzy Trickster,2,0.0018365472910927456,1,0.024390243902439025
Dizzy Trickster,Sawarenai Uta,2,0.0018365472910927456,1,0.024390243902439025
Sawarenai Uta,Sekai wa Fancy,4,0.0036730945821854912,1,0.024390243902439025
Dizzy Trickster,Pandemic Sudden Death,2,0.0018365472910927456,1,0.024390243902439025
Pandemic Sudden Death,Sekai wa Fancy,4,0.0036730945821854912,1,0.024390243902439025
Dizzy Trickster,Mikansei Daisy,1,0.0009182736455463728,1,0.024390243902439025
Mikansei Daisy,Sekai wa Fancy,1,0.0009182736455463728,1,0.024390243902439025
Dizzy Trickster,Serenade ga Tomaranai,2,0.0018365472910927456,1,0.024390243902439025
Galileo no Showcase,Sekai wa Fancy,5,0.004591368227731864,1,0.024390243902439025
Chaos ga Kiwamaru,Dizzy Trickster,3,0.0027548209366391185,1,0.024390243902439025
"Majority Report (darling, I love you)",Messenger From Zen Sekai,1,0.0009182736455463728,1,0.024390243902439025
Boku wa Kimi ni Naritai,WINDOW Akeru,2,0.0018365472910927456,1,0.024390243902439025
Messenger From Zen Sekai,Serenade ga Tomaranai,1,0.0009182736455463728,1,0.024390243902439025
Messenger From Zen Sekai,Seihitsu Kanbi Akigure Jojou,1,0.0009182736455463728,1,0.024390243902439025
Chaos ga Kiwamaru,Messenger From Zen Sekai,2,0.0018365472910927456,1,0.024390243902439025
Anti-Trendy Club,Messenger From Zen Sekai,1,0.0009182736455463728,1,0.024390243902439025
23:25,Seihitsu Kanbi Akigure Jojou,1,0.0009182736455463728,1,0.024390243902439025
5-bu-go no Stardust,Messenger From Zen Sekai,4,0.0036730945821854912,1,0.024390243902439025
Seihitsu Kanbi Akigure Jojou,Yoru ga Yureteiru,16,0.014692378328741965,1,0.024390243902439025
Atorakushon ga Hajimaru (they call it “NO.6”),Yoru ga Yureteiru,16,0.014692378328741965,1,0.024390243902439025
Shupurehikouru ~Sekai ga Owaru Mae ni~,WINDOW Akeru,2,0.0018365472910927456,1,0.024390243902439025
Bokutachi no Shippai,Kimi wa Iiko,1,0.0009182736455463728,1,0.024390243902439025
Tameiki shooting the MOON,Tengoku to Jigoku,11,0.010101010101010102,1,0.024390243902439025
3 minutes replay,Shupurehikouru ~Sekai ga Owaru Mae ni~,18,0.01652892561983471,1,0.024390243902439025
Momai termination,Tameiki shooting the MOON,3,0.0027548209366391185,1,0.024390243902439025
Cross Heart 1 Gousen (Advantage In a Long Time),Tengoku to Jigoku,6,0.005509641873278237,1,0.024390243902439025
"Nigatsu, Hakuchu no Nagareboshi to Hikoukigumo",cody beats,4,0.0036730945821854912,1,0.024390243902439025
Ride on Time,over driver,2,0.0018365472910927456,1,0.024390243902439025
Kirai = Kirai,over driver,3,0.0027548209366391185,1,0.024390243902439025
Light Flat,over driver,2,0.0018365472910927456,1,0.024390243902439025
Orchestra o Mi ni Ikou,Silent Libre Mirage,16,0.014692378328741965,1,0.024390243902439025
Another World,"Yuunagi, Ensemble",8,0.0073461891643709825,1,0.024390243902439025
3 minutes replay,Sentimental Period,19,0.017447199265381085,1,0.024390243902439025
Bokura no Sono Saki,Galileo no Showcase,16,0.014692378328741965,1,0.024390243902439025
Boku wa Kimi ni Naritai,Galileo no Showcase,18,0.01652892561983471,1,0.024390243902439025
Bokura no Sono Saki,Protract Countdown,16,0.014692378328741965,1,0.024390243902439025
CAPACITY Koeru,Protract Countdown,16,0.014692378328741965,1,0.024390243902439025
Counter Identity,Worldwide Supergirl,17,0.015610651974288337,1,0.024390243902439025
Dizzy Trickster,Toushindai no Chikyu,16,0.014692378328741965,1,0.024390243902439025
Bokura no Sono Saki,Worldwide Supergirl,16,0.014692378328741965,1,0.024390243902439025
Atorakushon ga Hajimaru (they call it “NO.6”),Dizzy Trickster,16,0.014692378328741965,1,0.024390243902439025
Counter Identity,Shupurehikouru ~Sekai ga Owaru Mae ni~,17,0.015610651974288337,1,0.024390243902439025
Boku wa Kimi ni Naritai,Counter Identity,16,0.014692378328741965,1,0.024390243902439025
Dizzy Trickster,Silent Libre Mirage,16,0.014692378328741965,1,0.024390243902439025
Bokura no Sono Saki,Shupurehikouru ~Sekai ga Owaru Mae ni~,16,0.014692378328741965,1,0.024390243902439025
CAPACITY Koeru,Shupurehikouru ~Sekai ga Owaru Mae ni~,17,0.015610651974288337,1,0.024390243902439025
Snow Answer,Tengoku to Jigoku,3,0.0027548209366391185,1,0.024390243902439025
Nonfiction Compass,Tengoku to Jigoku,6,0.005509641873278237,1,0.024390243902439025
Kirai = Kirai,Mikansei Daisy,2,0.0018365472910927456,1,0.024390243902439025
Karakuri Karukare,Serenade ga Tomaranai,3,0.0027548209366391185,1,0.024390243902439025
Momai termination,like coffee no Omajinai,6,0.005509641873278237,1,0.024390243902439025
Master Volume,like coffee no Omajinai,6,0.005509641873278237,1,0.024390243902439025
Clover,Searchlight,5,0.004591368227731864,1,0.024390243902439025
Deirai Kyousou Gakudan,Searchlight,5,0.004591368227731864,1,0.024390243902439025
Master Volume,Searchlight,5,0.004591368227731864,1,0.024390243902439025
Karakuri Karukare,Kimi no Hitomi ni Koishi Tenai,6,0.005509641873278237,1,0.024390243902439025
Karakuri Karukare,Own Civilization (nano‐mile met),1,0.0009182736455463728,1,0.024390243902439025
Own Civilization (nano‐mile met),"kid, I like quartet",1,0.0009182736455463728,1,0.024390243902439025
Karakuri Karukare,Pandemic Sudden Death,4,0.0036730945821854912,1,0.024390243902439025
Karakuri Karukare,Seihitsu Kanbi Akigure Jojou,2,0.0018365472910927456,1,0.024390243902439025
Hakoniwa Rock Show,Mikansei Daisy,4,0.0036730945821854912,1,0.024390243902439025
Chaos ga Kiwamaru,Karakuri Karukare,4,0.0036730945821854912,1,0.024390243902439025
Anti-Trendy Club,Karakuri Karukare,3,0.0027548209366391185,1,0.024390243902439025
Seihitsu Kanbi Akigure Jojou,"kid, I like quartet",1,0.0009182736455463728,1,0.024390243902439025
Dizzy Trickster,"kid, I like quartet",1,0.0009182736455463728,1,0.024390243902439025
Anti-Trendy Club,"kid, I like quartet",1,0.0009182736455463728,1,0.024390243902439025
Own Civilization (nano‐mile met),Yoru ga Yureteiru,16,0.014692378328741965,1,0.024390243902439025
"Catch up, latency",Own Civilization (nano‐mile met),17,0.015610651974288337,1,0.024390243902439025
Orchestra o Mi ni Ikou,Toushindai no Chikyu,16,0.014692378328741965,1,0.024390243902439025
CAPACITY Koeru,Kirai = Kirai,3,0.0027548209366391185,1,0.024390243902439025
Clover,Ride on Time / Toshindai no Chikyu / MR. Andy / CAPACITY Koeru / Worldwide Supergirl / Coffee Cup Syndrome  / Sentimental Period  / Drum Solo / Galileo no Showcase,12,0.011019283746556474,1,0.024390243902439025
"Catch up, latency",mix juice no Iutouri,2,0.0018365472910927456,1,0.024390243902439025
Dareka ga Wasurete iru Kamoshirenai Bokura ni Daijina 001 no Koto,Ride on Time / Toshindai no Chikyu / MR. Andy / CAPACITY Koeru / Worldwide Supergirl / Coffee Cup Syndrome  / Sentimental Period  / Drum Solo / Galileo no Showcase,12,0.011019283746556474,1,0.024390243902439025
Enogu,Micro Paradiso!,11,0.010101010101010102,1,0.024390243902439025
Amari ni Shajitsutekina,Orion wo Nazoru,11,0.010101010101010102,1,0.024390243902439025
Enogu,Orion wo Nazoru,12,0.011019283746556474,1,0.024390243902439025
Orion wo Nazoru,Sorejaa Bye Bye,11,0.010101010101010102,1,0.024390243902439025
Aerial Alien,Otonoba Chukan Shiken,50,0.04591368227731864,1,0.024390243902439025
Orion wo Nazoru,Sangatsu Monogatari,11,0.010101010101010102,1,0.024390243902439025
Orion wo Nazoru,Signal ABC,15,0.013774104683195593,1,0.024390243902439025
"8-Gatsu, Hirunaka no Nagareboshi to Hikouki-Gumo",Aerial Alien,48,0.0440771349862259,1,0.024390243902439025
Orion wo Nazoru,Otona Blue,11,0.010101010101010102,1,0.024390243902439025
Mizu to Ame ni Tsuite,Orion wo Nazoru,15,0.013774104683195593,1,0.024390243902439025
Amari ni Shajitsutekina,Micro Paradiso!,11,0.010101010101010102,1,0.024390243902439025
Micro Paradiso!,Sorejaa Bye Bye,11,0.010101010101010102,1,0.024390243902439025
Sawarenai Uta,Tasogare in the Spy,26,0.023875114784205693,1,0.024390243902439025
Galileo no Showcase,Micro Paradiso!,13,0.011937557392102846,1,0.024390243902439025
Micro Paradiso!,RUNNERS HIGH REPRISE,13,0.011937557392102846,1,0.024390243902439025
Ikenai fool logic,Micro Paradiso!,11,0.010101010101010102,1,0.024390243902439025
Micro Paradiso!,Nano Size Skywalk,11,0.010101010101010102,1,0.024390243902439025
Micro Paradiso!,harmonized finale,11,0.010101010101010102,1,0.024390243902439025
Micro Paradiso!,Otona Blue,11,0.010101010101010102,1,0.024390243902439025
Micro Paradiso!,Mizu to Ame ni Tsuite,11,0.010101010101010102,1,0.024390243902439025
Amari ni Shajitsutekina,Enogu,11,0.010101010101010102,1,0.024390243902439025
Amari ni Shajitsutekina,Sorejaa Bye Bye,11,0.010101010101010102,1,0.024390243902439025
Amari ni Shajitsutekina,Galileo no Showcase,11,0.010101010101010102,1,0.024390243902439025
Micro Paradiso!,Orion wo Nazoru,11,0.010101010101010102,1,0.024390243902439025
Mizu to Ame ni Tsuite,mix juice no Iutouri,11,0.010101010101010102,1,0.024390243902439025
Otona Blue,mix juice no Iutouri,11,0.010101010101010102,1,0.024390243902439025
Aerial Alien,Friday Novels,48,0.0440771349862259,1,0.024390243902439025
mix juice no Iutouri,mouth to mouse(sent you),12,0.011019283746556474,1,0.024390243902439025
Aerial Alien,Nani ka ga Kawari So,12,0.011019283746556474,1,0.024390243902439025
Amari ni Shajitsutekina,mouth to mouse(sent you),11,0.010101010101010102,1,0.024390243902439025
Enogu,mouth to mouse(sent you),12,0.011019283746556474,1,0.024390243902439025
Sorejaa Bye Bye,mouth to mouse(sent you),11,0.010101010101010102,1,0.024390243902439025
Ikenai fool logic,mouth to mouse(sent you),12,0.011019283746556474,1,0.024390243902439025
Nano Size Skywalk,mouth to mouse(sent you),11,0.010101010101010102,1,0.024390243902439025
Aerial Alien,mix juice no Iutouri,51,0.046831955922865015,1,0.024390243902439025
Aerial Alien,"Minority Report (darling, I love you)",47,0.04315886134067952,1,0.024390243902439025
Aerial Alien,BUSTER DICE MISERY,48,0.0440771349862259,1,0.024390243902439025
harmonized finale,mouth to mouse(sent you),11,0.010101010101010102,1,0.024390243902439025
Otona Blue,mouth to mouse(sent you),11,0.010101010101010102,1,0.024390243902439025
Aerial Alien,Chandelier Waltz,49,0.04499540863177227,1,0.024390243902439025
Micro Paradiso!,mix juice no Iutouri,11,0.010101010101010102,1,0.024390243902439025
Amari ni Shajitsutekina,mix juice no Iutouri,11,0.010101010101010102,1,0.024390243902439025
Enogu,mix juice no Iutouri,11,0.010101010101010102,1,0.024390243902439025
Sorejaa Bye Bye,mix juice no Iutouri,11,0.010101010101010102,1,0.024390243902439025
Nano Size Skywalk,mix juice no Iutouri,11,0.010101010101010102,1,0.024390243902439025
Sangatsu Monogatari,mix juice no Iutouri,11,0.010101010101010102,1,0.024390243902439025
Signal ABC,mix juice no Iutouri,11,0.010101010101010102,1,0.024390243902439025
Snow Reverse,mix juice no Iutouri,11,0.010101010101010102,1,0.024390243902439025
Amari ni Shajitsutekina,RUNNERS HIGH REPRISE,11,0.010101010101010102,1,0.024390243902439025
Amari ni Shajitsutekina,Ikenai fool logic,11,0.010101010101010102,1,0.024390243902439025
Amari ni Shajitsutekina,Nano Size Skywalk,11,0.010101010101010102,1,0.024390243902439025
Sorejaa Bye Bye,harmonized finale,11,0.010101010101010102,1,0.024390243902439025
Mizu to Ame ni Tsuite,Sorejaa Bye Bye,11,0.010101010101010102,1,0.024390243902439025
Galileo no Showcase,Ikenai fool logic,11,0.010101010101010102,1,0.024390243902439025
Galileo no Showcase,Nano Size Skywalk,11,0.010101010101010102,1,0.024390243902439025
Galileo no Showcase,Signal ABC,11,0.010101010101010102,1,0.024390243902439025
Galileo no Showcase,Otona Blue,11,0.010101010101010102,1,0.024390243902439025
Ikenai fool logic,RUNNERS HIGH REPRISE,11,0.010101010101010102,1,0.024390243902439025
Nano Size Skywalk,RUNNERS HIGH REPRISE,11,0.010101010101010102,1,0.024390243902439025
RUNNERS HIGH REPRISE,Sangatsu Monogatari,11,0.010101010101010102,1,0.024390243902439025
RUNNERS HIGH REPRISE,Signal ABC,11,0.010101010101010102,1,0.024390243902439025
RUNNERS HIGH REPRISE,Snow Reverse,13,0.011937557392102846,1,0.024390243902439025
RUNNERS HIGH REPRISE,harmonized finale,11,0.010101010101010102,1,0.024390243902439025
Otona Blue,RUNNERS HIGH REPRISE,11,0.010101010101010102,1,0.024390243902439025
23:25,Mikazuki no Yoru no Mannaka,18,0.01652892561983471,1,0.024390243902439025
Ikenai fool logic,Nano Size Skywalk,11,0.010101010101010102,1,0.024390243902439025
Ikenai fool logic,Sangatsu Monogatari,11,0.010101010101010102,1,0.024390243902439025
Ikenai fool logic,Signal ABC,11,0.010101010101010102,1,0.024390243902439025
Ikenai fool logic,Snow Reverse,11,0.010101010101010102,1,0.024390243902439025
Ikenai fool logic,harmonized finale,14,0.012855831037649219,1,0.024390243902439025
Ikenai fool logic,Otona Blue,11,0.010101010101010102,1,0.024390243902439025
Ikenai fool logic,Mizu to Ame ni Tsuite,11,0.010101010101010102,1,0.024390243902439025
Nano Size Skywalk,Sangatsu Monogatari,11,0.010101010101010102,1,0.024390243902439025
Otona Blue,Sorejaa Bye Bye,11,0.010101010101010102,1,0.024390243902439025
Snow Reverse,Sorejaa Bye Bye,11,0.010101010101010102,1,0.024390243902439025
Amari ni Shajitsutekina,Sangatsu Monogatari,11,0.010101010101010102,1,0.024390243902439025
Signal ABC,Sorejaa Bye Bye,11,0.010101010101010102,1,0.024390243902439025
Amari ni Shajitsutekina,Signal ABC,11,0.010101010101010102,1,0.024390243902439025
Amari ni Shajitsutekina,Snow Reverse,11,0.010101010101010102,1,0.024390243902439025
Amari ni Shajitsutekina,harmonized finale,11,0.010101010101010102,1,0.024390243902439025
Amari ni Shajitsutekina,Otona Blue,11,0.010101010101010102,1,0.024390243902439025
Amari ni Shajitsutekina,Mizu to Ame ni Tsuite,11,0.010101010101010102,1,0.024390243902439025
Enogu,Sorejaa Bye Bye,11,0.010101010101010102,1,0.024390243902439025
Enogu,Galileo no Showcase,11,0.010101010101010102,1,0.024390243902439025
Enogu,RUNNERS HIGH REPRISE,11,0.010101010101010102,1,0.024390243902439025
Enogu,Ikenai fool logic,13,0.011937557392102846,1,0.024390243902439025
Enogu,Nano Size Skywalk,11,0.010101010101010102,1,0.024390243902439025
Enogu,Sangatsu Monogatari,11,0.010101010101010102,1,0.024390243902439025
Enogu,Signal ABC,11,0.010101010101010102,1,0.024390243902439025
Enogu,Snow Reverse,11,0.010101010101010102,1,0.024390243902439025
Enogu,harmonized finale,11,0.010101010101010102,1,0.024390243902439025
Enogu,Otona Blue,11,0.010101010101010102,1,0.024390243902439025
Enogu,Mizu to Ame ni Tsuite,11,0.010101010101010102,1,0.024390243902439025
Galileo no Showcase,Sorejaa Bye Bye,11,0.010101010101010102,1,0.024390243902439025
RUNNERS HIGH REPRISE,Sorejaa Bye Bye,11,0.010101010101010102,1,0.024390243902439025
Ikenai fool logic,Sorejaa Bye Bye,11,0.010101010101010102,1,0.024390243902439025
Nano Size Skywalk,Sorejaa Bye Bye,11,0.010101010101010102,1,0.024390243902439025
Sangatsu Monogatari,Sorejaa Bye Bye,11,0.010101010101010102,1,0.024390243902439025
Haru ga Kite Bokura,Mizu to Ame ni Tsuite,12,0.011019283746556474,1,0.024390243902439025
Haru ga Kite Bokura,Otona Blue,11,0.010101010101010102,1,0.024390243902439025
Aerial Alien,Miss. Sandy,48,0.0440771349862259,1,0.024390243902439025
Bachigai Hummingbird,Pistol Galaxy,11,0.010101010101010102,1,0.024390243902439025
Pistol Galaxy,"kid, I like quartet",11,0.010101010101010102,1,0.024390243902439025
Pistol Galaxy,Tettoutetsubi Yonayona Drive,11,0.010101010101010102,1,0.024390243902439025
Pistol Galaxy,crazy birthday,11,0.010101010101010102,1,0.024390243902439025
Pistol Galaxy,Ryusei no Squall,11,0.010101010101010102,1,0.024390243902439025
Pistol Galaxy,Toushindai no Chikyu,10,0.009182736455463728,1,0.024390243902439025
Pistol Galaxy,Sakura no Ato (all quartets lead to the?),11,0.010101010101010102,1,0.024390243902439025
Master Volume,Pistol Galaxy,11,0.010101010101010102,1,0.024390243902439025
23:25,Otonoba Chukan Shiken,21,0.01928374655647383,1,0.024390243902439025
Shupurehikouru ~Sekai ga Owaru Mae ni~,crazy birthday,11,0.010101010101010102,1,0.024390243902439025
Shupurehikouru ~Sekai ga Owaru Mae ni~,Toushindai no Chikyu,10,0.009182736455463728,1,0.024390243902439025
"8-Gatsu, Hirunaka no Nagareboshi to Hikouki-Gumo",Toushindai no Chikyu,50,0.04591368227731864,1,0.024390243902439025
"8-Gatsu, Hirunaka no Nagareboshi to Hikouki-Gumo",Drum Solo,48,0.0440771349862259,1,0.024390243902439025
Chandelier Waltz,Messenger From Zen Sekai,14,0.012855831037649219,1,0.024390243902439025
"8-Gatsu, Hirunaka no Nagareboshi to Hikouki-Gumo",Miss. Sandy,48,0.0440771349862259,1,0.024390243902439025
"8-Gatsu, Hirunaka no Nagareboshi to Hikouki-Gumo",Atorakushon ga Hajimaru (they call it “NO.6”),48,0.0440771349862259,1,0.024390243902439025
Sawarenai Uta,crazy birthday,11,0.010101010101010102,1,0.024390243902439025
"8-Gatsu, Hirunaka no Nagareboshi to Hikouki-Gumo",Nani ka ga Kawari So,13,0.011937557392102846,1,0.024390243902439025
"8-Gatsu, Hirunaka no Nagareboshi to Hikouki-Gumo",Pandemic Sudden Death,48,0.0440771349862259,1,0.024390243902439025
"8-Gatsu, Hirunaka no Nagareboshi to Hikouki-Gumo",Kimi wa Tomodachi,47,0.04315886134067952,1,0.024390243902439025
"8-Gatsu, Hirunaka no Nagareboshi to Hikouki-Gumo",Tettoutetsubi Yonayona Drive,49,0.04499540863177227,1,0.024390243902439025
"8-Gatsu, Hirunaka no Nagareboshi to Hikouki-Gumo",mix juice no Iutouri,49,0.04499540863177227,1,0.024390243902439025
Messenger From Zen Sekai,Pistol Galaxy,11,0.010101010101010102,1,0.024390243902439025
Chandelier Waltz,Pistol Galaxy,11,0.010101010101010102,1,0.024390243902439025
"8-Gatsu, Hirunaka no Nagareboshi to Hikouki-Gumo","Minority Report (darling, I love you)",47,0.04315886134067952,1,0.024390243902439025
23:25,Pistol Galaxy,11,0.010101010101010102,1,0.024390243902439025
Miss. Sandy,Otonoba Chukan Shiken,48,0.0440771349862259,1,0.024390243902439025
Ryusei no Squall,harmonized finale,13,0.011937557392102846,1,0.024390243902439025
Toushindai no Chikyu,harmonized finale,10,0.009182736455463728,1,0.024390243902439025
Linear Blue wo Kikinagara,Seku x Kara x Shisonzuuru,11,0.010101010101010102,1,0.024390243902439025
Seku x Kara x Shisonzuuru,Shupurehikouru ~Sekai ga Owaru Mae ni~,11,0.010101010101010102,1,0.024390243902439025
23:25,Seku x Kara x Shisonzuuru,11,0.010101010101010102,1,0.024390243902439025
Kimi wa Tomodachi,Otonoba Chukan Shiken,47,0.04315886134067952,1,0.024390243902439025
Bachigai Hummingbird,Seku x Kara x Shisonzuuru,11,0.010101010101010102,1,0.024390243902439025
Messenger From Zen Sekai,Seku x Kara x Shisonzuuru,11,0.010101010101010102,1,0.024390243902439025
Seku x Kara x Shisonzuuru,"kid, I like quartet",12,0.011019283746556474,1,0.024390243902439025
Otonoba Chukan Shiken,mix juice no Iutouri,52,0.047750229568411386,1,0.024390243902439025
Seku x Kara x Shisonzuuru,crazy birthday,11,0.010101010101010102,1,0.024390243902439025
Ryusei no Squall,Seku x Kara x Shisonzuuru,11,0.010101010101010102,1,0.024390243902439025
Seku x Kara x Shisonzuuru,Toushindai no Chikyu,10,0.009182736455463728,1,0.024390243902439025
Sakura no Ato (all quartets lead to the?),Seku x Kara x Shisonzuuru,12,0.011019283746556474,1,0.024390243902439025
Master Volume,Seku x Kara x Shisonzuuru,11,0.010101010101010102,1,0.024390243902439025
Linear Blue wo Kikinagara,Pistol Galaxy,12,0.011019283746556474,1,0.024390243902439025
"Minority Report (darling, I love you)",Otonoba Chukan Shiken,47,0.04315886134067952,1,0.024390243902439025
BUSTER DICE MISERY,Otonoba Chukan Shiken,51,0.046831955922865015,1,0.024390243902439025
Cheap Cheap Endroll,Otonoba Chukan Shiken,53,0.048668503213957756,1,0.024390243902439025
Pistol Galaxy,Shupurehikouru ~Sekai ga Owaru Mae ni~,11,0.010101010101010102,1,0.024390243902439025
Messenger From Zen Sekai,crazy birthday,14,0.012855831037649219,1,0.024390243902439025
"8-Gatsu, Hirunaka no Nagareboshi to Hikouki-Gumo",Bachigai Hummingbird,48,0.0440771349862259,1,0.024390243902439025
Haru ga Kite Bokura,Snow Reverse,11,0.010101010101010102,1,0.024390243902439025
Kyoufuu All Back,Micro Paradiso!,11,0.010101010101010102,1,0.024390243902439025
Enogu,Kyoufuu All Back,11,0.010101010101010102,1,0.024390243902439025
Kyoufuu All Back,Sorejaa Bye Bye,11,0.010101010101010102,1,0.024390243902439025
Galileo no Showcase,Kyoufuu All Back,11,0.010101010101010102,1,0.024390243902439025
Kyoufuu All Back,RUNNERS HIGH REPRISE,11,0.010101010101010102,1,0.024390243902439025
Ikenai fool logic,Kyoufuu All Back,11,0.010101010101010102,1,0.024390243902439025
Kyoufuu All Back,Nano Size Skywalk,11,0.010101010101010102,1,0.024390243902439025
Kyoufuu All Back,Sangatsu Monogatari,11,0.010101010101010102,1,0.024390243902439025
Kyoufuu All Back,Signal ABC,11,0.010101010101010102,1,0.024390243902439025
Kyoufuu All Back,Snow Reverse,11,0.010101010101010102,1,0.024390243902439025
Kyoufuu All Back,harmonized finale,11,0.010101010101010102,1,0.024390243902439025
Kyoufuu All Back,Otona Blue,11,0.010101010101010102,1,0.024390243902439025
Kyoufuu All Back,Mizu to Ame ni Tsuite,11,0.010101010101010102,1,0.024390243902439025
Haru ga Kite Bokura,mouth to mouse(sent you),12,0.011019283746556474,1,0.024390243902439025
Haru ga Kite Bokura,Micro Paradiso!,11,0.010101010101010102,1,0.024390243902439025
Amari ni Shajitsutekina,Haru ga Kite Bokura,11,0.010101010101010102,1,0.024390243902439025
Enogu,Haru ga Kite Bokura,11,0.010101010101010102,1,0.024390243902439025
Haru ga Kite Bokura,Sorejaa Bye Bye,11,0.010101010101010102,1,0.024390243902439025
Haru ga Kite Bokura,RUNNERS HIGH REPRISE,11,0.010101010101010102,1,0.024390243902439025
Haru ga Kite Bokura,Nano Size Skywalk,11,0.010101010101010102,1,0.024390243902439025
Haru ga Kite Bokura,Sangatsu Monogatari,11,0.010101010101010102,1,0.024390243902439025
Haru ga Kite Bokura,Signal ABC,11,0.010101010101010102,1,0.024390243902439025
Amari ni Shajitsutekina,Kyoufuu All Back,11,0.010101010101010102,1,0.024390243902439025
Kyoufuu All Back,Orion wo Nazoru,11,0.010101010101010102,1,0.024390243902439025
"8-Gatsu, Hirunaka no Nagareboshi to Hikouki-Gumo",BUSTER DICE MISERY,50,0.04591368227731864,1,0.024390243902439025
Kyoufuu All Back,mix juice no Iutouri,11,0.010101010101010102,1,0.024390243902439025
23:25,"8-Gatsu, Hirunaka no Nagareboshi to Hikouki-Gumo",20,0.018365472910927456,1,0.024390243902439025
"8-Gatsu, Hirunaka no Nagareboshi to Hikouki-Gumo",Linear Blue wo Kikinagara,21,0.01928374655647383,1,0.024390243902439025
"8-Gatsu, Hirunaka no Nagareboshi to Hikouki-Gumo",Friday Novels,49,0.04499540863177227,1,0.024390243902439025
"8-Gatsu, Hirunaka no Nagareboshi to Hikouki-Gumo",Otonoba Chukan Shiken,49,0.04499540863177227,1,0.024390243902439025
Aerial Alien,Toushindai no Chikyu,48,0.0440771349862259,1,0.024390243902439025
"I wanna believe, Yoru o Iku",Kyoufuu All Back,11,0.010101010101010102,1,0.024390243902439025
Haru ga Kite Bokura,"I wanna believe, Yoru o Iku",12,0.011019283746556474,1,0.024390243902439025
"I wanna believe, Yoru o Iku",mix juice no Iutouri,12,0.011019283746556474,1,0.024390243902439025
"I wanna believe, Yoru o Iku",Orion wo Nazoru,13,0.011937557392102846,1,0.024390243902439025
Amari ni Shajitsutekina,"I wanna believe, Yoru o Iku",11,0.010101010101010102,1,0.024390243902439025
Enogu,"I wanna believe, Yoru o Iku",11,0.010101010101010102,1,0.024390243902439025
"I wanna believe, Yoru o Iku",Sorejaa Bye Bye,11,0.010101010101010102,1,0.024390243902439025
Galileo no Showcase,"I wanna believe, Yoru o Iku",11,0.010101010101010102,1,0.024390243902439025
"I wanna believe, Yoru o Iku",RUNNERS HIGH REPRISE,11,0.010101010101010102,1,0.024390243902439025
"I wanna believe, Yoru o Iku",Ikenai fool logic,11,0.010101010101010102,1,0.024390243902439025
"I wanna believe, Yoru o Iku",Nano Size Skywalk,11,0.010101010101010102,1,0.024390243902439025
"I wanna believe, Yoru o Iku",harmonized finale,12,0.011019283746556474,1,0.024390243902439025
"I wanna believe, Yoru o Iku",Otona Blue,11,0.010101010101010102,1,0.024390243902439025
"I wanna believe, Yoru o Iku",Mizu to Ame ni Tsuite,11,0.010101010101010102,1,0.024390243902439025
Haru ga Kite Bokura,Kyoufuu All Back,11,0.010101010101010102,1,0.024390243902439025
Kyoufuu All Back,mouth to mouse(sent you),11,0.010101010101010102,1,0.024390243902439025
Nano Size Skywalk,Signal ABC,11,0.010101010101010102,1,0.024390243902439025
Nano Size Skywalk,Snow Reverse,11,0.010101010101010102,1,0.024390243902439025
Nano Size Skywalk,Otona Blue,11,0.010101010101010102,1,0.024390243902439025
Aerial Alien,Galileo no Showcase,4,0.0036730945821854912,1,0.024390243902439025
Aerial Alien,RUNNERS HIGH REPRISE,1,0.0009182736455463728,1,0.024390243902439025
Serenade ga Tomaranai,Tengoku to Jigoku,8,0.0073461891643709825,1,0.024390243902439025
Aerial Alien,Serenade ga Tomaranai,2,0.0018365472910927456,1,0.024390243902439025
Aerial Alien,Sawarenai Uta,2,0.0018365472910927456,1,0.024390243902439025
Nihil Pip Viper,Shoegazer Speaker,22,0.020202020202020204,1,0.024390243902439025
Shoegazer Speaker,Space Shuttle Lullaby,22,0.020202020202020204,1,0.024390243902439025
Sugar Song to Bitter Step,to the CIDER ROAD,30,0.027548209366391185,1,0.024390243902439025
Pandemic Sudden Death,harmonized finale,3,0.0027548209366391185,1,0.024390243902439025
Drum Solo,Nihil Pip Viper,22,0.020202020202020204,1,0.024390243902439025
Drum Solo,Space Shuttle Lullaby,22,0.020202020202020204,1,0.024390243902439025
"Majority Report (darling, I love you)",Sawarenai Uta,2,0.0018365472910927456,1,0.024390243902439025
"Majority Report (darling, I love you)",Mikansei Daisy,1,0.0009182736455463728,1,0.024390243902439025
"Majority Report (darling, I love you)",Serenade ga Tomaranai,3,0.0027548209366391185,1,0.024390243902439025
Instrumental Jam,Space Shuttle Lullaby,22,0.020202020202020204,1,0.024390243902439025
Chaos ga Kiwamaru,"Majority Report (darling, I love you)",2,0.0018365472910927456,1,0.024390243902439025
Anti-Trendy Club,"Majority Report (darling, I love you)",2,0.0018365472910927456,1,0.024390243902439025
Anti-Trendy Club,Linear Blue wo Kikinagara,6,0.005509641873278237,1,0.024390243902439025
Aerial Alien,Mikansei Daisy,1,0.0009182736455463728,1,0.024390243902439025
Mikansei Daisy,Pandemic Sudden Death,3,0.0027548209366391185,1,0.024390243902439025
Mikansei Daisy,Serenade ga Tomaranai,5,0.004591368227731864,1,0.024390243902439025
Atorakushon ga Hajimaru (they call it “NO.6”),Mikansei Daisy,2,0.0018365472910927456,1,0.024390243902439025
Aerial Alien,Seihitsu Kanbi Akigure Jojou,3,0.0027548209366391185,1,0.024390243902439025
Aerial Alien,Chaos ga Kiwamaru,2,0.0018365472910927456,1,0.024390243902439025
Chaos ga Kiwamaru,Mikansei Daisy,4,0.0036730945821854912,1,0.024390243902439025
Aerial Alien,Anti-Trendy Club,2,0.0018365472910927456,1,0.024390243902439025
Serenade ga Tomaranai,Shoegazer Speaker,1,0.0009182736455463728,1,0.024390243902439025
Sakura no Ato (all quartets lead to the?),Serenade ga Tomaranai,16,0.014692378328741965,1,0.024390243902439025
Anti-Trendy Club,Serenade ga Tomaranai,12,0.011019283746556474,1,0.024390243902439025
Cheap Cheap Endroll,Serenade ga Tomaranai,2,0.0018365472910927456,1,0.024390243902439025
Chaos ga Kiwamaru,Serenade ga Tomaranai,12,0.011019283746556474,1,0.024390243902439025
Seihitsu Kanbi Akigure Jojou,Serenade ga Tomaranai,8,0.0073461891643709825,1,0.024390243902439025
RUNNERS HIGH REPRISE,Serenade ga Tomaranai,1,0.0009182736455463728,1,0.024390243902439025
Atorakushon ga Hajimaru (they call it “NO.6”),Serenade ga Tomaranai,7,0.006427915518824609,1,0.024390243902439025
Anti-Trendy Club,Bachigai Hummingbird,4,0.0036730945821854912,1,0.024390243902439025
Bachigai Hummingbird,Chaos ga Kiwamaru,16,0.014692378328741965,1,0.024390243902439025
Anti-Trendy Club,Pandemic Sudden Death,12,0.011019283746556474,1,0.024390243902439025
Chaos ga Kiwamaru,Pandemic Sudden Death,13,0.011937557392102846,1,0.024390243902439025
Pandemic Sudden Death,Seihitsu Kanbi Akigure Jojou,8,0.0073461891643709825,1,0.024390243902439025
Pandemic Sudden Death,Serenade ga Tomaranai,14,0.012855831037649219,1,0.024390243902439025
Anti-Trendy Club,Sawarenai Uta,11,0.010101010101010102,1,0.024390243902439025
Chaos ga Kiwamaru,Sawarenai Uta,12,0.011019283746556474,1,0.024390243902439025
Sawarenai Uta,Seihitsu Kanbi Akigure Jojou,8,0.0073461891643709825,1,0.024390243902439025
Sawarenai Uta,Serenade ga Tomaranai,12,0.011019283746556474,1,0.024390243902439025
Aerial Alien,Shoegazer Speaker,2,0.0018365472910927456,1,0.024390243902439025
Mekator Jikuu Tankentai,Sugar Song to Bitter Step,27,0.024793388429752067,1,0.024390243902439025
Mekator Jikuu Tankentai,Pandemic Sudden Death,26,0.023875114784205693,1,0.024390243902439025
Chaos ga Kiwamaru,Drum Solo,23,0.021120293847566574,1,0.024390243902439025
Anti-Trendy Club,Mikansei Daisy,2,0.0018365472910927456,1,0.024390243902439025
Atorakushon ga Hajimaru (they call it “NO.6”),Shoegazer Speaker,1,0.0009182736455463728,1,0.024390243902439025
Anti-Trendy Club,Nihil Pip Viper,22,0.020202020202020204,1,0.024390243902439025
Coffee Cup Syndrome,Tettoutetsubi Yonayona Drive,26,0.023875114784205693,1,0.024390243902439025
Ryusei no Squall,cody beats,4,0.0036730945821854912,1,0.024390243902439025
Airabuniju,Coffee Cup Syndrome,14,0.012855831037649219,1,0.024390243902439025
Coffee Cup Syndrome,Toushindai no Chikyu,9,0.008264462809917356,1,0.024390243902439025
Anti-Trendy Club,Drum Solo,22,0.020202020202020204,1,0.024390243902439025
Airabuniju,Mikansei Daisy,8,0.0073461891643709825,1,0.024390243902439025
Mikansei Daisy,Ryusei no Squall,2,0.0018365472910927456,1,0.024390243902439025
Mikansei Daisy,Toushindai no Chikyu,3,0.0027548209366391185,1,0.024390243902439025
Mikansei Daisy,to the CIDER ROAD,2,0.0018365472910927456,1,0.024390243902439025
23:25,Serenade ga Tomaranai,6,0.005509641873278237,1,0.024390243902439025
Airabuniju,Ryusei no Squall,3,0.0027548209366391185,1,0.024390243902439025
Anti-Trendy Club,Instrumental Jam,22,0.020202020202020204,1,0.024390243902439025
Toushindai no Chikyu,to the CIDER ROAD,2,0.0018365472910927456,1,0.024390243902439025
Phantom Joke,Shoegazer Speaker,24,0.02203856749311295,1,0.024390243902439025
Orion wo Nazoru,Program continued,29,0.02662993572084481,1,0.024390243902439025
Galileo no Showcase,Tasogare in the Spy,25,0.02295684113865932,1,0.024390243902439025
Otonoba Chukan Shiken,Tasogare in the Spy,27,0.024793388429752067,1,0.024390243902439025
Coffee Cup Syndrome,Tasogare in the Spy,25,0.02295684113865932,1,0.024390243902439025
Tasogare in the Spy,"Yuunagi, Ensemble",25,0.02295684113865932,1,0.024390243902439025
Drum Solo,Phantom Joke,24,0.02203856749311295,1,0.024390243902439025
Kimi no Moto e,Tasogare in the Spy,25,0.02295684113865932,1,0.024390243902439025
Tettoutetsubi Yonayona Drive,cody beats,7,0.006427915518824609,1,0.024390243902439025
Drum Solo,Scarsdale,19,0.017447199265381085,1,0.024390243902439025
Mikansei Daisy,Sugar Song to Bitter Step,7,0.006427915518824609,1,0.024390243902439025
Miss. Sandy,Scarsdale,19,0.017447199265381085,1,0.024390243902439025
Sentimental Period,"Yuunagi, Ensemble",30,0.027548209366391185,1,0.024390243902439025
Light Flat,"Yuunagi, Ensemble",22,0.020202020202020204,1,0.024390243902439025
Nihil Pip Viper,Seihitsu Kanbi Akigure Jojou,22,0.020202020202020204,1,0.024390243902439025
Light Flat,Sayonara Dai Kyu Wakusei,31,0.028466483011937556,1,0.024390243902439025
Seihitsu Kanbi Akigure Jojou,Space Shuttle Lullaby,22,0.020202020202020204,1,0.024390243902439025
Sayonara Dai Kyu Wakusei,"Yuunagi, Ensemble",14,0.012855831037649219,1,0.024390243902439025
Airabuniju,Linear Blue wo Kikinagara,2,0.0018365472910927456,1,0.024390243902439025
"Majority Report (darling, I love you)",Orion wo Nazoru,26,0.023875114784205693,1,0.024390243902439025
Aerial Alien,Orion wo Nazoru,26,0.023875114784205693,1,0.024390243902439025
"8-Gatsu, Hirunaka no Nagareboshi to Hikouki-Gumo",Orion wo Nazoru,28,0.025711662075298437,1,0.024390243902439025
Shoegazer Speaker,kaleido proud fiesta,22,0.020202020202020204,1,0.024390243902439025
Drum Solo,kaleido proud fiesta,23,0.021120293847566574,1,0.024390243902439025
"Majority Report (darling, I love you)",Scarsdale,19,0.017447199265381085,1,0.024390243902439025
Aerial Alien,Scarsdale,19,0.017447199265381085,1,0.024390243902439025
"8-Gatsu, Hirunaka no Nagareboshi to Hikouki-Gumo",Scarsdale,19,0.017447199265381085,1,0.024390243902439025
Otonoba Chukan Shiken,Scarsdale,22,0.020202020202020204,1,0.024390243902439025
Friday Novels,Scarsdale,19,0.017447199265381085,1,0.024390243902439025
"Minority Report (darling, I love you)",Scarsdale,19,0.017447199265381085,1,0.024390243902439025
Kimi wa Tomodachi,Scarsdale,19,0.017447199265381085,1,0.024390243902439025
Pandemic Sudden Death,Scarsdale,19,0.017447199265381085,1,0.024390243902439025
Atorakushon ga Hajimaru (they call it “NO.6”),Scarsdale,19,0.017447199265381085,1,0.024390243902439025
Anti-Trendy Club,Atorakushon ga Hajimaru (they call it “NO.6”),6,0.005509641873278237,1,0.024390243902439025
RUNNERS HIGH REPRISE,Seihitsu Kanbi Akigure Jojou,1,0.0009182736455463728,1,0.024390243902439025
Mizu to Ame ni Tsuite,Nano Size Skywalk,11,0.010101010101010102,1,0.024390243902439025
23:25,5-bu-go no Stardust,7,0.006427915518824609,1,0.024390243902439025
Toushindai no Chikyu,over driver,1,0.0009182736455463728,1,0.024390243902439025
5-bu-go no Stardust,Scarsdale,2,0.0018365472910927456,1,0.024390243902439025
Kirai = Kirai,cody beats,16,0.014692378328741965,1,0.024390243902439025
Bachigai Hummingbird,kaleido proud fiesta,31,0.028466483011937556,1,0.024390243902439025
BUSTER DICE MISERY,Sugar Song to Bitter Step,63,0.05785123966942149,1,0.024390243902439025
BUSTER DICE MISERY,Bachigai Hummingbird,53,0.048668503213957756,1,0.024390243902439025
Own Civilization (nano‐mile met),Tengoku to Jigoku,2,0.0018365472910927456,1,0.024390243902439025
Sayonara Summer Time Machine,Why I'm Me,10,0.009182736455463728,1,0.024390243902439025
Sayonara Summer Time Machine,Sugar Song to Bitter Step,11,0.010101010101010102,1,0.024390243902439025
Nani ka ga Kawari So,Sayonara Summer Time Machine,14,0.012855831037649219,1,0.024390243902439025
Pandemic Sudden Death,Sayonara Summer Time Machine,10,0.009182736455463728,1,0.024390243902439025
1/6 no Yume Tabibito 2002,Sayonara Summer Time Machine,10,0.009182736455463728,1,0.024390243902439025
Sayonara Summer Time Machine,Yoru ga Yureteiru,10,0.009182736455463728,1,0.024390243902439025
Ride on Time,Sakura no Ato (all quartets lead to the?),21,0.01928374655647383,1,0.024390243902439025
Otonoba Chukan Shiken,Sayonara Summer Time Machine,11,0.010101010101010102,1,0.024390243902439025
Hanabi,Sayonara Summer Time Machine,10,0.009182736455463728,1,0.024390243902439025
Instrumental Jam,Pandemic Sudden Death,5,0.004591368227731864,1,0.024390243902439025
Sayonara Summer Time Machine,Siren in the Spy,15,0.013774104683195593,1,0.024390243902439025
Pandemic Sudden Death,Ride on Time,4,0.0036730945821854912,1,0.024390243902439025
Cheap Cheap Endroll,Sekai wa Fancy,28,0.025711662075298437,1,0.024390243902439025
Nani ka ga Kawari So,Why I'm Me,10,0.009182736455463728,1,0.024390243902439025
Kirai = Kirai,Scarsdale,21,0.01928374655647383,1,0.024390243902439025
Hakoniwa Rock Show,over driver,4,0.0036730945821854912,1,0.024390243902439025
Sakura no Ato (all quartets lead to the?),Sekai wa Fancy,11,0.010101010101010102,1,0.024390243902439025
5-bu-go no Stardust,Kirai = Kirai,2,0.0018365472910927456,1,0.024390243902439025
Otona Blue,Sangatsu Monogatari,11,0.010101010101010102,1,0.024390243902439025
Mizu to Ame ni Tsuite,Sangatsu Monogatari,11,0.010101010101010102,1,0.024390243902439025
Signal ABC,harmonized finale,11,0.010101010101010102,1,0.024390243902439025
Otona Blue,Signal ABC,11,0.010101010101010102,1,0.024390243902439025
Mizu to Ame ni Tsuite,Signal ABC,11,0.010101010101010102,1,0.024390243902439025
Snow Reverse,harmonized finale,11,0.010101010101010102,1,0.024390243902439025
Otona Blue,Snow Reverse,11,0.010101010101010102,1,0.024390243902439025
"Majority Report (darling, I love you)",Miss. Sandy,48,0.0440771349862259,1,0.024390243902439025
Otona Blue,harmonized finale,11,0.010101010101010102,1,0.024390243902439025
Mizu to Ame ni Tsuite,harmonized finale,12,0.011019283746556474,1,0.024390243902439025
Mizu to Ame ni Tsuite,Otona Blue,11,0.010101010101010102,1,0.024390243902439025
"Majority Report (darling, I love you)",Nani ka ga Kawari So,13,0.011937557392102846,1,0.024390243902439025
"Majority Report (darling, I love you)",mix juice no Iutouri,48,0.0440771349862259,1,0.024390243902439025
BUSTER DICE MISERY,"Majority Report (darling, I love you)",49,0.04499540863177227,1,0.024390243902439025
Counter Identity,over driver,5,0.004591368227731864,1,0.024390243902439025
Cheap Cheap Endroll,"Majority Report (darling, I love you)",48,0.0440771349862259,1,0.024390243902439025
Chandelier Waltz,"Majority Report (darling, I love you)",50,0.04591368227731864,1,0.024390243902439025
Clover,over driver,5,0.004591368227731864,1,0.024390243902439025
Friday Novels,"Majority Report (darling, I love you)",48,0.0440771349862259,1,0.024390243902439025
"Majority Report (darling, I love you)",Otonoba Chukan Shiken,49,0.04499540863177227,1,0.024390243902439025
"8-Gatsu, Hirunaka no Nagareboshi to Hikouki-Gumo","Majority Report (darling, I love you)",48,0.0440771349862259,1,0.024390243902439025
Pandemic Sudden Death,Why I'm Me,10,0.009182736455463728,1,0.024390243902439025
Scarsdale,Sekai wa Fancy,21,0.01928374655647383,1,0.024390243902439025
Chaos ga Kiwamaru,RUNNERS HIGH REPRISE,1,0.0009182736455463728,1,0.024390243902439025
Sayonara Dai Kyu Wakusei,Sora no Tobikata,9,0.008264462809917356,1,0.024390243902439025
Seku x Kara x Shisonzuuru,Yoru ga Yureteiru,10,0.009182736455463728,1,0.024390243902439025
Mizu to Ame ni Tsuite,Ryusei Kouro,13,0.011937557392102846,1,0.024390243902439025
Ryusei Kouro,Sayonara Dai Kyu Wakusei,16,0.014692378328741965,1,0.024390243902439025
Another World,Ryusei Kouro,10,0.009182736455463728,1,0.024390243902439025
Hakoniwa Rock Show,Ryusei Kouro,17,0.015610651974288337,1,0.024390243902439025
Otonoba Chukan Shiken,Seku x Kara x Shisonzuuru,11,0.010101010101010102,1,0.024390243902439025
Ryusei Kouro,Searchlight,8,0.0073461891643709825,1,0.024390243902439025
Ryusei Kouro,Sora no Tobikata,6,0.005509641873278237,1,0.024390243902439025
Searchlight,Sentimental Period,21,0.01928374655647383,1,0.024390243902439025
Hanabi,Seku x Kara x Shisonzuuru,10,0.009182736455463728,1,0.024390243902439025
Ryusei Kouro,Sentimental Period,18,0.01652892561983471,1,0.024390243902439025
Anti-Trendy Club,Sakura no Ato (all quartets lead to the?),10,0.009182736455463728,1,0.024390243902439025
Cheap Cheap Endroll,Shoegazer Speaker,2,0.0018365472910927456,1,0.024390243902439025
Seku x Kara x Shisonzuuru,Siren in the Spy,11,0.010101010101010102,1,0.024390243902439025
Cheap Cheap Endroll,Instrumental Jam,13,0.011937557392102846,1,0.024390243902439025
Anti-Trendy Club,Cheap Cheap Endroll,1,0.0009182736455463728,1,0.024390243902439025
Sugar Song to Bitter Step,Tasogare in the Spy,29,0.02662993572084481,1,0.024390243902439025
Slow Curve wa Utenai (that made me crazy),Tengoku to Jigoku,26,0.023875114784205693,1,0.024390243902439025
Phantom Joke,Tengoku to Jigoku,29,0.02662993572084481,1,0.024390243902439025
Anti-Trendy Club,RUNNERS HIGH REPRISE,1,0.0009182736455463728,1,0.024390243902439025
Cheap Cheap Endroll,RUNNERS HIGH REPRISE,1,0.0009182736455463728,1,0.024390243902439025
Another World,Sora no Tobikata,5,0.004591368227731864,1,0.024390243902439025
1/6 no Yume Tabibito 2002,Seku x Kara x Shisonzuuru,10,0.009182736455463728,1,0.024390243902439025
Kimi no Hitomi ni Koishi Tenai,Scarsdale,6,0.005509641873278237,1,0.024390243902439025
Mizu to Ame ni Tsuite,Searchlight,9,0.008264462809917356,1,0.024390243902439025
Seku x Kara x Shisonzuuru,Why I'm Me,10,0.009182736455463728,1,0.024390243902439025
Orion wo Nazoru,Sekai wa Fancy,43,0.03948576675849403,1,0.024390243902439025
MR. Andy,Tengoku to Jigoku,16,0.014692378328741965,1,0.024390243902439025
Seku x Kara x Shisonzuuru,Sugar Song to Bitter Step,12,0.011019283746556474,1,0.024390243902439025
Love Song wa Totsuzen ni? ~What is the name of that mystery??~,Nani ka ga Kawari So,10,0.009182736455463728,1,0.024390243902439025
1/6 no Yume Tabibito 2002,Nani ka ga Kawari So,10,0.009182736455463728,1,0.024390243902439025
Nani ka ga Kawari So,Yoru ga Yureteiru,10,0.009182736455463728,1,0.024390243902439025
Boku wa Kimi ni Naritai,Nani ka ga Kawari So,10,0.009182736455463728,1,0.024390243902439025
Nani ka ga Kawari So,Signal ABC,14,0.012855831037649219,1,0.024390243902439025
Hanabi,Nani ka ga Kawari So,10,0.009182736455463728,1,0.024390243902439025
Nani ka ga Kawari So,Seku x Kara x Shisonzuuru,10,0.009182736455463728,1,0.024390243902439025
Love Song wa Totsuzen ni? ~What is the name of that mystery??~,Pandemic Sudden Death,10,0.009182736455463728,1,0.024390243902439025
1/6 no Yume Tabibito 2002,Pandemic Sudden Death,10,0.009182736455463728,1,0.024390243902439025
Pandemic Sudden Death,Yoru ga Yureteiru,10,0.009182736455463728,1,0.024390243902439025
Boku wa Kimi ni Naritai,Pandemic Sudden Death,10,0.009182736455463728,1,0.024390243902439025
Pandemic Sudden Death,Signal ABC,10,0.009182736455463728,1,0.024390243902439025
Hanabi,Pandemic Sudden Death,10,0.009182736455463728,1,0.024390243902439025
Full Color Program,Pandemic Sudden Death,13,0.011937557392102846,1,0.024390243902439025
Pandemic Sudden Death,Siren in the Spy,11,0.010101010101010102,1,0.024390243902439025
Pandemic Sudden Death,Seku x Kara x Shisonzuuru,10,0.009182736455463728,1,0.024390243902439025
Another World,Sayonara Dai Kyu Wakusei,16,0.014692378328741965,1,0.024390243902439025
Otonoba Chukan Shiken,Toushindai no Chikyu,48,0.0440771349862259,1,0.024390243902439025
Messenger From Zen Sekai,harmonized finale,11,0.010101010101010102,1,0.024390243902439025
Friday Novels,Linear Blue wo Kikinagara,21,0.01928374655647383,1,0.024390243902439025
Chaos ga Kiwamaru,Nagareboshi wo Uchi Otose,15,0.013774104683195593,1,0.024390243902439025
Fiction Freak Crisis,Nagareboshi wo Uchi Otose,13,0.011937557392102846,1,0.024390243902439025
Nagareboshi wo Uchi Otose,Sugar Song to Bitter Step,22,0.020202020202020204,1,0.024390243902439025
Kimi wa Iiko,Signal ABC,6,0.005509641873278237,1,0.024390243902439025
Chaos ga Kiwamaru,Full Color Program,23,0.021120293847566574,1,0.024390243902439025
Hakoniwa Rock Show,Hatch I need,12,0.011019283746556474,1,0.024390243902439025
Chandelier Waltz,Hatch I need,13,0.011937557392102846,1,0.024390243902439025
"10% roll, 10% romance",Hatch I need,12,0.011019283746556474,1,0.024390243902439025
Hatch I need,Sanpo Saki My Life,13,0.011937557392102846,1,0.024390243902439025
Hatch I need,cody beats,12,0.011019283746556474,1,0.024390243902439025
Chaos ga Kiwamaru,Hatch I need,20,0.018365472910927456,1,0.024390243902439025
5-bu-go no Stardust,Hatch I need,12,0.011019283746556474,1,0.024390243902439025
Fiction Freak Crisis,Hatch I need,13,0.011937557392102846,1,0.024390243902439025
Nonfiction Compass,sangatsu monogatari,6,0.005509641873278237,1,0.024390243902439025
Kimi wa Iiko,Nonfiction Compass,6,0.005509641873278237,1,0.024390243902439025
Hakoniwa Rock Show,Kimi no Hitomi ni Koishi Tenai,15,0.013774104683195593,1,0.024390243902439025
Chaos ga Kiwamaru,Hakoniwa Rock Show,13,0.011937557392102846,1,0.024390243902439025
Fiction Freak Crisis,Hakoniwa Rock Show,13,0.011937557392102846,1,0.024390243902439025
Chandelier Waltz,Fiction Freak Crisis,16,0.014692378328741965,1,0.024390243902439025
Cheap Cheap Endroll,cody beats,12,0.011019283746556474,1,0.024390243902439025
"10% roll, 10% romance",cody beats,13,0.011937557392102846,1,0.024390243902439025
Snow Loop,sangatsu monogatari,6,0.005509641873278237,1,0.024390243902439025
5-bu-go no Stardust,Nagareboshi wo Uchi Otose,12,0.011019283746556474,1,0.024390243902439025
Kimi no Hitomi ni Koishi Tenai,Nagareboshi wo Uchi Otose,16,0.014692378328741965,1,0.024390243902439025
Fiction Freak Crisis,kaleido proud fiesta,14,0.012855831037649219,1,0.024390243902439025
Nagareboshi wo Uchi Otose,cody beats,12,0.011019283746556474,1,0.024390243902439025
"10% roll, 10% romance",Houkago Marriage,12,0.011019283746556474,1,0.024390243902439025
Houkago Marriage,Sanpo Saki My Life,12,0.011019283746556474,1,0.024390243902439025
Houkago Marriage,cody beats,12,0.011019283746556474,1,0.024390243902439025
5-bu-go no Stardust,Houkago Marriage,12,0.011019283746556474,1,0.024390243902439025
Fiction Freak Crisis,Houkago Marriage,12,0.011019283746556474,1,0.024390243902439025
Houkago Marriage,Sakura no Ato (all quartets lead to the?),12,0.011019283746556474,1,0.024390243902439025
Nagareboshi wo Uchi Otose,Slow Curve wa Utenai (that made me crazy),12,0.011019283746556474,1,0.024390243902439025
Full Color Program,Slow Curve wa Utenai (that made me crazy),14,0.012855831037649219,1,0.024390243902439025
Hakoniwa Rock Show,Slow Curve wa Utenai (that made me crazy),12,0.011019283746556474,1,0.024390243902439025
Chandelier Waltz,Slow Curve wa Utenai (that made me crazy),13,0.011937557392102846,1,0.024390243902439025
Cheap Cheap Endroll,Slow Curve wa Utenai (that made me crazy),12,0.011019283746556474,1,0.024390243902439025
Slow Curve wa Utenai (that made me crazy),kaleido proud fiesta,16,0.014692378328741965,1,0.024390243902439025
Sanpo Saki My Life,Slow Curve wa Utenai (that made me crazy),13,0.011937557392102846,1,0.024390243902439025
Slow Curve wa Utenai (that made me crazy),cody beats,12,0.011019283746556474,1,0.024390243902439025
5-bu-go no Stardust,Slow Curve wa Utenai (that made me crazy),12,0.011019283746556474,1,0.024390243902439025
Hatch I need,Nagareboshi wo Uchi Otose,15,0.013774104683195593,1,0.024390243902439025
Signal ABC,sangatsu monogatari,6,0.005509641873278237,1,0.024390243902439025
Cheap Cheap Endroll,Nagareboshi wo Uchi Otose,12,0.011019283746556474,1,0.024390243902439025
"10% roll, 10% romance",Nagareboshi wo Uchi Otose,14,0.012855831037649219,1,0.024390243902439025
Nagareboshi wo Uchi Otose,kaleido proud fiesta,13,0.011937557392102846,1,0.024390243902439025
Nagareboshi wo Uchi Otose,Sanpo Saki My Life,12,0.011019283746556474,1,0.024390243902439025
cody beats,kaleido proud fiesta,12,0.011019283746556474,1,0.024390243902439025
Kimi no Hitomi ni Koishi Tenai,Sanpo Saki My Life,15,0.013774104683195593,1,0.024390243902439025
Hakoniwa Rock Show,Houkago Marriage,12,0.011019283746556474,1,0.024390243902439025
MIDNIGHT JUNGLE,Miss. Sandy,10,0.009182736455463728,1,0.024390243902439025
Love Song wa Totsuzen ni? ~What is the name of that mystery??~,sangatsu monogatari,6,0.005509641873278237,1,0.024390243902439025
Kimi wa Iiko,Love Song wa Totsuzen ni? ~What is the name of that mystery??~,8,0.0073461891643709825,1,0.024390243902439025
5-bu-go no Stardust,UNO Story,4,0.0036730945821854912,1,0.024390243902439025
UNO Story,flat song,2,0.0018365472910927456,1,0.024390243902439025
Koko de Atta ga Kemonomichi,UNO Story,4,0.0036730945821854912,1,0.024390243902439025
Santa Claus wa Juutai-chuu,UNO Story,4,0.0036730945821854912,1,0.024390243902439025
Drum Solo,Yoru ga Yureteiru,7,0.006427915518824609,1,0.024390243902439025
Mikazuki no Yoru no Mannaka,UNO Story,2,0.0018365472910927456,1,0.024390243902439025
UNO Story,over driver,4,0.0036730945821854912,1,0.024390243902439025
UNO Story,sangatsu monogatari,1,0.0009182736455463728,1,0.024390243902439025
Sawarenai Uta,UNO Story,2,0.0018365472910927456,1,0.024390243902439025
Little Time Stop,UNO Story,2,0.0018365472910927456,1,0.024390243902439025
"I wanna believe, Yoru o Iku",UNO Story,2,0.0018365472910927456,1,0.024390243902439025
Kimi wa Iiko,UNO Story,3,0.0027548209366391185,1,0.024390243902439025
Pistol Galaxy,UNO Story,2,0.0018365472910927456,1,0.024390243902439025
Seku x Kara x Shisonzuuru,UNO Story,4,0.0036730945821854912,1,0.024390243902439025
Gyakuten Sayonara,UNO Story,2,0.0018365472910927456,1,0.024390243902439025
Micro Paradiso!,UNO Story,4,0.0036730945821854912,1,0.024390243902439025
Nonfiction Compass,UNO Story,2,0.0018365472910927456,1,0.024390243902439025
Snow Loop,UNO Story,2,0.0018365472910927456,1,0.024390243902439025
Radial Night Chaser,UNO Story,4,0.0036730945821854912,1,0.024390243902439025
Kimi wa Iiko,Radial Night Chaser,8,0.0073461891643709825,1,0.024390243902439025
MIDNIGHT JUNGLE,Pandemic Sudden Death,10,0.009182736455463728,1,0.024390243902439025
Chaos ga Kiwamaru,Sanpo Saki My Life,14,0.012855831037649219,1,0.024390243902439025
Kimi wa Tomodachi,MIDNIGHT JUNGLE,10,0.009182736455463728,1,0.024390243902439025
Fiction Freak Crisis,Sanpo Saki My Life,12,0.011019283746556474,1,0.024390243902439025
Sakura no Ato (all quartets lead to the?),Sanpo Saki My Life,22,0.020202020202020204,1,0.024390243902439025
Kimi wa Iiko,Snow Loop,6,0.005509641873278237,1,0.024390243902439025
Kimi no Hitomi ni Koishi Tenai,cody beats,14,0.012855831037649219,1,0.024390243902439025
Chaos ga Kiwamaru,cody beats,12,0.011019283746556474,1,0.024390243902439025
Fiction Freak Crisis,cody beats,12,0.011019283746556474,1,0.024390243902439025
5-bu-go no Stardust,Kimi no Hitomi ni Koishi Tenai,12,0.011019283746556474,1,0.024390243902439025
5-bu-go no Stardust,Chaos ga Kiwamaru,12,0.011019283746556474,1,0.024390243902439025
5-bu-go no Stardust,Fiction Freak Crisis,12,0.011019283746556474,1,0.024390243902439025
5-bu-go no Stardust,Sakura no Ato (all quartets lead to the?),13,0.011937557392102846,1,0.024390243902439025
Coffee Cup Syndrome,Sanpo Saki My Life,9,0.008264462809917356,1,0.024390243902439025
Clover,Coffee Cup Syndrome,8,0.0073461891643709825,1,0.024390243902439025
Coffee Cup Syndrome,"Nigatsu, Hakuchu no Nagareboshi to Hikoukigumo",4,0.0036730945821854912,1,0.024390243902439025
MIDNIGHT JUNGLE,"Majority Report (darling, I love you)",10,0.009182736455463728,1,0.024390243902439025
Aerial Alien,MIDNIGHT JUNGLE,12,0.011019283746556474,1,0.024390243902439025
"8-Gatsu, Hirunaka no Nagareboshi to Hikouki-Gumo",MIDNIGHT JUNGLE,10,0.009182736455463728,1,0.024390243902439025
MIDNIGHT JUNGLE,Otonoba Chukan Shiken,11,0.010101010101010102,1,0.024390243902439025
Friday Novels,MIDNIGHT JUNGLE,11,0.010101010101010102,1,0.024390243902439025
Linear Blue wo Kikinagara,MIDNIGHT JUNGLE,7,0.006427915518824609,1,0.024390243902439025
Chandelier Waltz,MIDNIGHT JUNGLE,10,0.009182736455463728,1,0.024390243902439025
Radial Night Chaser,sangatsu monogatari,6,0.005509641873278237,1,0.024390243902439025
Cheap Cheap Endroll,Houkago Marriage,12,0.011019283746556474,1,0.024390243902439025
Hatch I need,Houkago Marriage,12,0.011019283746556474,1,0.024390243902439025
Cheap Cheap Endroll,Deirai Kyousou Gakudan,25,0.02295684113865932,1,0.024390243902439025
Pistol Galaxy,sangatsu monogatari,6,0.005509641873278237,1,0.024390243902439025
Natsukage Tail Light,Tettoutetsubi Yonayona Drive,17,0.015610651974288337,1,0.024390243902439025
Kimi wa Tomodachi,Natsukage Tail Light,17,0.015610651974288337,1,0.024390243902439025
Clover,Natsukage Tail Light,18,0.01652892561983471,1,0.024390243902439025
Dareka ga Wasurete iru Kamoshirenai Bokura ni Daijina 001 no Koto,Natsukage Tail Light,17,0.015610651974288337,1,0.024390243902439025
Natsukage Tail Light,Serenade ga Tomaranai,17,0.015610651974288337,1,0.024390243902439025
Seku x Kara x Shisonzuuru,sangatsu monogatari,6,0.005509641873278237,1,0.024390243902439025
Fiction Freak Crisis,Natsukage Tail Light,18,0.01652892561983471,1,0.024390243902439025
Natsukage Tail Light,harmonized finale,17,0.015610651974288337,1,0.024390243902439025
Full Color Program,Natsukage Tail Light,18,0.01652892561983471,1,0.024390243902439025
Clover,Kimi wa Tomodachi,17,0.015610651974288337,1,0.024390243902439025
Dareka ga Wasurete iru Kamoshirenai Bokura ni Daijina 001 no Koto,Kimi wa Tomodachi,17,0.015610651974288337,1,0.024390243902439025
Kimi wa Iiko,Seku x Kara x Shisonzuuru,8,0.0073461891643709825,1,0.024390243902439025
Kimi wa Tomodachi,Sekai wa Fancy,17,0.015610651974288337,1,0.024390243902439025
Kimi wa Tomodachi,Phantom Joke,17,0.015610651974288337,1,0.024390243902439025
Fiction Freak Crisis,Kimi wa Tomodachi,17,0.015610651974288337,1,0.024390243902439025
Kimi wa Tomodachi,harmonized finale,18,0.01652892561983471,1,0.024390243902439025
Clover,Sekai wa Fancy,18,0.01652892561983471,1,0.024390243902439025
Clover,Phantom Joke,17,0.015610651974288337,1,0.024390243902439025
Dareka ga Wasurete iru Kamoshirenai Bokura ni Daijina 001 no Koto,Serenade ga Tomaranai,17,0.015610651974288337,1,0.024390243902439025
Gyakuten Sayonara,sangatsu monogatari,6,0.005509641873278237,1,0.024390243902439025
Dareka ga Wasurete iru Kamoshirenai Bokura ni Daijina 001 no Koto,Sekai wa Fancy,17,0.015610651974288337,1,0.024390243902439025
Kimi wa Iiko,Pistol Galaxy,6,0.005509641873278237,1,0.024390243902439025
"I wanna believe, Yoru o Iku",Kimi wa Iiko,6,0.005509641873278237,1,0.024390243902439025
Dareka ga Wasurete iru Kamoshirenai Bokura ni Daijina 001 no Koto,Fiction Freak Crisis,19,0.017447199265381085,1,0.024390243902439025
Kimi wa Iiko,Little Time Stop,6,0.005509641873278237,1,0.024390243902439025
Little Time Stop,sangatsu monogatari,6,0.005509641873278237,1,0.024390243902439025
Sawarenai Uta,sangatsu monogatari,6,0.005509641873278237,1,0.024390243902439025
"I wanna believe, Yoru o Iku",sangatsu monogatari,6,0.005509641873278237,1,0.024390243902439025
over driver,sangatsu monogatari,6,0.005509641873278237,1,0.024390243902439025
Snow Reverse,sangatsu monogatari,6,0.005509641873278237,1,0.024390243902439025
Mikazuki no Yoru no Mannaka,sangatsu monogatari,6,0.005509641873278237,1,0.024390243902439025
Santa Claus wa Juutai-chuu,sangatsu monogatari,6,0.005509641873278237,1,0.024390243902439025
Boku wa Kimi ni Naritai,sangatsu monogatari,6,0.005509641873278237,1,0.024390243902439025
Koko de Atta ga Kemonomichi,sangatsu monogatari,6,0.005509641873278237,1,0.024390243902439025
flat song,sangatsu monogatari,6,0.005509641873278237,1,0.024390243902439025
5-bu-go no Stardust,sangatsu monogatari,6,0.005509641873278237,1,0.024390243902439025
5-bu-go no Stardust,Kimi wa Iiko,8,0.0073461891643709825,1,0.024390243902439025
Kimi wa Iiko,flat song,6,0.005509641873278237,1,0.024390243902439025
Kimi wa Iiko,Koko de Atta ga Kemonomichi,8,0.0073461891643709825,1,0.024390243902439025
Boku wa Kimi ni Naritai,Kimi wa Iiko,8,0.0073461891643709825,1,0.024390243902439025
Kimi wa Iiko,Santa Claus wa Juutai-chuu,8,0.0073461891643709825,1,0.024390243902439025
Kimi wa Iiko,Mikazuki no Yoru no Mannaka,6,0.005509641873278237,1,0.024390243902439025
Kimi wa Iiko,Snow Reverse,8,0.0073461891643709825,1,0.024390243902439025
Kimi wa Iiko,over driver,8,0.0073461891643709825,1,0.024390243902439025
Kimi wa Iiko,sangatsu monogatari,2,0.0018365472910927456,1,0.024390243902439025
Kimi wa Iiko,Sawarenai Uta,6,0.005509641873278237,1,0.024390243902439025
Dareka ga Wasurete iru Kamoshirenai Bokura ni Daijina 001 no Koto,Phantom Joke,17,0.015610651974288337,1,0.024390243902439025
Dareka ga Wasurete iru Kamoshirenai Bokura ni Daijina 001 no Koto,harmonized finale,19,0.017447199265381085,1,0.024390243902439025
Full Color Program,Houkago Marriage,12,0.011019283746556474,1,0.024390243902439025
Hatch I need,Radial Night Chaser,12,0.011019283746556474,1,0.024390243902439025
Radial Night Chaser,cody beats,13,0.011937557392102846,1,0.024390243902439025
Kimi no Hitomi ni Koishi Tenai,Radial Night Chaser,13,0.011937557392102846,1,0.024390243902439025
Chaos ga Kiwamaru,Radial Night Chaser,12,0.011019283746556474,1,0.024390243902439025
Fiction Freak Crisis,Radial Night Chaser,12,0.011019283746556474,1,0.024390243902439025
Radial Night Chaser,Sakura no Ato (all quartets lead to the?),12,0.011019283746556474,1,0.024390243902439025
"8-Gatsu, Hirunaka no Nagareboshi to Hikouki-Gumo",Houkago Marriage,12,0.011019283746556474,1,0.024390243902439025
"8-Gatsu, Hirunaka no Nagareboshi to Hikouki-Gumo",Slow Curve wa Utenai (that made me crazy),12,0.011019283746556474,1,0.024390243902439025
"8-Gatsu, Hirunaka no Nagareboshi to Hikouki-Gumo",Nagareboshi wo Uchi Otose,12,0.011019283746556474,1,0.024390243902439025
"8-Gatsu, Hirunaka no Nagareboshi to Hikouki-Gumo",Full Color Program,12,0.011019283746556474,1,0.024390243902439025
"8-Gatsu, Hirunaka no Nagareboshi to Hikouki-Gumo",Hatch I need,12,0.011019283746556474,1,0.024390243902439025
"8-Gatsu, Hirunaka no Nagareboshi to Hikouki-Gumo",Hakoniwa Rock Show,12,0.011019283746556474,1,0.024390243902439025
"10% roll, 10% romance","8-Gatsu, Hirunaka no Nagareboshi to Hikouki-Gumo",15,0.013774104683195593,1,0.024390243902439025
"8-Gatsu, Hirunaka no Nagareboshi to Hikouki-Gumo",kaleido proud fiesta,12,0.011019283746556474,1,0.024390243902439025
"8-Gatsu, Hirunaka no Nagareboshi to Hikouki-Gumo",Sanpo Saki My Life,12,0.011019283746556474,1,0.024390243902439025
"8-Gatsu, Hirunaka no Nagareboshi to Hikouki-Gumo",cody beats,13,0.011937557392102846,1,0.024390243902439025
"8-Gatsu, Hirunaka no Nagareboshi to Hikouki-Gumo",Kimi no Hitomi ni Koishi Tenai,14,0.012855831037649219,1,0.024390243902439025
"8-Gatsu, Hirunaka no Nagareboshi to Hikouki-Gumo",Chaos ga Kiwamaru,12,0.011019283746556474,1,0.024390243902439025
5-bu-go no Stardust,"8-Gatsu, Hirunaka no Nagareboshi to Hikouki-Gumo",12,0.011019283746556474,1,0.024390243902439025
"8-Gatsu, Hirunaka no Nagareboshi to Hikouki-Gumo",Fiction Freak Crisis,12,0.011019283746556474,1,0.024390243902439025
Houkago Marriage,Slow Curve wa Utenai (that made me crazy),12,0.011019283746556474,1,0.024390243902439025
Houkago Marriage,Nagareboshi wo Uchi Otose,12,0.011019283746556474,1,0.024390243902439025
Kimi wa Iiko,Micro Paradiso!,8,0.0073461891643709825,1,0.024390243902439025
Full Color Program,Radial Night Chaser,12,0.011019283746556474,1,0.024390243902439025
Phantom Joke,Serenade ga Tomaranai,17,0.015610651974288337,1,0.024390243902439025
Nagareboshi wo Uchi Otose,Radial Night Chaser,12,0.011019283746556474,1,0.024390243902439025
Gyakuten Sayonara,Kimi wa Iiko,6,0.005509641873278237,1,0.024390243902439025
Phantom Joke,Ride on Time,19,0.017447199265381085,1,0.024390243902439025
Fiction Freak Crisis,Ride on Time,18,0.01652892561983471,1,0.024390243902439025
Ride on Time,harmonized finale,22,0.020202020202020204,1,0.024390243902439025
Fiction Freak Crisis,Sekai wa Fancy,18,0.01652892561983471,1,0.024390243902439025
Full Color Program,Sekai wa Fancy,26,0.023875114784205693,1,0.024390243902439025
Fiction Freak Crisis,Phantom Joke,19,0.017447199265381085,1,0.024390243902439025
Phantom Joke,harmonized finale,19,0.017447199265381085,1,0.024390243902439025
Full Color Program,Phantom Joke,22,0.020202020202020204,1,0.024390243902439025
Haru ga Kite Bokura,Radial Night Chaser,12,0.011019283746556474,1,0.024390243902439025
"8-Gatsu, Hirunaka no Nagareboshi to Hikouki-Gumo",Haru ga Kite Bokura,13,0.011937557392102846,1,0.024390243902439025
Haru ga Kite Bokura,Houkago Marriage,12,0.011019283746556474,1,0.024390243902439025
Haru ga Kite Bokura,Nagareboshi wo Uchi Otose,14,0.012855831037649219,1,0.024390243902439025
Micro Paradiso!,sangatsu monogatari,6,0.005509641873278237,1,0.024390243902439025
Hakoniwa Rock Show,Haru ga Kite Bokura,13,0.011937557392102846,1,0.024390243902439025
Haru ga Kite Bokura,Sanpo Saki My Life,13,0.011937557392102846,1,0.024390243902439025
Haru ga Kite Bokura,cody beats,13,0.011937557392102846,1,0.024390243902439025
5-bu-go no Stardust,Haru ga Kite Bokura,12,0.011019283746556474,1,0.024390243902439025
"8-Gatsu, Hirunaka no Nagareboshi to Hikouki-Gumo",Radial Night Chaser,12,0.011019283746556474,1,0.024390243902439025
Houkago Marriage,Radial Night Chaser,12,0.011019283746556474,1,0.024390243902439025
Radial Night Chaser,Slow Curve wa Utenai (that made me crazy),12,0.011019283746556474,1,0.024390243902439025
Cheap Cheap Endroll,Santa Claus wa Juutai-chuu,25,0.02295684113865932,1,0.024390243902439025
Cheap Cheap Endroll,Orchestra o Mi ni Ikou,25,0.02295684113865932,1,0.024390243902439025
23:25,Friday Novels,22,0.020202020202020204,1,0.024390243902439025
Drum Solo,"Minority Report (darling, I love you)",46,0.04224058769513315,1,0.024390243902439025
Atorakushon ga Hajimaru (they call it “NO.6”),"Minority Report (darling, I love you)",47,0.04315886134067952,1,0.024390243902439025
"Minority Report (darling, I love you)",Nani ka ga Kawari So,13,0.011937557392102846,1,0.024390243902439025
Tettoutetsubi Yonayona Drive,meet the world time,11,0.010101010101010102,1,0.024390243902439025
crazy birthday,meet the world time,11,0.010101010101010102,1,0.024390243902439025
"Minority Report (darling, I love you)",Pandemic Sudden Death,47,0.04315886134067952,1,0.024390243902439025
Kimi wa Tomodachi,"Minority Report (darling, I love you)",46,0.04224058769513315,1,0.024390243902439025
Nonfiction Compass,Tameiki shooting the MOON,11,0.010101010101010102,1,0.024390243902439025
Sangatsu Monogatari,Tameiki shooting the MOON,11,0.010101010101010102,1,0.024390243902439025
Tameiki shooting the MOON,harmonized finale,16,0.014692378328741965,1,0.024390243902439025
Seku x Kara x Shisonzuuru,Tameiki shooting the MOON,11,0.010101010101010102,1,0.024390243902439025
Pistol Galaxy,Tameiki shooting the MOON,11,0.010101010101010102,1,0.024390243902439025
"Minority Report (darling, I love you)",mix juice no Iutouri,47,0.04315886134067952,1,0.024390243902439025
Bachigai Hummingbird,"Minority Report (darling, I love you)",47,0.04315886134067952,1,0.024390243902439025
Sawarenai Uta,Tameiki shooting the MOON,12,0.011019283746556474,1,0.024390243902439025
BUSTER DICE MISERY,Toushindai no Chikyu,49,0.04499540863177227,1,0.024390243902439025
BUSTER DICE MISERY,Drum Solo,47,0.04315886134067952,1,0.024390243902439025
Ryusei no Squall,Tameiki shooting the MOON,14,0.012855831037649219,1,0.024390243902439025
Tameiki shooting the MOON,Toushindai no Chikyu,11,0.010101010101010102,1,0.024390243902439025
BUSTER DICE MISERY,Miss. Sandy,48,0.0440771349862259,1,0.024390243902439025
Master Volume,Tameiki shooting the MOON,16,0.014692378328741965,1,0.024390243902439025
BUSTER DICE MISERY,Nani ka ga Kawari So,14,0.012855831037649219,1,0.024390243902439025
"Minority Report (darling, I love you)",Miss. Sandy,47,0.04315886134067952,1,0.024390243902439025
Shupurehikouru ~Sekai ga Owaru Mae ni~,meet the world time,11,0.010101010101010102,1,0.024390243902439025
Galileo no Showcase,Seku x Kara x Shisonzuuru,13,0.011937557392102846,1,0.024390243902439025
Pistol Galaxy,meet the world time,11,0.010101010101010102,1,0.024390243902439025
Nani ka ga Kawari So,Toushindai no Chikyu,15,0.013774104683195593,1,0.024390243902439025
Drum Solo,Nani ka ga Kawari So,13,0.011937557392102846,1,0.024390243902439025
Miss. Sandy,Nani ka ga Kawari So,16,0.014692378328741965,1,0.024390243902439025
Pandemic Sudden Death,Toushindai no Chikyu,48,0.0440771349862259,1,0.024390243902439025
Miss. Sandy,Pandemic Sudden Death,48,0.0440771349862259,1,0.024390243902439025
Kimi wa Tomodachi,Sakura no Ato (all quartets lead to the?),48,0.0440771349862259,1,0.024390243902439025
Kimi wa Tomodachi,Toushindai no Chikyu,47,0.04315886134067952,1,0.024390243902439025
Kimi wa Tomodachi,Nani ka ga Kawari So,11,0.010101010101010102,1,0.024390243902439025
Kimi wa Tomodachi,Pandemic Sudden Death,47,0.04315886134067952,1,0.024390243902439025
Miss. Sandy,Tettoutetsubi Yonayona Drive,53,0.048668503213957756,1,0.024390243902439025
Toushindai no Chikyu,mix juice no Iutouri,48,0.0440771349862259,1,0.024390243902439025
Miss. Sandy,mix juice no Iutouri,48,0.0440771349862259,1,0.024390243902439025
Nani ka ga Kawari So,mix juice no Iutouri,12,0.011019283746556474,1,0.024390243902439025
Pandemic Sudden Death,mix juice no Iutouri,50,0.04591368227731864,1,0.024390243902439025
Kimi wa Tomodachi,mix juice no Iutouri,48,0.0440771349862259,1,0.024390243902439025
Tameiki shooting the MOON,meet the world time,11,0.010101010101010102,1,0.024390243902439025
Nonfiction Compass,meet the world time,11,0.010101010101010102,1,0.024390243902439025
Sangatsu Monogatari,meet the world time,11,0.010101010101010102,1,0.024390243902439025
Worldwide Supergirl,meet the world time,11,0.010101010101010102,1,0.024390243902439025
harmonized finale,meet the world time,11,0.010101010101010102,1,0.024390243902439025
Seku x Kara x Shisonzuuru,meet the world time,11,0.010101010101010102,1,0.024390243902439025
BUSTER DICE MISERY,Kimi wa Tomodachi,47,0.04315886134067952,1,0.024390243902439025
Galileo no Showcase,Pistol Galaxy,10,0.009182736455463728,1,0.024390243902439025
Miss. Sandy,Toushindai no Chikyu,48,0.0440771349862259,1,0.024390243902439025
Ryusei no Squall,Sangatsu Monogatari,11,0.010101010101010102,1,0.024390243902439025
Master Volume,Sangatsu Monogatari,11,0.010101010101010102,1,0.024390243902439025
23:25,Cheap Cheap Endroll,22,0.020202020202020204,1,0.024390243902439025
Seku x Kara x Shisonzuuru,Worldwide Supergirl,11,0.010101010101010102,1,0.024390243902439025
Pistol Galaxy,Worldwide Supergirl,12,0.011019283746556474,1,0.024390243902439025
Linear Blue wo Kikinagara,"Minority Report (darling, I love you)",19,0.017447199265381085,1,0.024390243902439025
BUSTER DICE MISERY,Linear Blue wo Kikinagara,23,0.021120293847566574,1,0.024390243902439025
Cheap Cheap Endroll,Linear Blue wo Kikinagara,22,0.020202020202020204,1,0.024390243902439025
Friday Novels,Toushindai no Chikyu,49,0.04499540863177227,1,0.024390243902439025
Drum Solo,Friday Novels,49,0.04499540863177227,1,0.024390243902439025
Friday Novels,Miss. Sandy,49,0.04499540863177227,1,0.024390243902439025
Friday Novels,Nani ka ga Kawari So,13,0.011937557392102846,1,0.024390243902439025
Worldwide Supergirl,crazy birthday,15,0.013774104683195593,1,0.024390243902439025
Friday Novels,Pandemic Sudden Death,48,0.0440771349862259,1,0.024390243902439025
Friday Novels,Kimi wa Tomodachi,48,0.0440771349862259,1,0.024390243902439025
Friday Novels,"Minority Report (darling, I love you)",48,0.0440771349862259,1,0.024390243902439025
Bachigai Hummingbird,Friday Novels,48,0.0440771349862259,1,0.024390243902439025
Seku x Kara x Shisonzuuru,harmonized finale,11,0.010101010101010102,1,0.024390243902439025
BUSTER DICE MISERY,Friday Novels,49,0.04499540863177227,1,0.024390243902439025
Pistol Galaxy,harmonized finale,11,0.010101010101010102,1,0.024390243902439025
Cheap Cheap Endroll,Friday Novels,51,0.046831955922865015,1,0.024390243902439025
Chandelier Waltz,Friday Novels,48,0.0440771349862259,1,0.024390243902439025
Sangatsu Monogatari,Toushindai no Chikyu,10,0.009182736455463728,1,0.024390243902439025
Sangatsu Monogatari,crazy birthday,11,0.010101010101010102,1,0.024390243902439025
Cheap Cheap Endroll,Toushindai no Chikyu,49,0.04499540863177227,1,0.024390243902439025
Sangatsu Monogatari,"kid, I like quartet",11,0.010101010101010102,1,0.024390243902439025
Nonfiction Compass,Worldwide Supergirl,11,0.010101010101010102,1,0.024390243902439025
Nonfiction Compass,harmonized finale,11,0.010101010101010102,1,0.024390243902439025
Cheap Cheap Endroll,Miss. Sandy,48,0.0440771349862259,1,0.024390243902439025
Nonfiction Compass,Shupurehikouru ~Sekai ga Owaru Mae ni~,11,0.010101010101010102,1,0.024390243902439025
Cheap Cheap Endroll,Nani ka ga Kawari So,13,0.011937557392102846,1,0.024390243902439025
Cheap Cheap Endroll,Kimi wa Tomodachi,47,0.04315886134067952,1,0.024390243902439025
Messenger From Zen Sekai,Nonfiction Compass,11,0.010101010101010102,1,0.024390243902439025
Cheap Cheap Endroll,"Minority Report (darling, I love you)",47,0.04315886134067952,1,0.024390243902439025
BUSTER DICE MISERY,Cheap Cheap Endroll,52,0.047750229568411386,1,0.024390243902439025
Nonfiction Compass,crazy birthday,11,0.010101010101010102,1,0.024390243902439025
Nonfiction Compass,Ryusei no Squall,11,0.010101010101010102,1,0.024390243902439025
Nonfiction Compass,Toushindai no Chikyu,10,0.009182736455463728,1,0.024390243902439025
Master Volume,Nonfiction Compass,11,0.010101010101010102,1,0.024390243902439025
Sangatsu Monogatari,Worldwide Supergirl,11,0.010101010101010102,1,0.024390243902439025
Chandelier Waltz,"Minority Report (darling, I love you)",47,0.04315886134067952,1,0.024390243902439025
BUSTER DICE MISERY,Chandelier Waltz,52,0.047750229568411386,1,0.024390243902439025
Sangatsu Monogatari,Shupurehikouru ~Sekai ga Owaru Mae ni~,11,0.010101010101010102,1,0.024390243902439025
23:25,Miss. Sandy,21,0.01928374655647383,1,0.024390243902439025
Chandelier Waltz,Sangatsu Monogatari,11,0.010101010101010102,1,0.024390243902439025
Bachigai Hummingbird,Sangatsu Monogatari,11,0.010101010101010102,1,0.024390243902439025
Messenger From Zen Sekai,Sangatsu Monogatari,11,0.010101010101010102,1,0.024390243902439025
Atorakushon ga Hajimaru (they call it “NO.6”),Miss. Sandy,48,0.0440771349862259,1,0.024390243902439025
Miss. Sandy,Sakura no Ato (all quartets lead to the?),54,0.049586776859504134,1,0.024390243902439025
Cheap Cheap Endroll,Invisible Sensation,27,0.024793388429752067,1,0.024390243902439025
"Catch up, latency",Ryusei no Squall,14,0.012855831037649219,1,0.024390243902439025
Linear Blue wo Kikinagara,Space Shuttle Lullaby,13,0.011937557392102846,1,0.024390243902439025
Linear Blue wo Kikinagara,Phantom Joke,17,0.015610651974288337,1,0.024390243902439025
Another World,Nihil Pip Viper,13,0.011937557392102846,1,0.024390243902439025
Another World,Sugar Song to Bitter Step,15,0.013774104683195593,1,0.024390243902439025
Another World,Space Shuttle Lullaby,13,0.011937557392102846,1,0.024390243902439025
Another World,Sakura no Ato (all quartets lead to the?),13,0.011937557392102846,1,0.024390243902439025
Another World,fake town baby,13,0.011937557392102846,1,0.024390243902439025
Another World,Chaos ga Kiwamaru,13,0.011937557392102846,1,0.024390243902439025
Another World,Ryusei no Squall,13,0.011937557392102846,1,0.024390243902439025
Another World,crazy birthday,13,0.011937557392102846,1,0.024390243902439025
Another World,Tettoutetsubi Yonayona Drive,14,0.012855831037649219,1,0.024390243902439025
Another World,kaleido proud fiesta,13,0.011937557392102846,1,0.024390243902439025
Another World,Phantom Joke,13,0.011937557392102846,1,0.024390243902439025
"10% roll, 10% romance",Another World,13,0.011937557392102846,1,0.024390243902439025
Another World,"Catch up, latency",13,0.011937557392102846,1,0.024390243902439025
Another World,Linear Blue wo Kikinagara,14,0.012855831037649219,1,0.024390243902439025
Invisible Sensation,Ryusei no Squall,14,0.012855831037649219,1,0.024390243902439025
Another World,Invisible Sensation,13,0.011937557392102846,1,0.024390243902439025
Ikenai fool logic,Nihil Pip Viper,13,0.011937557392102846,1,0.024390243902439025
Ikenai fool logic,Sugar Song to Bitter Step,24,0.02203856749311295,1,0.024390243902439025
Ikenai fool logic,Sakura no Ato (all quartets lead to the?),17,0.015610651974288337,1,0.024390243902439025
"Catch up, latency",Phantom Joke,21,0.01928374655647383,1,0.024390243902439025
"Catch up, latency",Chaos ga Kiwamaru,15,0.013774104683195593,1,0.024390243902439025
Ikenai fool logic,Ryusei no Squall,13,0.011937557392102846,1,0.024390243902439025
"Catch up, latency",Space Shuttle Lullaby,13,0.011937557392102846,1,0.024390243902439025
Cheap Cheap Endroll,Dizzy Trickster,25,0.02295684113865932,1,0.024390243902439025
Sakura no Ato (all quartets lead to the?),Space Shuttle Lullaby,14,0.012855831037649219,1,0.024390243902439025
Nihil Pip Viper,fake town baby,13,0.011937557392102846,1,0.024390243902439025
Space Shuttle Lullaby,fake town baby,13,0.011937557392102846,1,0.024390243902439025
Chaos ga Kiwamaru,fake town baby,22,0.020202020202020204,1,0.024390243902439025
Nihil Pip Viper,Ryusei no Squall,13,0.011937557392102846,1,0.024390243902439025
Ryusei no Squall,Space Shuttle Lullaby,13,0.011937557392102846,1,0.024390243902439025
Ryusei no Squall,fake town baby,14,0.012855831037649219,1,0.024390243902439025
Chaos ga Kiwamaru,Ryusei no Squall,13,0.011937557392102846,1,0.024390243902439025
Space Shuttle Lullaby,crazy birthday,13,0.011937557392102846,1,0.024390243902439025
Chaos ga Kiwamaru,crazy birthday,14,0.012855831037649219,1,0.024390243902439025
Ryusei no Squall,kaleido proud fiesta,13,0.011937557392102846,1,0.024390243902439025
crazy birthday,kaleido proud fiesta,13,0.011937557392102846,1,0.024390243902439025
Phantom Joke,fake town baby,18,0.01652892561983471,1,0.024390243902439025
MR. Andy,Space Shuttle Lullaby,13,0.011937557392102846,1,0.024390243902439025
Chaos ga Kiwamaru,MR. Andy,14,0.012855831037649219,1,0.024390243902439025
MR. Andy,crazy birthday,15,0.013774104683195593,1,0.024390243902439025
MR. Andy,Phantom Joke,14,0.012855831037649219,1,0.024390243902439025
"10% roll, 10% romance",Nihil Pip Viper,13,0.011937557392102846,1,0.024390243902439025
"10% roll, 10% romance",Space Shuttle Lullaby,13,0.011937557392102846,1,0.024390243902439025
"10% roll, 10% romance",crazy birthday,18,0.01652892561983471,1,0.024390243902439025
Ikenai fool logic,fake town baby,15,0.013774104683195593,1,0.024390243902439025
Ikenai fool logic,crazy birthday,13,0.011937557392102846,1,0.024390243902439025
Miss. Sandy,Sugar Song to Bitter Step,50,0.04591368227731864,1,0.024390243902439025
Orion wo Nazoru,Space Shuttle Lullaby,14,0.012855831037649219,1,0.024390243902439025
Numbness like a ginger,Orion wo Nazoru,18,0.01652892561983471,1,0.024390243902439025
Nihil Pip Viper,Sentimental Period,13,0.011937557392102846,1,0.024390243902439025
Sentimental Period,Sugar Song to Bitter Step,19,0.017447199265381085,1,0.024390243902439025
Sentimental Period,Space Shuttle Lullaby,13,0.011937557392102846,1,0.024390243902439025
Sakura no Ato (all quartets lead to the?),Sentimental Period,16,0.014692378328741965,1,0.024390243902439025
Sentimental Period,fake town baby,15,0.013774104683195593,1,0.024390243902439025
Chaos ga Kiwamaru,Sentimental Period,16,0.014692378328741965,1,0.024390243902439025
Sentimental Period,crazy birthday,13,0.011937557392102846,1,0.024390243902439025
Sentimental Period,Tettoutetsubi Yonayona Drive,18,0.01652892561983471,1,0.024390243902439025
Sentimental Period,kaleido proud fiesta,14,0.012855831037649219,1,0.024390243902439025
Phantom Joke,Sentimental Period,15,0.013774104683195593,1,0.024390243902439025
"10% roll, 10% romance",Sentimental Period,15,0.013774104683195593,1,0.024390243902439025
"Catch up, latency",Sentimental Period,17,0.015610651974288337,1,0.024390243902439025
Invisible Sensation,Sentimental Period,15,0.013774104683195593,1,0.024390243902439025
Ikenai fool logic,Sentimental Period,13,0.011937557392102846,1,0.024390243902439025
Numbness like a ginger,Sentimental Period,13,0.011937557392102846,1,0.024390243902439025
Haru ga Kite Bokura,Sentimental Period,16,0.014692378328741965,1,0.024390243902439025
Fiction Freak Crisis,Slow Curve wa Utenai (that made me crazy),13,0.011937557392102846,1,0.024390243902439025
Chaos ga Kiwamaru,Slow Curve wa Utenai (that made me crazy),18,0.01652892561983471,1,0.024390243902439025
City peel,Kimi no Hitomi ni Koishi Tenai,7,0.006427915518824609,1,0.024390243902439025
Chaos ga Kiwamaru,Orion wo Nazoru,41,0.03764921946740129,1,0.024390243902439025
Another World,Orion wo Nazoru,14,0.012855831037649219,1,0.024390243902439025
Nihil Pip Viper,Orion wo Nazoru,13,0.011937557392102846,1,0.024390243902439025
Ikenai fool logic,Tettoutetsubi Yonayona Drive,16,0.014692378328741965,1,0.024390243902439025
Haru ga Kite Bokura,Numbness like a ginger,16,0.014692378328741965,1,0.024390243902439025
Ikenai fool logic,Phantom Joke,15,0.013774104683195593,1,0.024390243902439025
Ikenai fool logic,MR. Andy,13,0.011937557392102846,1,0.024390243902439025
"10% roll, 10% romance",Ikenai fool logic,15,0.013774104683195593,1,0.024390243902439025
"Catch up, latency",Ikenai fool logic,15,0.013774104683195593,1,0.024390243902439025
Ikenai fool logic,Linear Blue wo Kikinagara,15,0.013774104683195593,1,0.024390243902439025
Another World,Ikenai fool logic,13,0.011937557392102846,1,0.024390243902439025
Numbness like a ginger,Sakura no Ato (all quartets lead to the?),16,0.014692378328741965,1,0.024390243902439025
Numbness like a ginger,fake town baby,17,0.015610651974288337,1,0.024390243902439025
Numbness like a ginger,Ryusei no Squall,13,0.011937557392102846,1,0.024390243902439025
Numbness like a ginger,crazy birthday,13,0.011937557392102846,1,0.024390243902439025
MR. Andy,Numbness like a ginger,13,0.011937557392102846,1,0.024390243902439025
"10% roll, 10% romance",Numbness like a ginger,16,0.014692378328741965,1,0.024390243902439025
"Catch up, latency",Numbness like a ginger,15,0.013774104683195593,1,0.024390243902439025
Linear Blue wo Kikinagara,Numbness like a ginger,15,0.013774104683195593,1,0.024390243902439025
Another World,Numbness like a ginger,13,0.011937557392102846,1,0.024390243902439025
Invisible Sensation,Numbness like a ginger,16,0.014692378328741965,1,0.024390243902439025
Ikenai fool logic,Numbness like a ginger,15,0.013774104683195593,1,0.024390243902439025
Haru ga Kite Bokura,Space Shuttle Lullaby,13,0.011937557392102846,1,0.024390243902439025
Haru ga Kite Bokura,Ryusei no Squall,14,0.012855831037649219,1,0.024390243902439025
Haru ga Kite Bokura,MR. Andy,13,0.011937557392102846,1,0.024390243902439025
Another World,Haru ga Kite Bokura,13,0.011937557392102846,1,0.024390243902439025
Program continued,Tasogare in the Spy,26,0.023875114784205693,1,0.024390243902439025
Mizu to Ame ni Tsuite,RUNNERS HIGH REPRISE,11,0.010101010101010102,1,0.024390243902439025
Fiction Freak Crisis,mix juice no Iutouri,33,0.030303030303030304,1,0.024390243902439025
"kid, I like quartet",overture ~Spring Spring Spring~,10,0.009182736455463728,1,0.024390243902439025
Airabuniju,overture ~Spring Spring Spring~,12,0.011019283746556474,1,0.024390243902439025
Cheap Cheap Endroll,harmonized finale,27,0.024793388429752067,1,0.024390243902439025
Scarsdale,overture ~Spring Spring Spring~,12,0.011019283746556474,1,0.024390243902439025
Houkago Marriage,Nihil Pip Viper,22,0.020202020202020204,1,0.024390243902439025
Houkago Marriage,Shoegazer Speaker,22,0.020202020202020204,1,0.024390243902439025
Yayoichou Lonely Planet,harmonized finale,25,0.02295684113865932,1,0.024390243902439025
Houkago Marriage,Space Shuttle Lullaby,22,0.020202020202020204,1,0.024390243902439025
Own Civilization (nano‐mile met),harmonized finale,25,0.02295684113865932,1,0.024390243902439025
Drum Solo,Houkago Marriage,22,0.020202020202020204,1,0.024390243902439025
Houkago Marriage,Seihitsu Kanbi Akigure Jojou,22,0.020202020202020204,1,0.024390243902439025
Clover,meet the world time,3,0.0027548209366391185,1,0.024390243902439025
Houkago Marriage,Tettoutetsubi Yonayona Drive,22,0.020202020202020204,1,0.024390243902439025
Itsuka no Shounen,meet the world time,3,0.0027548209366391185,1,0.024390243902439025
Anti-Trendy Club,Houkago Marriage,22,0.020202020202020204,1,0.024390243902439025
Houkago Marriage,Phantom Joke,22,0.020202020202020204,1,0.024390243902439025
Houkago Marriage,MIDNIGHT JUNGLE,22,0.020202020202020204,1,0.024390243902439025
Deirai Kyousou Gakudan,meet the world time,3,0.0027548209366391185,1,0.024390243902439025
Houkago Marriage,Yume ga Sametara (at that river),22,0.020202020202020204,1,0.024390243902439025
Houkago Marriage,Millennium Happy Chainsaw Edge,22,0.020202020202020204,1,0.024390243902439025
Master Volume,overture ~Spring Spring Spring~,12,0.011019283746556474,1,0.024390243902439025
Worldwide Supergirl,fake town baby,25,0.02295684113865932,1,0.024390243902439025
23:25,overture ~Spring Spring Spring~,12,0.011019283746556474,1,0.024390243902439025
Sanpo Saki My Life,meet the world time,3,0.0027548209366391185,1,0.024390243902439025
Sanpo Saki My Life,harmonized finale,27,0.024793388429752067,1,0.024390243902439025
CAPACITY Koeru,harmonized finale,27,0.024793388429752067,1,0.024390243902439025
Airabuniju,Protract Countdown,13,0.011937557392102846,1,0.024390243902439025
Own Civilization (nano‐mile met),Sanpo Saki My Life,25,0.02295684113865932,1,0.024390243902439025
MIDNIGHT JUNGLE,Ohitoyoshi Chameleom,22,0.020202020202020204,1,0.024390243902439025
23:25,Space Shuttle Lullaby,19,0.017447199265381085,1,0.024390243902439025
Ohitoyoshi Chameleom,Yume ga Sametara (at that river),22,0.020202020202020204,1,0.024390243902439025
Invisible Sensation,Millennium Happy Chainsaw Edge,19,0.017447199265381085,1,0.024390243902439025
Millennium Happy Chainsaw Edge,Ride on Time,19,0.017447199265381085,1,0.024390243902439025
Hakoniwa Rock Show,Yayoichou Lonely Planet,26,0.023875114784205693,1,0.024390243902439025
5-bu-go no Stardust,Own Civilization (nano‐mile met),25,0.02295684113865932,1,0.024390243902439025
Millennium Happy Chainsaw Edge,Ohitoyoshi Chameleom,22,0.020202020202020204,1,0.024390243902439025
City peel,Ohitoyoshi Chameleom,22,0.020202020202020204,1,0.024390243902439025
CAPACITY Koeru,Own Civilization (nano‐mile met),25,0.02295684113865932,1,0.024390243902439025
Own Civilization (nano‐mile met),kaleido proud fiesta,25,0.02295684113865932,1,0.024390243902439025
Ride on Time,Space Shuttle Lullaby,20,0.018365472910927456,1,0.024390243902439025
Bachigai Hummingbird,overture ~Spring Spring Spring~,12,0.011019283746556474,1,0.024390243902439025
Own Civilization (nano‐mile met),to the CIDER ROAD,25,0.02295684113865932,1,0.024390243902439025
Chandelier Waltz,Own Civilization (nano‐mile met),26,0.023875114784205693,1,0.024390243902439025
Hakoniwa Rock Show,Own Civilization (nano‐mile met),25,0.02295684113865932,1,0.024390243902439025
Sekai wa Fancy,Space Shuttle Lullaby,20,0.018365472910927456,1,0.024390243902439025
Anti-Trendy Club,Invisible Sensation,20,0.018365472910927456,1,0.024390243902439025
Koisuru Wakusei,Ohitoyoshi Chameleom,22,0.020202020202020204,1,0.024390243902439025
Invisible Sensation,Ride on Time,22,0.020202020202020204,1,0.024390243902439025
Own Civilization (nano‐mile met),Yayoichou Lonely Planet,25,0.02295684113865932,1,0.024390243902439025
5-bu-go no Stardust,harmonized finale,25,0.02295684113865932,1,0.024390243902439025
Protract Countdown,overture ~Spring Spring Spring~,12,0.011019283746556474,1,0.024390243902439025
Chandelier Waltz,overture ~Spring Spring Spring~,12,0.011019283746556474,1,0.024390243902439025
Millennium Happy Chainsaw Edge,Phrase Bottle Bye Bye,19,0.017447199265381085,1,0.024390243902439025
Houkago Marriage,Koisuru Wakusei,22,0.020202020202020204,1,0.024390243902439025
Houkago Marriage,Numbness like a ginger,22,0.020202020202020204,1,0.024390243902439025
Galileo no Showcase,Nihil Pip Viper,22,0.020202020202020204,1,0.024390243902439025
Galileo no Showcase,Space Shuttle Lullaby,22,0.020202020202020204,1,0.024390243902439025
Galileo no Showcase,Phantom Joke,23,0.021120293847566574,1,0.024390243902439025
Galileo no Showcase,Yume ga Sametara (at that river),22,0.020202020202020204,1,0.024390243902439025
City peel,Galileo no Showcase,22,0.020202020202020204,1,0.024390243902439025
Galileo no Showcase,Koisuru Wakusei,22,0.020202020202020204,1,0.024390243902439025
Galileo no Showcase,Ohitoyoshi Chameleom,22,0.020202020202020204,1,0.024390243902439025
Galileo no Showcase,Houkago Marriage,22,0.020202020202020204,1,0.024390243902439025
Galileo no Showcase,Numbness like a ginger,22,0.020202020202020204,1,0.024390243902439025
Nihil Pip Viper,WINDOW Akeru,22,0.020202020202020204,1,0.024390243902439025
Sugar Song to Bitter Step,WINDOW Akeru,26,0.023875114784205693,1,0.024390243902439025
Space Shuttle Lullaby,WINDOW Akeru,22,0.020202020202020204,1,0.024390243902439025
Drum Solo,WINDOW Akeru,23,0.021120293847566574,1,0.024390243902439025
Instrumental Jam,WINDOW Akeru,23,0.021120293847566574,1,0.024390243902439025
Chaos ga Kiwamaru,WINDOW Akeru,23,0.021120293847566574,1,0.024390243902439025
Seihitsu Kanbi Akigure Jojou,WINDOW Akeru,22,0.020202020202020204,1,0.024390243902439025
WINDOW Akeru,kaleido proud fiesta,24,0.02203856749311295,1,0.024390243902439025
Clover,Worldwide Supergirl,3,0.0027548209366391185,1,0.024390243902439025
Anti-Trendy Club,WINDOW Akeru,22,0.020202020202020204,1,0.024390243902439025
Phantom Joke,WINDOW Akeru,24,0.02203856749311295,1,0.024390243902439025
MIDNIGHT JUNGLE,WINDOW Akeru,22,0.020202020202020204,1,0.024390243902439025
Snow Answer,cody beats,2,0.0018365472910927456,1,0.024390243902439025
Numbness like a ginger,Ohitoyoshi Chameleom,22,0.020202020202020204,1,0.024390243902439025
Koisuru Wakusei,Numbness like a ginger,23,0.021120293847566574,1,0.024390243902439025
City peel,Numbness like a ginger,22,0.020202020202020204,1,0.024390243902439025
Anti-Trendy Club,Numbness like a ginger,22,0.020202020202020204,1,0.024390243902439025
Houkago Marriage,Ohitoyoshi Chameleom,22,0.020202020202020204,1,0.024390243902439025
Numbness like a ginger,Shoegazer Speaker,22,0.020202020202020204,1,0.024390243902439025
Itsuka no Shounen,Yoru ga Yureteiru,3,0.0027548209366391185,1,0.024390243902439025
23:25,Itsuka no Shounen,22,0.020202020202020204,1,0.024390243902439025
Drum Solo,Numbness like a ginger,22,0.020202020202020204,1,0.024390243902439025
Itsuka no Shounen,Scarsdale,4,0.0036730945821854912,1,0.024390243902439025
Counter Identity,Yoru ga Yureteiru,13,0.011937557392102846,1,0.024390243902439025
Instrumental Jam,Numbness like a ginger,23,0.021120293847566574,1,0.024390243902439025
Numbness like a ginger,Seihitsu Kanbi Akigure Jojou,22,0.020202020202020204,1,0.024390243902439025
Full Color Program,overture ~Spring Spring Spring~,12,0.011019283746556474,1,0.024390243902439025
Cheap Cheap Endroll,Worldwide Supergirl,26,0.023875114784205693,1,0.024390243902439025
Scarsdale,Yoru ga Yureteiru,13,0.011937557392102846,1,0.024390243902439025
Mekator Jikuu Tankentai,kaleido proud fiesta,7,0.006427915518824609,1,0.024390243902439025
Worldwide Supergirl,Yayoichou Lonely Planet,26,0.023875114784205693,1,0.024390243902439025
Own Civilization (nano‐mile met),Worldwide Supergirl,25,0.02295684113865932,1,0.024390243902439025
Nano Size Skywalk,Sugar Song to Bitter Step,25,0.02295684113865932,1,0.024390243902439025
Deirai Kyousou Gakudan,Yoru ga Yureteiru,3,0.0027548209366391185,1,0.024390243902439025
5-bu-go no Stardust,Nano Size Skywalk,25,0.02295684113865932,1,0.024390243902439025
MIDNIGHT JUNGLE,Numbness like a ginger,22,0.020202020202020204,1,0.024390243902439025
Numbness like a ginger,Yume ga Sametara (at that river),22,0.020202020202020204,1,0.024390243902439025
Sanpo Saki My Life,Yoru ga Yureteiru,3,0.0027548209366391185,1,0.024390243902439025
Millennium Happy Chainsaw Edge,Numbness like a ginger,23,0.021120293847566574,1,0.024390243902439025
Ohitoyoshi Chameleom,Phantom Joke,23,0.021120293847566574,1,0.024390243902439025
Anti-Trendy Club,Ohitoyoshi Chameleom,22,0.020202020202020204,1,0.024390243902439025
Ohitoyoshi Chameleom,Tettoutetsubi Yonayona Drive,23,0.021120293847566574,1,0.024390243902439025
23:25,Millennium Happy Chainsaw Edge,19,0.017447199265381085,1,0.024390243902439025
Millennium Happy Chainsaw Edge,Tengoku to Jigoku,20,0.018365472910927456,1,0.024390243902439025
Ohitoyoshi Chameleom,Shoegazer Speaker,22,0.020202020202020204,1,0.024390243902439025
Ohitoyoshi Chameleom,Sugar Song to Bitter Step,24,0.02203856749311295,1,0.024390243902439025
Ohitoyoshi Chameleom,Space Shuttle Lullaby,22,0.020202020202020204,1,0.024390243902439025
Ride on Time,Tengoku to Jigoku,34,0.031221303948576674,1,0.024390243902439025
Space Shuttle Lullaby,Tengoku to Jigoku,20,0.018365472910927456,1,0.024390243902439025
BUSTER DICE MISERY,Koisuru Wakusei,19,0.017447199265381085,1,0.024390243902439025
BUSTER DICE MISERY,Kimi no Moto e,22,0.020202020202020204,1,0.024390243902439025
BUSTER DICE MISERY,Ikenai fool logic,19,0.017447199265381085,1,0.024390243902439025
BUSTER DICE MISERY,Koko de Atta ga Kemonomichi,19,0.017447199265381085,1,0.024390243902439025
BUSTER DICE MISERY,Chaos ga Kiwamaru,19,0.017447199265381085,1,0.024390243902439025
BUSTER DICE MISERY,Mou Kimi ni Aenai,19,0.017447199265381085,1,0.024390243902439025
BUSTER DICE MISERY,Millennium Happy Chainsaw Edge,19,0.017447199265381085,1,0.024390243902439025
BUSTER DICE MISERY,Sekai wa Fancy,19,0.017447199265381085,1,0.024390243902439025
Anti-Trendy Club,BUSTER DICE MISERY,19,0.017447199265381085,1,0.024390243902439025
BUSTER DICE MISERY,Invisible Sensation,23,0.021120293847566574,1,0.024390243902439025
Chandelier Waltz,Yayoichou Lonely Planet,25,0.02295684113865932,1,0.024390243902439025
BUSTER DICE MISERY,Ride on Time,19,0.017447199265381085,1,0.024390243902439025
BUSTER DICE MISERY,Space Shuttle Lullaby,19,0.017447199265381085,1,0.024390243902439025
Kimi no Moto e,Koisuru Wakusei,19,0.017447199265381085,1,0.024390243902439025
Silent Libre Mirage,Yayoichou Lonely Planet,25,0.02295684113865932,1,0.024390243902439025
Koisuru Wakusei,Scarsdale,20,0.018365472910927456,1,0.024390243902439025
Ikenai fool logic,Koisuru Wakusei,20,0.018365472910927456,1,0.024390243902439025
Nihil Pip Viper,Ohitoyoshi Chameleom,22,0.020202020202020204,1,0.024390243902439025
Mou Kimi ni Aenai,Tengoku to Jigoku,21,0.01928374655647383,1,0.024390243902439025
Koko de Atta ga Kemonomichi,Tengoku to Jigoku,19,0.017447199265381085,1,0.024390243902439025
Sugar Song to Bitter Step,Yayoichou Lonely Planet,26,0.023875114784205693,1,0.024390243902439025
Invisible Sensation,Phrase Bottle Bye Bye,22,0.020202020202020204,1,0.024390243902439025
Sora no Tobikata,overture ~Spring Spring Spring~,12,0.011019283746556474,1,0.024390243902439025
Airabuniju,Shupurehikouru ~Sekai ga Owaru Mae ni~,13,0.011937557392102846,1,0.024390243902439025
Cheap Cheap Endroll,Silent Libre Mirage,25,0.02295684113865932,1,0.024390243902439025
Shupurehikouru ~Sekai ga Owaru Mae ni~,overture ~Spring Spring Spring~,12,0.011019283746556474,1,0.024390243902439025
Phrase Bottle Bye Bye,Ride on Time,19,0.017447199265381085,1,0.024390243902439025
Hakoniwa Rock Show,fake town baby,25,0.02295684113865932,1,0.024390243902439025
Hakoniwa Rock Show,Sekai wa Fancy,25,0.02295684113865932,1,0.024390243902439025
Phrase Bottle Bye Bye,Space Shuttle Lullaby,19,0.017447199265381085,1,0.024390243902439025
Hakoniwa Rock Show,Silent Libre Mirage,25,0.02295684113865932,1,0.024390243902439025
5-bu-go no Stardust,Yayoichou Lonely Planet,25,0.02295684113865932,1,0.024390243902439025
Ikenai fool logic,Tengoku to Jigoku,22,0.020202020202020204,1,0.024390243902439025
Yayoichou Lonely Planet,fake town baby,25,0.02295684113865932,1,0.024390243902439025
Koisuru Wakusei,Tengoku to Jigoku,21,0.01928374655647383,1,0.024390243902439025
CAPACITY Koeru,Yayoichou Lonely Planet,25,0.02295684113865932,1,0.024390243902439025
Sanpo Saki My Life,Yayoichou Lonely Planet,25,0.02295684113865932,1,0.024390243902439025
Yayoichou Lonely Planet,kaleido proud fiesta,25,0.02295684113865932,1,0.024390243902439025
Sekai wa Fancy,Yayoichou Lonely Planet,26,0.023875114784205693,1,0.024390243902439025
Bachigai Hummingbird,Yayoichou Lonely Planet,26,0.023875114784205693,1,0.024390243902439025
"10% roll, 10% romance",Yayoichou Lonely Planet,25,0.02295684113865932,1,0.024390243902439025
Cheap Cheap Endroll,Yayoichou Lonely Planet,25,0.02295684113865932,1,0.024390243902439025
Yayoichou Lonely Planet,to the CIDER ROAD,26,0.023875114784205693,1,0.024390243902439025
Koisuru Wakusei,Koko de Atta ga Kemonomichi,19,0.017447199265381085,1,0.024390243902439025
Koisuru Wakusei,Mou Kimi ni Aenai,20,0.018365472910927456,1,0.024390243902439025
23:25,Koisuru Wakusei,19,0.017447199265381085,1,0.024390243902439025
Koko de Atta ga Kemonomichi,Space Shuttle Lullaby,19,0.017447199265381085,1,0.024390243902439025
Anti-Trendy Club,Ikenai fool logic,20,0.018365472910927456,1,0.024390243902439025
Ikenai fool logic,Ride on Time,20,0.018365472910927456,1,0.024390243902439025
Chaos ga Kiwamaru,Koko de Atta ga Kemonomichi,19,0.017447199265381085,1,0.024390243902439025
Koko de Atta ga Kemonomichi,Mou Kimi ni Aenai,19,0.017447199265381085,1,0.024390243902439025
23:25,Koko de Atta ga Kemonomichi,19,0.017447199265381085,1,0.024390243902439025
Koko de Atta ga Kemonomichi,Millennium Happy Chainsaw Edge,19,0.017447199265381085,1,0.024390243902439025
Koko de Atta ga Kemonomichi,Sekai wa Fancy,19,0.017447199265381085,1,0.024390243902439025
Anti-Trendy Club,Koko de Atta ga Kemonomichi,19,0.017447199265381085,1,0.024390243902439025
Invisible Sensation,Koko de Atta ga Kemonomichi,19,0.017447199265381085,1,0.024390243902439025
Koko de Atta ga Kemonomichi,Ride on Time,19,0.017447199265381085,1,0.024390243902439025
Chaos ga Kiwamaru,Mou Kimi ni Aenai,21,0.01928374655647383,1,0.024390243902439025
Ikenai fool logic,Millennium Happy Chainsaw Edge,20,0.018365472910927456,1,0.024390243902439025
Chaos ga Kiwamaru,Ohitoyoshi Chameleom,22,0.020202020202020204,1,0.024390243902439025
Ohitoyoshi Chameleom,Seihitsu Kanbi Akigure Jojou,23,0.021120293847566574,1,0.024390243902439025
Ohitoyoshi Chameleom,kaleido proud fiesta,22,0.020202020202020204,1,0.024390243902439025
23:25,Mou Kimi ni Aenai,19,0.017447199265381085,1,0.024390243902439025
Millennium Happy Chainsaw Edge,Mou Kimi ni Aenai,20,0.018365472910927456,1,0.024390243902439025
Mou Kimi ni Aenai,Sekai wa Fancy,21,0.01928374655647383,1,0.024390243902439025
Anti-Trendy Club,Mou Kimi ni Aenai,19,0.017447199265381085,1,0.024390243902439025
Invisible Sensation,Mou Kimi ni Aenai,20,0.018365472910927456,1,0.024390243902439025
Mou Kimi ni Aenai,Ride on Time,19,0.017447199265381085,1,0.024390243902439025
Mou Kimi ni Aenai,Space Shuttle Lullaby,19,0.017447199265381085,1,0.024390243902439025
Ikenai fool logic,Sekai wa Fancy,27,0.024793388429752067,1,0.024390243902439025
23:25,Ikenai fool logic,19,0.017447199265381085,1,0.024390243902439025
Koisuru Wakusei,Sekai wa Fancy,21,0.01928374655647383,1,0.024390243902439025
Invisible Sensation,Kimi no Moto e,20,0.018365472910927456,1,0.024390243902439025
Invisible Sensation,Koisuru Wakusei,22,0.020202020202020204,1,0.024390243902439025
Koisuru Wakusei,Ride on Time,19,0.017447199265381085,1,0.024390243902439025
Drum Solo,Ohitoyoshi Chameleom,23,0.021120293847566574,1,0.024390243902439025
Ikenai fool logic,Kimi no Moto e,19,0.017447199265381085,1,0.024390243902439025
Kimi no Moto e,Koko de Atta ga Kemonomichi,19,0.017447199265381085,1,0.024390243902439025
Chaos ga Kiwamaru,Kimi no Moto e,19,0.017447199265381085,1,0.024390243902439025
Kimi no Moto e,Mou Kimi ni Aenai,19,0.017447199265381085,1,0.024390243902439025
Kimi no Moto e,Millennium Happy Chainsaw Edge,19,0.017447199265381085,1,0.024390243902439025
Kimi no Moto e,Sekai wa Fancy,19,0.017447199265381085,1,0.024390243902439025
Anti-Trendy Club,Kimi no Moto e,19,0.017447199265381085,1,0.024390243902439025
Kimi no Moto e,Space Shuttle Lullaby,19,0.017447199265381085,1,0.024390243902439025
Ikenai fool logic,Mou Kimi ni Aenai,20,0.018365472910927456,1,0.024390243902439025
Ikenai fool logic,Scarsdale,20,0.018365472910927456,1,0.024390243902439025
Koko de Atta ga Kemonomichi,Scarsdale,19,0.017447199265381085,1,0.024390243902439025
Chaos ga Kiwamaru,Scarsdale,20,0.018365472910927456,1,0.024390243902439025
Mou Kimi ni Aenai,Scarsdale,20,0.018365472910927456,1,0.024390243902439025
Millennium Happy Chainsaw Edge,Scarsdale,19,0.017447199265381085,1,0.024390243902439025
Anti-Trendy Club,Scarsdale,19,0.017447199265381085,1,0.024390243902439025
Invisible Sensation,Scarsdale,21,0.01928374655647383,1,0.024390243902439025
Instrumental Jam,Ohitoyoshi Chameleom,23,0.021120293847566574,1,0.024390243902439025
Scarsdale,Space Shuttle Lullaby,19,0.017447199265381085,1,0.024390243902439025
Ikenai fool logic,Koko de Atta ga Kemonomichi,19,0.017447199265381085,1,0.024390243902439025
Counter Identity,Snow Answer,2,0.0018365472910927456,1,0.024390243902439025
WINDOW Akeru,Yume ga Sametara (at that river),22,0.020202020202020204,1,0.024390243902439025
Nano Size Skywalk,fake town baby,25,0.02295684113865932,1,0.024390243902439025
Full Color Program,Orchestra o Mi ni Ikou,32,0.02938475665748393,1,0.024390243902439025
Hakoniwa Rock Show,Sayonara Summer Time Machine,2,0.0018365472910927456,1,0.024390243902439025
Sayonara Summer Time Machine,Scarsdale,23,0.021120293847566574,1,0.024390243902439025
Sakura no Ato (all quartets lead to the?),Yume ga Sametara (at that river),7,0.006427915518824609,1,0.024390243902439025
Yume ga Sametara (at that river),"kid, I like quartet",7,0.006427915518824609,1,0.024390243902439025
23:25,Yume ga Sametara (at that river),7,0.006427915518824609,1,0.024390243902439025
CAPACITY Koeru,Karakuri Karukare,5,0.004591368227731864,1,0.024390243902439025
CAPACITY Koeru,Dareka ga Wasurete iru Kamoshirenai Bokura ni Daijina 001 no Koto,9,0.008264462809917356,1,0.024390243902439025
Nihil Pip Viper,"kid, I like quartet",7,0.006427915518824609,1,0.024390243902439025
23:25,Nihil Pip Viper,7,0.006427915518824609,1,0.024390243902439025
Radial Night Chaser,to the CIDER ROAD,25,0.02295684113865932,1,0.024390243902439025
Radial Night Chaser,Silent Libre Mirage,25,0.02295684113865932,1,0.024390243902439025
Radial Night Chaser,Yayoichou Lonely Planet,25,0.02295684113865932,1,0.024390243902439025
Own Civilization (nano‐mile met),Radial Night Chaser,26,0.023875114784205693,1,0.024390243902439025
Radial Night Chaser,harmonized finale,25,0.02295684113865932,1,0.024390243902439025
Radial Night Chaser,Worldwide Supergirl,25,0.02295684113865932,1,0.024390243902439025
Nano Size Skywalk,Radial Night Chaser,25,0.02295684113865932,1,0.024390243902439025
Atorakushon ga Hajimaru (they call it “NO.6”),Yume ga Sametara (at that river),7,0.006427915518824609,1,0.024390243902439025
Orion wo Nazoru,Yayoichou Lonely Planet,26,0.023875114784205693,1,0.024390243902439025
Orion wo Nazoru,Own Civilization (nano‐mile met),25,0.02295684113865932,1,0.024390243902439025
Orion wo Nazoru,Radial Night Chaser,25,0.02295684113865932,1,0.024390243902439025
BUSTER DICE MISERY,harmonized finale,4,0.0036730945821854912,1,0.024390243902439025
Atorakushon ga Hajimaru (they call it “NO.6”),Nihil Pip Viper,7,0.006427915518824609,1,0.024390243902439025
"Catch up, latency",Yume ga Sametara (at that river),7,0.006427915518824609,1,0.024390243902439025
Deirai Kyousou Gakudan,Haru ga Kite Bokura,32,0.02938475665748393,1,0.024390243902439025
Dareka ga Wasurete iru Kamoshirenai Bokura ni Daijina 001 no Koto,Sayonara Summer Time Machine,21,0.01928374655647383,1,0.024390243902439025
Airabuniju,Haru ga Kite Bokura,7,0.006427915518824609,1,0.024390243902439025
Tameiki shooting the MOON,instant EGOIST,8,0.0073461891643709825,1,0.024390243902439025
Airabuniju,Invisible Sensation,7,0.006427915518824609,1,0.024390243902439025
Deirai Kyousou Gakudan,Invisible Sensation,32,0.02938475665748393,1,0.024390243902439025
Dizzy Trickster,Santa Claus wa Juutai-chuu,32,0.02938475665748393,1,0.024390243902439025
Dizzy Trickster,mix juice no Iutouri,32,0.02938475665748393,1,0.024390243902439025
Airabuniju,Dizzy Trickster,7,0.006427915518824609,1,0.024390243902439025
Deirai Kyousou Gakudan,Dizzy Trickster,32,0.02938475665748393,1,0.024390243902439025
"10% roll, 10% romance",Dizzy Trickster,32,0.02938475665748393,1,0.024390243902439025
Dizzy Trickster,Full Color Program,33,0.030303030303030304,1,0.024390243902439025
Tameiki shooting the MOON,mix juice no Iutouri,7,0.006427915518824609,1,0.024390243902439025
mix juice no Iutouri,to the CIDER ROAD,5,0.004591368227731864,1,0.024390243902439025
Shupurehikouru ~Sekai ga Owaru Mae ni~,to the CIDER ROAD,3,0.0027548209366391185,1,0.024390243902439025
Clover,Sayonara Summer Time Machine,3,0.0027548209366391185,1,0.024390243902439025
Protract Countdown,Tameiki shooting the MOON,7,0.006427915518824609,1,0.024390243902439025
Bachigai Hummingbird,Radial Night Chaser,25,0.02295684113865932,1,0.024390243902439025
Silent Libre Mirage,Tameiki shooting the MOON,7,0.006427915518824609,1,0.024390243902439025
Atorakushon ga Hajimaru (they call it “NO.6”),to the CIDER ROAD,4,0.0036730945821854912,1,0.024390243902439025
Galileo no Showcase,Santa Claus wa Juutai-chuu,34,0.031221303948576674,1,0.024390243902439025
Clover,Santa Claus wa Juutai-chuu,32,0.02938475665748393,1,0.024390243902439025
Clover,mix juice no Iutouri,33,0.030303030303030304,1,0.024390243902439025
"10% roll, 10% romance",Clover,33,0.030303030303030304,1,0.024390243902439025
Orion wo Nazoru,Sayonara Summer Time Machine,29,0.02662993572084481,1,0.024390243902439025
Haru ga Kite Bokura,Santa Claus wa Juutai-chuu,32,0.02938475665748393,1,0.024390243902439025
Dareka ga Wasurete iru Kamoshirenai Bokura ni Daijina 001 no Koto,Karakuri Karukare,5,0.004591368227731864,1,0.024390243902439025
Linear Blue wo Kikinagara,Scarsdale,26,0.023875114784205693,1,0.024390243902439025
Nani ka ga Kawari So,kaleido proud fiesta,8,0.0073461891643709825,1,0.024390243902439025
"Catch up, latency",Nani ka ga Kawari So,9,0.008264462809917356,1,0.024390243902439025
Kimi no Hitomi ni Koishi Tenai,Yume ga Sametara (at that river),7,0.006427915518824609,1,0.024390243902439025
Hitori Omou wa Ame no Naka,Sayonara Dai Kyu Wakusei,4,0.0036730945821854912,1,0.024390243902439025
"Catch up, latency",Mekator Jikuu Tankentai,7,0.006427915518824609,1,0.024390243902439025
Ryusei Kouro,WINDOW Akeru,9,0.008264462809917356,1,0.024390243902439025
Atorakushon ga Hajimaru (they call it “NO.6”),Mekator Jikuu Tankentai,7,0.006427915518824609,1,0.024390243902439025
Hakoniwa Rock Show,Hitori Omou wa Ame no Naka,6,0.005509641873278237,1,0.024390243902439025
Hitori Omou wa Ame no Naka,Messenger From Zen Sekai,5,0.004591368227731864,1,0.024390243902439025
Mekator Jikuu Tankentai,Nihil Pip Viper,7,0.006427915518824609,1,0.024390243902439025
Mekator Jikuu Tankentai,Yume ga Sametara (at that river),7,0.006427915518824609,1,0.024390243902439025
Linear Blue wo Kikinagara,Yume ga Sametara (at that river),7,0.006427915518824609,1,0.024390243902439025
Nani ka ga Kawari So,Nihil Pip Viper,7,0.006427915518824609,1,0.024390243902439025
Ryusei Kouro,Sanpo Saki My Life,8,0.0073461891643709825,1,0.024390243902439025
Messenger From Zen Sekai,Ryusei Kouro,5,0.004591368227731864,1,0.024390243902439025
Nani ka ga Kawari So,Yume ga Sametara (at that river),7,0.006427915518824609,1,0.024390243902439025
Deirai Kyousou Gakudan,Ryusei Kouro,10,0.009182736455463728,1,0.024390243902439025
Messenger From Zen Sekai,WINDOW Akeru,8,0.0073461891643709825,1,0.024390243902439025
Karakuri Karukare,Ryusei Kouro,9,0.008264462809917356,1,0.024390243902439025
Clover,Ryusei Kouro,7,0.006427915518824609,1,0.024390243902439025
Itsuka no Shounen,Ryusei Kouro,9,0.008264462809917356,1,0.024390243902439025
Hitori Omou wa Ame no Naka,Ryusei Kouro,4,0.0036730945821854912,1,0.024390243902439025
Nani ka ga Kawari So,"kid, I like quartet",7,0.006427915518824609,1,0.024390243902439025
MR. Andy,Ryusei Kouro,10,0.009182736455463728,1,0.024390243902439025
"Catch up, latency","kid, I like quartet",7,0.006427915518824609,1,0.024390243902439025
Hitori Omou wa Ame no Naka,Mizu to Ame ni Tsuite,8,0.0073461891643709825,1,0.024390243902439025
Pandemic Sudden Death,Sanpo Saki My Life,26,0.023875114784205693,1,0.024390243902439025
Friday Novels,like coffee no Omajinai,9,0.008264462809917356,1,0.024390243902439025
Sanpo Saki My Life,Tengoku to Jigoku,10,0.009182736455463728,1,0.024390243902439025
Clover,Pandemic Sudden Death,2,0.0018365472910927456,1,0.024390243902439025
Pandemic Sudden Death,like coffee no Omajinai,9,0.008264462809917356,1,0.024390243902439025
Master Volume,Sugar Song to Bitter Step,20,0.018365472910927456,1,0.024390243902439025
Kimi no Hitomi ni Koishi Tenai,MR. Andy,9,0.008264462809917356,1,0.024390243902439025
like coffee no Omajinai,mix juice no Iutouri,8,0.0073461891643709825,1,0.024390243902439025
Master Volume,Pandemic Sudden Death,5,0.004591368227731864,1,0.024390243902439025
MR. Andy,Nani ka ga Kawari So,9,0.008264462809917356,1,0.024390243902439025
Master Volume,Tengoku to Jigoku,19,0.017447199265381085,1,0.024390243902439025
Cheap Cheap Endroll,like coffee no Omajinai,7,0.006427915518824609,1,0.024390243902439025
Atorakushon ga Hajimaru (they call it “NO.6”),MR. Andy,8,0.0073461891643709825,1,0.024390243902439025
23:25,Kimi no Hitomi ni Koishi Tenai,8,0.0073461891643709825,1,0.024390243902439025
"8-Gatsu, Hirunaka no Nagareboshi to Hikouki-Gumo",like coffee no Omajinai,7,0.006427915518824609,1,0.024390243902439025
Ryusei no Squall,Sayonara Summer Time Machine,21,0.01928374655647383,1,0.024390243902439025
Galileo no Showcase,Sayonara Summer Time Machine,6,0.005509641873278237,1,0.024390243902439025
Sayonara Summer Time Machine,Sentimental Period,22,0.020202020202020204,1,0.024390243902439025
MR. Andy,Yume ga Sametara (at that river),7,0.006427915518824609,1,0.024390243902439025
Kimi no Hitomi ni Koishi Tenai,Mekator Jikuu Tankentai,7,0.006427915518824609,1,0.024390243902439025
Messenger From Zen Sekai,Mizu to Ame ni Tsuite,20,0.018365472910927456,1,0.024390243902439025
Messenger From Zen Sekai,Sayonara Dai Kyu Wakusei,5,0.004591368227731864,1,0.024390243902439025
Kimi no Hitomi ni Koishi Tenai,Nani ka ga Kawari So,14,0.012855831037649219,1,0.024390243902439025
Kimi no Hitomi ni Koishi Tenai,Nihil Pip Viper,7,0.006427915518824609,1,0.024390243902439025
Invisible Sensation,Santa Claus wa Juutai-chuu,32,0.02938475665748393,1,0.024390243902439025
Deirai Kyousou Gakudan,Orchestra o Mi ni Ikou,32,0.02938475665748393,1,0.024390243902439025
Snow Answer,Sora no Tobikata,1,0.0009182736455463728,1,0.024390243902439025
Airabuniju,Orchestra o Mi ni Ikou,7,0.006427915518824609,1,0.024390243902439025
Atorakushon ga Hajimaru (they call it “NO.6”),Deirai Kyousou Gakudan,5,0.004591368227731864,1,0.024390243902439025
Hikari Nodokeki Haru no Hi ni,Tengoku to Jigoku,10,0.009182736455463728,1,0.024390243902439025
Protract Countdown,Tengoku to Jigoku,7,0.006427915518824609,1,0.024390243902439025
Deirai Kyousou Gakudan,Tengoku to Jigoku,12,0.011019283746556474,1,0.024390243902439025
Friday Novels,instant EGOIST,3,0.0027548209366391185,1,0.024390243902439025
Hikari Nodokeki Haru no Hi ni,instant EGOIST,12,0.011019283746556474,1,0.024390243902439025
Silent Libre Mirage,instant EGOIST,12,0.011019283746556474,1,0.024390243902439025
Protract Countdown,instant EGOIST,11,0.010101010101010102,1,0.024390243902439025
Shupurehikouru ~Sekai ga Owaru Mae ni~,instant EGOIST,10,0.009182736455463728,1,0.024390243902439025
Deirai Kyousou Gakudan,instant EGOIST,6,0.005509641873278237,1,0.024390243902439025
Hikari Nodokeki Haru no Hi ni,mix juice no Iutouri,12,0.011019283746556474,1,0.024390243902439025
Silent Libre Mirage,mix juice no Iutouri,13,0.011937557392102846,1,0.024390243902439025
Protract Countdown,mix juice no Iutouri,11,0.010101010101010102,1,0.024390243902439025
Shupurehikouru ~Sekai ga Owaru Mae ni~,mix juice no Iutouri,10,0.009182736455463728,1,0.024390243902439025
CAPACITY Koeru,Nano Size Skywalk,25,0.02295684113865932,1,0.024390243902439025
instant EGOIST,mix juice no Iutouri,13,0.011937557392102846,1,0.024390243902439025
Hikari Nodokeki Haru no Hi ni,Tettoutetsubi Yonayona Drive,13,0.011937557392102846,1,0.024390243902439025
Sakura no Ato (all quartets lead to the?),Santa Claus wa Juutai-chuu,32,0.02938475665748393,1,0.024390243902439025
Fiction Freak Crisis,Santa Claus wa Juutai-chuu,32,0.02938475665748393,1,0.024390243902439025
Drum Solo,Santa Claus wa Juutai-chuu,21,0.01928374655647383,1,0.024390243902439025
Santa Claus wa Juutai-chuu,fake town baby,32,0.02938475665748393,1,0.024390243902439025
Santa Claus wa Juutai-chuu,Seihitsu Kanbi Akigure Jojou,32,0.02938475665748393,1,0.024390243902439025
Instrumental Jam,mix juice no Iutouri,18,0.01652892561983471,1,0.024390243902439025
Deirai Kyousou Gakudan,Silent Libre Mirage,5,0.004591368227731864,1,0.024390243902439025
Deirai Kyousou Gakudan,Hikari Nodokeki Haru no Hi ni,5,0.004591368227731864,1,0.024390243902439025
Deirai Kyousou Gakudan,Friday Novels,2,0.0018365472910927456,1,0.024390243902439025
Friday Novels,Silent Libre Mirage,3,0.0027548209366391185,1,0.024390243902439025
Millennium Happy Chainsaw Edge,WINDOW Akeru,23,0.021120293847566574,1,0.024390243902439025
City peel,WINDOW Akeru,22,0.020202020202020204,1,0.024390243902439025
Koisuru Wakusei,WINDOW Akeru,22,0.020202020202020204,1,0.024390243902439025
Ohitoyoshi Chameleom,WINDOW Akeru,22,0.020202020202020204,1,0.024390243902439025
Hakoniwa Rock Show,Snow Answer,2,0.0018365472910927456,1,0.024390243902439025
Galileo no Showcase,Snow Answer,1,0.0009182736455463728,1,0.024390243902439025
Houkago Marriage,WINDOW Akeru,22,0.020202020202020204,1,0.024390243902439025
Numbness like a ginger,WINDOW Akeru,22,0.020202020202020204,1,0.024390243902439025
Friday Novels,Hikari Nodokeki Haru no Hi ni,3,0.0027548209366391185,1,0.024390243902439025
Hikari Nodokeki Haru no Hi ni,Sakura no Ato (all quartets lead to the?),13,0.011937557392102846,1,0.024390243902439025
Hikari Nodokeki Haru no Hi ni,Silent Libre Mirage,12,0.011019283746556474,1,0.024390243902439025
Atorakushon ga Hajimaru (they call it “NO.6”),Shupurehikouru ~Sekai ga Owaru Mae ni~,10,0.009182736455463728,1,0.024390243902439025
Friday Novels,Protract Countdown,2,0.0018365472910927456,1,0.024390243902439025
Protract Countdown,Silent Libre Mirage,11,0.010101010101010102,1,0.024390243902439025
Friday Novels,Full Color Program,4,0.0036730945821854912,1,0.024390243902439025
Full Color Program,Silent Libre Mirage,12,0.011019283746556474,1,0.024390243902439025
Atorakushon ga Hajimaru (they call it “NO.6”),Hikari Nodokeki Haru no Hi ni,12,0.011019283746556474,1,0.024390243902439025
Atorakushon ga Hajimaru (they call it “NO.6”),Protract Countdown,11,0.010101010101010102,1,0.024390243902439025
Atorakushon ga Hajimaru (they call it “NO.6”),Full Color Program,15,0.013774104683195593,1,0.024390243902439025
Friday Novels,Shupurehikouru ~Sekai ga Owaru Mae ni~,3,0.0027548209366391185,1,0.024390243902439025
Hikari Nodokeki Haru no Hi ni,Shupurehikouru ~Sekai ga Owaru Mae ni~,11,0.010101010101010102,1,0.024390243902439025
Shupurehikouru ~Sekai ga Owaru Mae ni~,Silent Libre Mirage,10,0.009182736455463728,1,0.024390243902439025
Santa Claus wa Juutai-chuu,mix juice no Iutouri,32,0.02938475665748393,1,0.024390243902439025
Airabuniju,Sugar Song to Bitter Step,10,0.009182736455463728,1,0.024390243902439025
Airabuniju,Fiction Freak Crisis,7,0.006427915518824609,1,0.024390243902439025
"10% roll, 10% romance",MIDNIGHT JUNGLE,35,0.03213957759412305,1,0.024390243902439025
Nano Size Skywalk,Silent Libre Mirage,25,0.02295684113865932,1,0.024390243902439025
"10% roll, 10% romance",Santa Claus wa Juutai-chuu,32,0.02938475665748393,1,0.024390243902439025
Hakoniwa Rock Show,Nano Size Skywalk,25,0.02295684113865932,1,0.024390243902439025
Nano Size Skywalk,Yayoichou Lonely Planet,25,0.02295684113865932,1,0.024390243902439025
Nano Size Skywalk,Own Civilization (nano‐mile met),25,0.02295684113865932,1,0.024390243902439025
Nano Size Skywalk,Worldwide Supergirl,25,0.02295684113865932,1,0.024390243902439025
Radial Night Chaser,fake town baby,25,0.02295684113865932,1,0.024390243902439025
CAPACITY Koeru,Radial Night Chaser,25,0.02295684113865932,1,0.024390243902439025
Radial Night Chaser,Sekai wa Fancy,25,0.02295684113865932,1,0.024390243902439025
"10% roll, 10% romance",Airabuniju,7,0.006427915518824609,1,0.024390243902439025
"10% roll, 10% romance",Deirai Kyousou Gakudan,32,0.02938475665748393,1,0.024390243902439025
Nano Size Skywalk,to the CIDER ROAD,25,0.02295684113865932,1,0.024390243902439025
Own Civilization (nano‐mile met),Santa Claus wa Juutai-chuu,32,0.02938475665748393,1,0.024390243902439025
Own Civilization (nano‐mile met),mix juice no Iutouri,32,0.02938475665748393,1,0.024390243902439025
Airabuniju,Own Civilization (nano‐mile met),7,0.006427915518824609,1,0.024390243902439025
Deirai Kyousou Gakudan,Own Civilization (nano‐mile met),32,0.02938475665748393,1,0.024390243902439025
Full Color Program,fake town baby,33,0.030303030303030304,1,0.024390243902439025
Full Color Program,Seihitsu Kanbi Akigure Jojou,33,0.030303030303030304,1,0.024390243902439025
Full Color Program,Santa Claus wa Juutai-chuu,32,0.02938475665748393,1,0.024390243902439025
Full Color Program,MIDNIGHT JUNGLE,32,0.02938475665748393,1,0.024390243902439025
Full Color Program,Own Civilization (nano‐mile met),32,0.02938475665748393,1,0.024390243902439025
Orchestra o Mi ni Ikou,Santa Claus wa Juutai-chuu,32,0.02938475665748393,1,0.024390243902439025
Chandelier Waltz,Nano Size Skywalk,25,0.02295684113865932,1,0.024390243902439025
Cheap Cheap Endroll,Nano Size Skywalk,25,0.02295684113865932,1,0.024390243902439025
Airabuniju,Drum Solo,7,0.006427915518824609,1,0.024390243902439025
Deirai Kyousou Gakudan,Fiction Freak Crisis,32,0.02938475665748393,1,0.024390243902439025
Airabuniju,Instrumental Jam,5,0.004591368227731864,1,0.024390243902439025
Airabuniju,fake town baby,7,0.006427915518824609,1,0.024390243902439025
Airabuniju,Seihitsu Kanbi Akigure Jojou,7,0.006427915518824609,1,0.024390243902439025
Airabuniju,Santa Claus wa Juutai-chuu,7,0.006427915518824609,1,0.024390243902439025
Airabuniju,Kimi no Hitomi ni Koishi Tenai,7,0.006427915518824609,1,0.024390243902439025
Airabuniju,mix juice no Iutouri,7,0.006427915518824609,1,0.024390243902439025
Bachigai Hummingbird,Santa Claus wa Juutai-chuu,32,0.02938475665748393,1,0.024390243902439025
MIDNIGHT JUNGLE,Santa Claus wa Juutai-chuu,32,0.02938475665748393,1,0.024390243902439025
Airabuniju,MIDNIGHT JUNGLE,7,0.006427915518824609,1,0.024390243902439025
Deirai Kyousou Gakudan,Sugar Song to Bitter Step,35,0.03213957759412305,1,0.024390243902439025
Deirai Kyousou Gakudan,Drum Solo,21,0.01928374655647383,1,0.024390243902439025
"10% roll, 10% romance",Nano Size Skywalk,25,0.02295684113865932,1,0.024390243902439025
Deirai Kyousou Gakudan,Instrumental Jam,14,0.012855831037649219,1,0.024390243902439025
Deirai Kyousou Gakudan,fake town baby,32,0.02938475665748393,1,0.024390243902439025
Deirai Kyousou Gakudan,Seihitsu Kanbi Akigure Jojou,32,0.02938475665748393,1,0.024390243902439025
Deirai Kyousou Gakudan,Santa Claus wa Juutai-chuu,32,0.02938475665748393,1,0.024390243902439025
Deirai Kyousou Gakudan,Kimi no Hitomi ni Koishi Tenai,32,0.02938475665748393,1,0.024390243902439025
Nano Size Skywalk,Sanpo Saki My Life,25,0.02295684113865932,1,0.024390243902439025
Nano Size Skywalk,kaleido proud fiesta,25,0.02295684113865932,1,0.024390243902439025
Nano Size Skywalk,Sekai wa Fancy,25,0.02295684113865932,1,0.024390243902439025
Deirai Kyousou Gakudan,MIDNIGHT JUNGLE,32,0.02938475665748393,1,0.024390243902439025
Bachigai Hummingbird,Nano Size Skywalk,25,0.02295684113865932,1,0.024390243902439025
City peel,Koisuru Wakusei,23,0.021120293847566574,1,0.024390243902439025
Kimi no Moto e,Ride on Time,22,0.020202020202020204,1,0.024390243902439025
MIDNIGHT JUNGLE,Yume ga Sametara (at that river),22,0.020202020202020204,1,0.024390243902439025
Dareka ga Wasurete iru Kamoshirenai Bokura ni Daijina 001 no Koto,Love Song wa Totsuzen ni? ~What is the name of that mystery??~,20,0.018365472910927456,1,0.024390243902439025
Mikazuki no Yoru no Mannaka,Sentimental Period,18,0.01652892561983471,1,0.024390243902439025
Kirai = Kirai,Love Song wa Totsuzen ni? ~What is the name of that mystery??~,16,0.014692378328741965,1,0.024390243902439025
City peel,Millennium Happy Chainsaw Edge,23,0.021120293847566574,1,0.024390243902439025
Chandelier Waltz,Ride on Time / Toshindai no Chikyu / MR. Andy / CAPACITY Koeru / Worldwide Supergirl / Coffee Cup Syndrome  / Sentimental Period  / Drum Solo / Galileo no Showcase,12,0.011019283746556474,1,0.024390243902439025
Ride on Time / Toshindai no Chikyu / MR. Andy / CAPACITY Koeru / Worldwide Supergirl / Coffee Cup Syndrome  / Sentimental Period  / Drum Solo / Galileo no Showcase,overture ~Spring Spring Spring~,12,0.011019283746556474,1,0.024390243902439025
Childhood Supernova,Otonoba Chukan Shiken,26,0.023875114784205693,1,0.024390243902439025
Childhood Supernova,Tengoku to Jigoku,29,0.02662993572084481,1,0.024390243902439025
Ryusei no Squall,Tengoku to Jigoku,27,0.024793388429752067,1,0.024390243902439025
Dareka ga Wasurete iru Kamoshirenai Bokura ni Daijina 001 no Koto,Sentimental Period,26,0.023875114784205693,1,0.024390243902439025
Sawarenai Uta,Sentimental Period,19,0.017447199265381085,1,0.024390243902439025
Chandelier Waltz,Sentimental Period,23,0.021120293847566574,1,0.024390243902439025
Otonoba Chukan Shiken,Program continued,28,0.025711662075298437,1,0.024390243902439025
Clover,Shupurehikouru ~Sekai ga Owaru Mae ni~,13,0.011937557392102846,1,0.024390243902439025
Love Song wa Totsuzen ni? ~What is the name of that mystery??~,Sentimental Period,18,0.01652892561983471,1,0.024390243902439025
5-bu-go no Stardust,fake town baby,25,0.02295684113865932,1,0.024390243902439025
Love Song wa Totsuzen ni? ~What is the name of that mystery??~,Master Volume,16,0.014692378328741965,1,0.024390243902439025
Love Song wa Totsuzen ni? ~What is the name of that mystery??~,WINDOW Akeru,16,0.014692378328741965,1,0.024390243902439025
City peel,Yume ga Sametara (at that river),22,0.020202020202020204,1,0.024390243902439025
City peel,Space Shuttle Lullaby,22,0.020202020202020204,1,0.024390243902439025
Love Song wa Totsuzen ni? ~What is the name of that mystery??~,Scarsdale,18,0.01652892561983471,1,0.024390243902439025
Love Song wa Totsuzen ni? ~What is the name of that mystery??~,Ryusei no Squall,17,0.015610651974288337,1,0.024390243902439025
Program continued,Sakura no Ato (all quartets lead to the?),29,0.02662993572084481,1,0.024390243902439025
Program continued,Sugar Song to Bitter Step,31,0.028466483011937556,1,0.024390243902439025
Program continued,Shoegazer Speaker,26,0.023875114784205693,1,0.024390243902439025
Kimi no Moto e,WINDOW Akeru,19,0.017447199265381085,1,0.024390243902439025
City peel,Drum Solo,22,0.020202020202020204,1,0.024390243902439025
City peel,MIDNIGHT JUNGLE,22,0.020202020202020204,1,0.024390243902439025
City peel,Seihitsu Kanbi Akigure Jojou,22,0.020202020202020204,1,0.024390243902439025
City peel,Tettoutetsubi Yonayona Drive,22,0.020202020202020204,1,0.024390243902439025
Anti-Trendy Club,City peel,22,0.020202020202020204,1,0.024390243902439025
City peel,Phantom Joke,22,0.020202020202020204,1,0.024390243902439025
Linear Blue wo Kikinagara,WINDOW Akeru,18,0.01652892561983471,1,0.024390243902439025
WINDOW Akeru,Worldwide Supergirl,18,0.01652892561983471,1,0.024390243902439025
Koisuru Wakusei,Shoegazer Speaker,22,0.020202020202020204,1,0.024390243902439025
Childhood Supernova,Pandemic Sudden Death,25,0.02295684113865932,1,0.024390243902439025
Sayonara Summer Time Machine,Worldwide Supergirl,17,0.015610651974288337,1,0.024390243902439025
Cheap Cheap Endroll,Tengoku to Jigoku,45,0.04132231404958678,1,0.024390243902439025
Drum Solo,Koisuru Wakusei,23,0.021120293847566574,1,0.024390243902439025
Full Color Program,Mikazuki no Yoru no Mannaka,18,0.01652892561983471,1,0.024390243902439025
Aerial Alien,Tengoku to Jigoku,35,0.03213957759412305,1,0.024390243902439025
Otonoba Chukan Shiken,"Yuunagi, Ensemble",25,0.02295684113865932,1,0.024390243902439025
Coffee Cup Syndrome,Otonoba Chukan Shiken,25,0.02295684113865932,1,0.024390243902439025
"8-Gatsu, Hirunaka no Nagareboshi to Hikouki-Gumo",Tengoku to Jigoku,38,0.03489439853076217,1,0.024390243902439025
Instrumental Jam,Koisuru Wakusei,22,0.020202020202020204,1,0.024390243902439025
Hakoniwa Rock Show,Otonoba Chukan Shiken,28,0.025711662075298437,1,0.024390243902439025
Kimi wa Tomodachi,Tengoku to Jigoku,33,0.030303030303030304,1,0.024390243902439025
Ride on Time / Toshindai no Chikyu / MR. Andy / CAPACITY Koeru / Worldwide Supergirl / Coffee Cup Syndrome  / Sentimental Period  / Drum Solo / Galileo no Showcase,Scarsdale,12,0.011019283746556474,1,0.024390243902439025
MIDNIGHT JUNGLE,Shoegazer Speaker,22,0.020202020202020204,1,0.024390243902439025
Miss. Sandy,Tengoku to Jigoku,40,0.03673094582185491,1,0.024390243902439025
Koisuru Wakusei,Seihitsu Kanbi Akigure Jojou,22,0.020202020202020204,1,0.024390243902439025
Natsukage Tail Light,kaleido proud fiesta,21,0.01928374655647383,1,0.024390243902439025
Ryusei no Squall,Shoegazer Speaker,25,0.02295684113865932,1,0.024390243902439025
Childhood Supernova,Shoegazer Speaker,25,0.02295684113865932,1,0.024390243902439025
CAPACITY Koeru,Sugar Song to Bitter Step,27,0.024793388429752067,1,0.024390243902439025
Protract Countdown,Ride on Time / Toshindai no Chikyu / MR. Andy / CAPACITY Koeru / Worldwide Supergirl / Coffee Cup Syndrome  / Sentimental Period  / Drum Solo / Galileo no Showcase,12,0.011019283746556474,1,0.024390243902439025
Clover,Protract Countdown,16,0.014692378328741965,1,0.024390243902439025
Koisuru Wakusei,Sugar Song to Bitter Step,31,0.028466483011937556,1,0.024390243902439025
Ride on Time / Toshindai no Chikyu / MR. Andy / CAPACITY Koeru / Worldwide Supergirl / Coffee Cup Syndrome  / Sentimental Period  / Drum Solo / Galileo no Showcase,"kid, I like quartet",10,0.009182736455463728,1,0.024390243902439025
Kimi no Moto e,Otonoba Chukan Shiken,26,0.023875114784205693,1,0.024390243902439025
CAPACITY Koeru,fake town baby,26,0.023875114784205693,1,0.024390243902439025
Mikazuki no Yoru no Mannaka,Worldwide Supergirl,17,0.015610651974288337,1,0.024390243902439025
Clover,overture ~Spring Spring Spring~,12,0.011019283746556474,1,0.024390243902439025
Master Volume,Ride on Time / Toshindai no Chikyu / MR. Andy / CAPACITY Koeru / Worldwide Supergirl / Coffee Cup Syndrome  / Sentimental Period  / Drum Solo / Galileo no Showcase,12,0.011019283746556474,1,0.024390243902439025
CAPACITY Koeru,kaleido proud fiesta,25,0.02295684113865932,1,0.024390243902439025
Kirai = Kirai,Worldwide Supergirl,17,0.015610651974288337,1,0.024390243902439025
5-bu-go no Stardust,Sekai wa Fancy,25,0.02295684113865932,1,0.024390243902439025
Sekai wa Fancy,fake town baby,28,0.025711662075298437,1,0.024390243902439025
23:25,Ride on Time / Toshindai no Chikyu / MR. Andy / CAPACITY Koeru / Worldwide Supergirl / Coffee Cup Syndrome  / Sentimental Period  / Drum Solo / Galileo no Showcase,12,0.011019283746556474,1,0.024390243902439025
Childhood Supernova,Sugar Song to Bitter Step,29,0.02662993572084481,1,0.024390243902439025
Full Color Program,Ride on Time / Toshindai no Chikyu / MR. Andy / CAPACITY Koeru / Worldwide Supergirl / Coffee Cup Syndrome  / Sentimental Period  / Drum Solo / Galileo no Showcase,12,0.011019283746556474,1,0.024390243902439025
Love Song wa Totsuzen ni? ~What is the name of that mystery??~,MR. Andy,16,0.014692378328741965,1,0.024390243902439025
Phrase Bottle Bye Bye,kaleido proud fiesta,19,0.017447199265381085,1,0.024390243902439025
Kimi no Moto e,Love Song wa Totsuzen ni? ~What is the name of that mystery??~,17,0.015610651974288337,1,0.024390243902439025
Coffee Cup Syndrome,Shoegazer Speaker,25,0.02295684113865932,1,0.024390243902439025
Kimi no Moto e,"Yuunagi, Ensemble",25,0.02295684113865932,1,0.024390243902439025
Program continued,"Yuunagi, Ensemble",25,0.02295684113865932,1,0.024390243902439025
Chandelier Waltz,"Yuunagi, Ensemble",26,0.023875114784205693,1,0.024390243902439025
Sawarenai Uta,"Yuunagi, Ensemble",25,0.02295684113865932,1,0.024390243902439025
Dareka ga Wasurete iru Kamoshirenai Bokura ni Daijina 001 no Koto,"Yuunagi, Ensemble",25,0.02295684113865932,1,0.024390243902439025
Seihitsu Kanbi Akigure Jojou,Yume ga Sametara (at that river),22,0.020202020202020204,1,0.024390243902439025
Anti-Trendy Club,Yume ga Sametara (at that river),22,0.020202020202020204,1,0.024390243902439025
Tettoutetsubi Yonayona Drive,"Yuunagi, Ensemble",25,0.02295684113865932,1,0.024390243902439025
Tengoku to Jigoku,"Yuunagi, Ensemble",25,0.02295684113865932,1,0.024390243902439025
Pandemic Sudden Death,"Yuunagi, Ensemble",25,0.02295684113865932,1,0.024390243902439025
Childhood Supernova,"Yuunagi, Ensemble",28,0.025711662075298437,1,0.024390243902439025
Ryusei no Squall,"Yuunagi, Ensemble",25,0.02295684113865932,1,0.024390243902439025
Sakura no Ato (all quartets lead to the?),"Yuunagi, Ensemble",25,0.02295684113865932,1,0.024390243902439025
Sugar Song to Bitter Step,"Yuunagi, Ensemble",25,0.02295684113865932,1,0.024390243902439025
Coffee Cup Syndrome,Sugar Song to Bitter Step,25,0.02295684113865932,1,0.024390243902439025
Chaos ga Kiwamaru,Yume ga Sametara (at that river),22,0.020202020202020204,1,0.024390243902439025
Coffee Cup Syndrome,Tengoku to Jigoku,25,0.02295684113865932,1,0.024390243902439025
WINDOW Akeru,"kid, I like quartet",18,0.01652892561983471,1,0.024390243902439025
Otonoba Chukan Shiken,Ryusei no Squall,26,0.023875114784205693,1,0.024390243902439025
Anti-Trendy Club,MIDNIGHT JUNGLE,22,0.020202020202020204,1,0.024390243902439025
Chaos ga Kiwamaru,MIDNIGHT JUNGLE,22,0.020202020202020204,1,0.024390243902439025
Sawarenai Uta,WINDOW Akeru,17,0.015610651974288337,1,0.024390243902439025
Dareka ga Wasurete iru Kamoshirenai Bokura ni Daijina 001 no Koto,WINDOW Akeru,18,0.01652892561983471,1,0.024390243902439025
MIDNIGHT JUNGLE,Phantom Joke,25,0.02295684113865932,1,0.024390243902439025
Mikazuki no Yoru no Mannaka,WINDOW Akeru,17,0.015610651974288337,1,0.024390243902439025
Instrumental Jam,Yume ga Sametara (at that river),22,0.020202020202020204,1,0.024390243902439025
Scarsdale,WINDOW Akeru,20,0.018365472910927456,1,0.024390243902439025
Shoegazer Speaker,Yume ga Sametara (at that river),22,0.020202020202020204,1,0.024390243902439025
Sugar Song to Bitter Step,Yume ga Sametara (at that river),22,0.020202020202020204,1,0.024390243902439025
Coffee Cup Syndrome,Program continued,25,0.02295684113865932,1,0.024390243902439025
Space Shuttle Lullaby,Yume ga Sametara (at that river),22,0.020202020202020204,1,0.024390243902439025
Drum Solo,Yume ga Sametara (at that river),22,0.020202020202020204,1,0.024390243902439025
Shoegazer Speaker,"Yuunagi, Ensemble",25,0.02295684113865932,1,0.024390243902439025
MIDNIGHT JUNGLE,Space Shuttle Lullaby,22,0.020202020202020204,1,0.024390243902439025
Phantom Joke,Yume ga Sametara (at that river),22,0.020202020202020204,1,0.024390243902439025
Pandemic Sudden Death,Program continued,25,0.02295684113865932,1,0.024390243902439025
Program continued,Sawarenai Uta,27,0.024793388429752067,1,0.024390243902439025
Dareka ga Wasurete iru Kamoshirenai Bokura ni Daijina 001 no Koto,Program continued,28,0.025711662075298437,1,0.024390243902439025
Bachigai Hummingbird,Program continued,27,0.024793388429752067,1,0.024390243902439025
Program continued,"kid, I like quartet",26,0.023875114784205693,1,0.024390243902439025
Program continued,Tettoutetsubi Yonayona Drive,29,0.02662993572084481,1,0.024390243902439025
Program continued,Tengoku to Jigoku,28,0.025711662075298437,1,0.024390243902439025
Childhood Supernova,Program continued,25,0.02295684113865932,1,0.024390243902439025
Kimi no Moto e,Shoegazer Speaker,25,0.02295684113865932,1,0.024390243902439025
Ryusei no Squall,WINDOW Akeru,17,0.015610651974288337,1,0.024390243902439025
Program continued,Ryusei no Squall,26,0.023875114784205693,1,0.024390243902439025
Kirai = Kirai,WINDOW Akeru,17,0.015610651974288337,1,0.024390243902439025
Mikazuki no Yoru no Mannaka,Orion wo Nazoru,18,0.01652892561983471,1,0.024390243902439025
Love Song wa Totsuzen ni? ~What is the name of that mystery??~,Worldwide Supergirl,16,0.014692378328741965,1,0.024390243902439025
23:25,Love Song wa Totsuzen ni? ~What is the name of that mystery??~,17,0.015610651974288337,1,0.024390243902439025
Chandelier Waltz,Program continued,29,0.02662993572084481,1,0.024390243902439025
Kimi no Moto e,Sugar Song to Bitter Step,31,0.028466483011937556,1,0.024390243902439025
Hakoniwa Rock Show,Program continued,25,0.02295684113865932,1,0.024390243902439025
Instrumental Jam,Millennium Happy Chainsaw Edge,22,0.020202020202020204,1,0.024390243902439025
23:25,Phrase Bottle Bye Bye,19,0.017447199265381085,1,0.024390243902439025
Millennium Happy Chainsaw Edge,Nihil Pip Viper,22,0.020202020202020204,1,0.024390243902439025
Millennium Happy Chainsaw Edge,Shoegazer Speaker,22,0.020202020202020204,1,0.024390243902439025
Hakoniwa Rock Show,Pandemic Sudden Death,28,0.025711662075298437,1,0.024390243902439025
Sayonara Summer Time Machine,WINDOW Akeru,18,0.01652892561983471,1,0.024390243902439025
Drum Solo,Millennium Happy Chainsaw Edge,22,0.020202020202020204,1,0.024390243902439025
Otonoba Chukan Shiken,Sawarenai Uta,26,0.023875114784205693,1,0.024390243902439025
City peel,Shoegazer Speaker,22,0.020202020202020204,1,0.024390243902439025
Kimi no Moto e,Program continued,25,0.02295684113865932,1,0.024390243902439025
Millennium Happy Chainsaw Edge,Phantom Joke,22,0.020202020202020204,1,0.024390243902439025
MIDNIGHT JUNGLE,Millennium Happy Chainsaw Edge,22,0.020202020202020204,1,0.024390243902439025
Millennium Happy Chainsaw Edge,Yume ga Sametara (at that river),22,0.020202020202020204,1,0.024390243902439025
City peel,Nihil Pip Viper,22,0.020202020202020204,1,0.024390243902439025
Kimi no Moto e,Pandemic Sudden Death,26,0.023875114784205693,1,0.024390243902439025
kaleido proud fiesta,mix juice no Iutouri,23,0.021120293847566574,1,0.024390243902439025
Koisuru Wakusei,Nihil Pip Viper,22,0.020202020202020204,1,0.024390243902439025
BUSTER DICE MISERY,kaleido proud fiesta,19,0.017447199265381085,1,0.024390243902439025
Koisuru Wakusei,MIDNIGHT JUNGLE,22,0.020202020202020204,1,0.024390243902439025
Millennium Happy Chainsaw Edge,Natsukage Tail Light,19,0.017447199265381085,1,0.024390243902439025
CAPACITY Koeru,Silent Libre Mirage,25,0.02295684113865932,1,0.024390243902439025
23:25,Natsukage Tail Light,19,0.017447199265381085,1,0.024390243902439025
Mou Kimi ni Aenai,Natsukage Tail Light,19,0.017447199265381085,1,0.024390243902439025
Chaos ga Kiwamaru,Natsukage Tail Light,22,0.020202020202020204,1,0.024390243902439025
Dareka ga Wasurete iru Kamoshirenai Bokura ni Daijina 001 no Koto,Tasogare in the Spy,25,0.02295684113865932,1,0.024390243902439025
5-bu-go no Stardust,Silent Libre Mirage,25,0.02295684113865932,1,0.024390243902439025
Tasogare in the Spy,"kid, I like quartet",25,0.02295684113865932,1,0.024390243902439025
Phantom Joke,Seihitsu Kanbi Akigure Jojou,27,0.024793388429752067,1,0.024390243902439025
Kimi no Moto e,kaleido proud fiesta,19,0.017447199265381085,1,0.024390243902439025
Pandemic Sudden Death,Tasogare in the Spy,26,0.023875114784205693,1,0.024390243902439025
Childhood Supernova,Tasogare in the Spy,25,0.02295684113865932,1,0.024390243902439025
Dareka ga Wasurete iru Kamoshirenai Bokura ni Daijina 001 no Koto,overture ~Spring Spring Spring~,12,0.011019283746556474,1,0.024390243902439025
Cheap Cheap Endroll,to the CIDER ROAD,25,0.02295684113865932,1,0.024390243902439025
"10% roll, 10% romance",to the CIDER ROAD,25,0.02295684113865932,1,0.024390243902439025
Sekai wa Fancy,to the CIDER ROAD,25,0.02295684113865932,1,0.024390243902439025
kaleido proud fiesta,to the CIDER ROAD,25,0.02295684113865932,1,0.024390243902439025
Sanpo Saki My Life,to the CIDER ROAD,25,0.02295684113865932,1,0.024390243902439025
fake town baby,to the CIDER ROAD,25,0.02295684113865932,1,0.024390243902439025
Anti-Trendy Club,Natsukage Tail Light,19,0.017447199265381085,1,0.024390243902439025
Natsukage Tail Light,Space Shuttle Lullaby,19,0.017447199265381085,1,0.024390243902439025
Ryusei no Squall,Tasogare in the Spy,26,0.023875114784205693,1,0.024390243902439025
Phrase Bottle Bye Bye,mix juice no Iutouri,19,0.017447199265381085,1,0.024390243902439025
Mou Kimi ni Aenai,Phrase Bottle Bye Bye,19,0.017447199265381085,1,0.024390243902439025
Koisuru Wakusei,Yume ga Sametara (at that river),22,0.020202020202020204,1,0.024390243902439025
Koko de Atta ga Kemonomichi,Phrase Bottle Bye Bye,19,0.017447199265381085,1,0.024390243902439025
Ikenai fool logic,Phrase Bottle Bye Bye,22,0.020202020202020204,1,0.024390243902439025
Phrase Bottle Bye Bye,Scarsdale,19,0.017447199265381085,1,0.024390243902439025
Kimi no Moto e,Phrase Bottle Bye Bye,19,0.017447199265381085,1,0.024390243902439025
Koisuru Wakusei,Phrase Bottle Bye Bye,19,0.017447199265381085,1,0.024390243902439025
BUSTER DICE MISERY,Phrase Bottle Bye Bye,19,0.017447199265381085,1,0.024390243902439025
Phrase Bottle Bye Bye,Tengoku to Jigoku,19,0.017447199265381085,1,0.024390243902439025
Space Shuttle Lullaby,mix juice no Iutouri,20,0.018365472910927456,1,0.024390243902439025
Ride on Time,mix juice no Iutouri,22,0.020202020202020204,1,0.024390243902439025
Anti-Trendy Club,mix juice no Iutouri,21,0.01928374655647383,1,0.024390243902439025
Sekai wa Fancy,mix juice no Iutouri,24,0.02203856749311295,1,0.024390243902439025
Millennium Happy Chainsaw Edge,mix juice no Iutouri,20,0.018365472910927456,1,0.024390243902439025
Mou Kimi ni Aenai,mix juice no Iutouri,19,0.017447199265381085,1,0.024390243902439025
Chaos ga Kiwamaru,mix juice no Iutouri,25,0.02295684113865932,1,0.024390243902439025
Koko de Atta ga Kemonomichi,mix juice no Iutouri,19,0.017447199265381085,1,0.024390243902439025
Kimi no Moto e,mix juice no Iutouri,22,0.020202020202020204,1,0.024390243902439025
Koisuru Wakusei,mix juice no Iutouri,22,0.020202020202020204,1,0.024390243902439025
Kirai = Kirai,Linear Blue wo Kikinagara,17,0.015610651974288337,1,0.024390243902439025
MIDNIGHT JUNGLE,kaleido proud fiesta,22,0.020202020202020204,1,0.024390243902439025
Koko de Atta ga Kemonomichi,kaleido proud fiesta,19,0.017447199265381085,1,0.024390243902439025
Natsukage Tail Light,Scarsdale,20,0.018365472910927456,1,0.024390243902439025
Linear Blue wo Kikinagara,Sora no Tobikata,1,0.0009182736455463728,1,0.024390243902439025
Sanpo Saki My Life,Sekai wa Fancy,26,0.023875114784205693,1,0.024390243902439025
Deirai Kyousou Gakudan,overture ~Spring Spring Spring~,12,0.011019283746556474,1,0.024390243902439025
CAPACITY Koeru,Sekai wa Fancy,26,0.023875114784205693,1,0.024390243902439025
Bachigai Hummingbird,Ride on Time / Toshindai no Chikyu / MR. Andy / CAPACITY Koeru / Worldwide Supergirl / Coffee Cup Syndrome  / Sentimental Period  / Drum Solo / Galileo no Showcase,12,0.011019283746556474,1,0.024390243902439025
Koisuru Wakusei,Tettoutetsubi Yonayona Drive,23,0.021120293847566574,1,0.024390243902439025
Ride on Time / Toshindai no Chikyu / MR. Andy / CAPACITY Koeru / Worldwide Supergirl / Coffee Cup Syndrome  / Sentimental Period  / Drum Solo / Galileo no Showcase,Shupurehikouru ~Sekai ga Owaru Mae ni~,12,0.011019283746556474,1,0.024390243902439025
BUSTER DICE MISERY,Natsukage Tail Light,19,0.017447199265381085,1,0.024390243902439025
Ride on Time / Toshindai no Chikyu / MR. Andy / CAPACITY Koeru / Worldwide Supergirl / Coffee Cup Syndrome  / Sentimental Period  / Drum Solo / Galileo no Showcase,Sora no Tobikata,12,0.011019283746556474,1,0.024390243902439025
Kimi no Moto e,Natsukage Tail Light,19,0.017447199265381085,1,0.024390243902439025
Airabuniju,Ride on Time / Toshindai no Chikyu / MR. Andy / CAPACITY Koeru / Worldwide Supergirl / Coffee Cup Syndrome  / Sentimental Period  / Drum Solo / Galileo no Showcase,12,0.011019283746556474,1,0.024390243902439025
Koisuru Wakusei,Phantom Joke,23,0.021120293847566574,1,0.024390243902439025
Mou Kimi ni Aenai,kaleido proud fiesta,21,0.01928374655647383,1,0.024390243902439025
Natsukage Tail Light,Phrase Bottle Bye Bye,19,0.017447199265381085,1,0.024390243902439025
Koko de Atta ga Kemonomichi,Natsukage Tail Light,19,0.017447199265381085,1,0.024390243902439025
Ikenai fool logic,Natsukage Tail Light,19,0.017447199265381085,1,0.024390243902439025
Galileo no Showcase,Otonoba Chukan Shiken,27,0.024793388429752067,1,0.024390243902439025
Linear Blue wo Kikinagara,Mikazuki no Yoru no Mannaka,18,0.01652892561983471,1,0.024390243902439025
MIDNIGHT JUNGLE,Nihil Pip Viper,22,0.020202020202020204,1,0.024390243902439025
Anti-Trendy Club,Phantom Joke,22,0.020202020202020204,1,0.024390243902439025
Galileo no Showcase,Program continued,29,0.02662993572084481,1,0.024390243902439025
Ride on Time,kaleido proud fiesta,23,0.021120293847566574,1,0.024390243902439025
Natsukage Tail Light,mix juice no Iutouri,19,0.017447199265381085,1,0.024390243902439025
Koisuru Wakusei,Natsukage Tail Light,19,0.017447199265381085,1,0.024390243902439025
CAPACITY Koeru,Cheap Cheap Endroll,26,0.023875114784205693,1,0.024390243902439025
"10% roll, 10% romance",CAPACITY Koeru,26,0.023875114784205693,1,0.024390243902439025
Program continued,Sanpo Saki My Life,1,0.0009182736455463728,0,0.0
Galileo no Showcase,"Manatsu no Kosen,  Shonen Jidai no Omokage",1,0.0009182736455463728,0,0.0
Full Color Program,"Manatsu no Kosen,  Shonen Jidai no Omokage",1,0.0009182736455463728,0,0.0
5-bu-go no Stardust,"Manatsu no Kosen,  Shonen Jidai no Omokage",1,0.0009182736455463728,0,0.0
Program continued,Scarsdale,1,0.0009182736455463728,0,0.0
MR. Andy,Program continued,2,0.0018365472910927456,0,0.0
Counter Identity,"Manatsu no Kosen,  Shonen Jidai no Omokage",1,0.0009182736455463728,0,0.0
Ito,Tettoutetsubi Yonayona Drive,1,0.0009182736455463728,0,0.0
23:25,"Manatsu no Kosen,  Shonen Jidai no Omokage",1,0.0009182736455463728,0,0.0
Clover,"Manatsu no Kosen,  Shonen Jidai no Omokage",1,0.0009182736455463728,0,0.0
Hakoniwa Rock Show,"Manatsu no Kosen,  Shonen Jidai no Omokage",1,0.0009182736455463728,0,0.0
"8-Gatsu, Hirunaka no Nagareboshi to Hikouki-Gumo",Tasogare in the Spy,1,0.0009182736455463728,0,0.0
Chandelier Waltz,Natsukage Tail Light,1,0.0009182736455463728,0,0.0
Ohitoyoshi Chameleom,Sentimental Period,1,0.0009182736455463728,0,0.0
Program continued,like coffee no Omajinai,1,0.0009182736455463728,0,0.0
Invisible Sensation,Tasogare in the Spy,1,0.0009182736455463728,0,0.0
Dareka ga Wasurete iru Kamoshirenai Bokura ni Daijina 001 no Koto,like coffee no Omajinai,1,0.0009182736455463728,0,0.0
23:25,Program continued,1,0.0009182736455463728,0,0.0
Linear Blue wo Kikinagara,Tasogare in the Spy,1,0.0009182736455463728,0,0.0
"Catch up, latency",Tasogare in the Spy,1,0.0009182736455463728,0,0.0
"10% roll, 10% romance",Tasogare in the Spy,1,0.0009182736455463728,0,0.0
Tasogare in the Spy,cody beats,1,0.0009182736455463728,0,0.0
Instrumental Jam,Tasogare in the Spy,1,0.0009182736455463728,0,0.0
Tasogare in the Spy,fake town baby,1,0.0009182736455463728,0,0.0
Sayonara Summer Time Machine,UNO Story,2,0.0018365472910927456,0,0.0
Drum Solo,Sentimental Period,2,0.0018365472910927456,0,0.0
Sora no Tobikata,Tokyo Scenario,2,0.0018365472910927456,0,0.0
Ito,Sentimental Period,1,0.0009182736455463728,0,0.0
Mizu to Ame ni Tsuite,Tasogare in the Spy,1,0.0009182736455463728,0,0.0
Counter Identity,Haru ga Kite Bokura,1,0.0009182736455463728,0,0.0
Haru ga Kite Bokura,Program continued,1,0.0009182736455463728,0,0.0
Itsuka no Shounen,"Manatsu no Kosen,  Shonen Jidai no Omokage",1,0.0009182736455463728,0,0.0
Program continued,Tokyo Scenario,2,0.0018365472910927456,0,0.0
Dareka ga Wasurete iru Kamoshirenai Bokura ni Daijina 001 no Koto,Tokyo Scenario,2,0.0018365472910927456,0,0.0
Micro Paradiso!,Ryusei Kouro,1,0.0009182736455463728,0,0.0
Ryusei Kouro,Sayonara Summer Time Machine,1,0.0009182736455463728,0,0.0
Aerial Alien,Sayonara Summer Time Machine,1,0.0009182736455463728,0,0.0
101-kaime no Prologue,Sayonara Summer Time Machine,1,0.0009182736455463728,0,0.0
Sayonara Dai Kyu Wakusei,Sayonara Summer Time Machine,1,0.0009182736455463728,0,0.0
"8-Gatsu, Hirunaka no Nagareboshi to Hikouki-Gumo",Sentimental Period,1,0.0009182736455463728,0,0.0
Invisible Sensation,Ohitoyoshi Chameleom,1,0.0009182736455463728,0,0.0
CAPACITY Koeru,Ryusei Kouro,1,0.0009182736455463728,0,0.0
Aerial Alien,Ryusei Kouro,1,0.0009182736455463728,0,0.0
101-kaime no Prologue,Ryusei Kouro,1,0.0009182736455463728,0,0.0
Ryusei Kouro,Shoegazer Speaker,1,0.0009182736455463728,0,0.0
Hikari Nodokeki Haru no Hi ni,Sugar Song to Bitter Step,1,0.0009182736455463728,0,0.0
Otonoba Chukan Shiken,Ryusei Kouro,1,0.0009182736455463728,0,0.0
Ryusei Kouro,Sekai wa Fancy,1,0.0009182736455463728,0,0.0
Ryusei Kouro,Siren in the Spy,1,0.0009182736455463728,0,0.0
Momai termination,RUNNERS HIGH REPRISE,1,0.0009182736455463728,0,0.0
Ryusei Kouro,Seku x Kara x Shisonzuuru,1,0.0009182736455463728,0,0.0
Counter Identity,Invisible Sensation,1,0.0009182736455463728,0,0.0
Aerial Alien,CAPACITY Koeru,2,0.0018365472910927456,0,0.0
Invisible Sensation,Program continued,1,0.0009182736455463728,0,0.0
Invisible Sensation,Sawarenai Uta,1,0.0009182736455463728,0,0.0
Galileo no Showcase,UNO Story,3,0.0027548209366391185,0,0.0
Instrumental Jam,Sentimental Period,1,0.0009182736455463728,0,0.0
Dareka ga Wasurete iru Kamoshirenai Bokura ni Daijina 001 no Koto,Santa Claus wa Juutai-chuu,2,0.0018365472910927456,0,0.0
Master Volume,Program continued,1,0.0009182736455463728,0,0.0
Hatch I need,mix juice no Iutouri,1,0.0009182736455463728,0,0.0
Childhood Supernova,Hitori Omou wa Ame no Naka,2,0.0018365472910927456,0,0.0
Program continued,UNO Story,2,0.0018365472910927456,0,0.0
Program continued,Shupurehikouru ~Sekai ga Owaru Mae ni~,1,0.0009182736455463728,0,0.0
Light Flat,"Manatsu no Kosen,  Shonen Jidai no Omokage",1,0.0009182736455463728,0,0.0
MR. Andy,"Manatsu no Kosen,  Shonen Jidai no Omokage",1,0.0009182736455463728,0,0.0
RUNNERS HIGH REPRISE,Sora no Tobikata,2,0.0018365472910927456,0,0.0
Dareka ga Wasurete iru Kamoshirenai Bokura ni Daijina 001 no Koto,Tarareba Watagashi,2,0.0018365472910927456,0,0.0
Dareka ga Wasurete iru Kamoshirenai Bokura ni Daijina 001 no Koto,Koko de Atta ga Kemonomichi,2,0.0018365472910927456,0,0.0
"Manatsu no Kosen,  Shonen Jidai no Omokage",Sentimental Period,1,0.0009182736455463728,0,0.0
Sentimental Period,instant EGOIST,1,0.0009182736455463728,0,0.0
"Manatsu no Kosen,  Shonen Jidai no Omokage",Sanpo Saki My Life,1,0.0009182736455463728,0,0.0
Hikari Nodokeki Haru no Hi ni,Program continued,1,0.0009182736455463728,0,0.0
Otonoba Chukan Shiken,Ride on Time,1,0.0009182736455463728,0,0.0
RUNNERS HIGH REPRISE,Ride on Time,1,0.0009182736455463728,0,0.0
RUNNERS HIGH REPRISE,Siren in the Spy,1,0.0009182736455463728,0,0.0
3 minutes replay,Program continued,1,0.0009182736455463728,0,0.0
Momai termination,"kid, I like quartet",1,0.0009182736455463728,0,0.0
3 minutes replay,Tettoutetsubi Yonayona Drive,1,0.0009182736455463728,0,0.0
Hikari Nodokeki Haru no Hi ni,Sanpo Saki My Life,1,0.0009182736455463728,0,0.0
Shupurehikouru ~Sekai ga Owaru Mae ni~,Sugar Song to Bitter Step,1,0.0009182736455463728,0,0.0
Sayonara Summer Time Machine,Tarareba Watagashi,2,0.0018365472910927456,0,0.0
Sentimental Period,to the CIDER ROAD,1,0.0009182736455463728,0,0.0
Galileo no Showcase,Tokyo Scenario,2,0.0018365472910927456,0,0.0
Another World,to the CIDER ROAD,1,0.0009182736455463728,0,0.0
Dareka ga Wasurete iru Kamoshirenai Bokura ni Daijina 001 no Koto,Micro Paradiso!,2,0.0018365472910927456,0,0.0
Sayonara Dai Kyu Wakusei,to the CIDER ROAD,1,0.0009182736455463728,0,0.0
Another World,Drum Solo,1,0.0009182736455463728,0,0.0
Drum Solo,Sayonara Dai Kyu Wakusei,2,0.0018365472910927456,0,0.0
Ito,to the CIDER ROAD,1,0.0009182736455463728,0,0.0
Micro Paradiso!,Program continued,2,0.0018365472910927456,0,0.0
Galileo no Showcase,Koko de Atta ga Kemonomichi,2,0.0018365472910927456,0,0.0
Galileo no Showcase,Tarareba Watagashi,2,0.0018365472910927456,0,0.0
Galileo no Showcase,Kimi wa Iiko,2,0.0018365472910927456,0,0.0
Dareka ga Wasurete iru Kamoshirenai Bokura ni Daijina 001 no Koto,Radial Night Chaser,2,0.0018365472910927456,0,0.0
Radial Night Chaser,Tokyo Scenario,2,0.0018365472910927456,0,0.0
Chandelier Waltz,Ito,1,0.0009182736455463728,0,0.0
RUNNERS HIGH REPRISE,Radial Night Chaser,3,0.0027548209366391185,0,0.0
RUNNERS HIGH REPRISE,over driver,2,0.0018365472910927456,0,0.0
Tokyo Scenario,over driver,2,0.0018365472910927456,0,0.0
RUNNERS HIGH REPRISE,Tokyo Scenario,2,0.0018365472910927456,0,0.0
RUNNERS HIGH REPRISE,Santa Claus wa Juutai-chuu,3,0.0027548209366391185,0,0.0
RUNNERS HIGH REPRISE,Tarareba Watagashi,2,0.0018365472910927456,0,0.0
Boku wa Kimi ni Naritai,RUNNERS HIGH REPRISE,2,0.0018365472910927456,0,0.0
Micro Paradiso!,Tokyo Scenario,2,0.0018365472910927456,0,0.0
Program continued,Seku x Kara x Shisonzuuru,3,0.0027548209366391185,0,0.0
Nagareboshi wo Uchi Otose,Worldwide Supergirl,1,0.0009182736455463728,0,0.0
Natsukage Tail Light,WINDOW Akeru,1,0.0009182736455463728,0,0.0
Program continued,over driver,3,0.0027548209366391185,0,0.0
Program continued,Santa Claus wa Juutai-chuu,3,0.0027548209366391185,0,0.0
Program continued,Tarareba Watagashi,2,0.0018365472910927456,0,0.0
Koko de Atta ga Kemonomichi,Program continued,3,0.0027548209366391185,0,0.0
RUNNERS HIGH REPRISE,Sayonara Summer Time Machine,2,0.0018365472910927456,0,0.0
Program continued,Sora no Tobikata,2,0.0018365472910927456,0,0.0
Program continued,Sayonara Summer Time Machine,2,0.0018365472910927456,0,0.0
Kimi wa Iiko,Tarareba Watagashi,2,0.0018365472910927456,0,0.0
Sesshoku Vigilante,Talk Corner,1,0.0009182736455463728,0,0.0
Kimi wa Iiko,Tokyo Scenario,2,0.0018365472910927456,0,0.0
Hatch I need,Talk Corner,1,0.0009182736455463728,0,0.0
Kimi wa Iiko,RUNNERS HIGH REPRISE,2,0.0018365472910927456,0,0.0
Kimi wa Iiko,Sora no Tobikata,2,0.0018365472910927456,0,0.0
Dareka ga Wasurete iru Kamoshirenai Bokura ni Daijina 001 no Koto,Kimi wa Iiko,2,0.0018365472910927456,0,0.0
Kimi wa Iiko,Program continued,2,0.0018365472910927456,0,0.0
Seku x Kara x Shisonzuuru,Tokyo Scenario,2,0.0018365472910927456,0,0.0
RUNNERS HIGH REPRISE,Seku x Kara x Shisonzuuru,3,0.0027548209366391185,0,0.0
Dareka ga Wasurete iru Kamoshirenai Bokura ni Daijina 001 no Koto,Seku x Kara x Shisonzuuru,3,0.0027548209366391185,0,0.0
Sekai wa Fancy,WINDOW Akeru,1,0.0009182736455463728,0,0.0
Koko de Atta ga Kemonomichi,RUNNERS HIGH REPRISE,2,0.0018365472910927456,0,0.0
5-bu-go no Stardust,RUNNERS HIGH REPRISE,2,0.0018365472910927456,0,0.0
Sentimental Period,Tasogare in the Spy,1,0.0009182736455463728,0,0.0
Love Song wa Totsuzen ni? ~What is the name of that mystery??~,Tokyo Scenario,2,0.0018365472910927456,0,0.0
Sayonara Summer Time Machine,Tokyo Scenario,2,0.0018365472910927456,0,0.0
Hikari Nodokeki Haru no Hi ni,harmonized finale,1,0.0009182736455463728,0,0.0
Pistol Galaxy,Talk Corner,1,0.0009182736455463728,0,0.0
Full Color Program,Program continued,2,0.0018365472910927456,0,0.0
Full Color Program,Ito,1,0.0009182736455463728,0,0.0
Hakoniwa Rock Show,Ito,1,0.0009182736455463728,0,0.0
Linear Blue wo Kikinagara,Program continued,2,0.0018365472910927456,0,0.0
Ito,Sugar Song to Bitter Step,1,0.0009182736455463728,0,0.0
Galileo no Showcase,Radial Night Chaser,2,0.0018365472910927456,0,0.0
Love Song wa Totsuzen ni? ~What is the name of that mystery??~,RUNNERS HIGH REPRISE,2,0.0018365472910927456,0,0.0
Snow Reverse,Tokyo Scenario,2,0.0018365472910927456,0,0.0
Tokyo Scenario,UNO Story,2,0.0018365472910927456,0,0.0
MR. Andy,to the CIDER ROAD,1,0.0009182736455463728,0,0.0
Ito,MR. Andy,1,0.0009182736455463728,0,0.0
RUNNERS HIGH REPRISE,UNO Story,2,0.0018365472910927456,0,0.0
3 minutes replay,Linear Blue wo Kikinagara,1,0.0009182736455463728,0,0.0
Sora no Tobikata,UNO Story,2,0.0018365472910927456,0,0.0
Dareka ga Wasurete iru Kamoshirenai Bokura ni Daijina 001 no Koto,UNO Story,3,0.0027548209366391185,0,0.0
Program continued,RUNNERS HIGH REPRISE,2,0.0018365472910927456,0,0.0
Ohitoyoshi Chameleom,Orion wo Nazoru,1,0.0009182736455463728,0,0.0
Program continued,harmonized finale,3,0.0027548209366391185,0,0.0
Worldwide Supergirl,like coffee no Omajinai,1,0.0009182736455463728,0,0.0
Drum Solo,Ito,1,0.0009182736455463728,0,0.0
Ito,Sayonara Dai Kyu Wakusei,1,0.0009182736455463728,0,0.0
Santa Claus wa Juutai-chuu,Tokyo Scenario,2,0.0018365472910927456,0,0.0
Tarareba Watagashi,Tokyo Scenario,2,0.0018365472910927456,0,0.0
Boku wa Kimi ni Naritai,Tokyo Scenario,2,0.0018365472910927456,0,0.0
Koko de Atta ga Kemonomichi,Tokyo Scenario,2,0.0018365472910927456,0,0.0
5-bu-go no Stardust,Tokyo Scenario,2,0.0018365472910927456,0,0.0
Sentimental Period,Tameiki shooting the MOON,2,0.0018365472910927456,0,0.0
Sentimental Period,harmonized finale,2,0.0018365472910927456,0,0.0
Program continued,Radial Night Chaser,3,0.0027548209366391185,0,0.0
Sentimental Period,like coffee no Omajinai,1,0.0009182736455463728,0,0.0
Program continued,Sentimental Period,2,0.0018365472910927456,0,0.0
Sentimental Period,Tengoku to Jigoku,5,0.004591368227731864,0,0.0
Clover,Program continued,1,0.0009182736455463728,0,0.0
3 minutes replay,Clover,1,0.0009182736455463728,0,0.0
Program continued,Tameiki shooting the MOON,1,0.0009182736455463728,0,0.0
Dareka ga Wasurete iru Kamoshirenai Bokura ni Daijina 001 no Koto,Tameiki shooting the MOON,1,0.0009182736455463728,0,0.0
23:25,Ito,1,0.0009182736455463728,0,0.0
3 minutes replay,Tameiki shooting the MOON,1,0.0009182736455463728,0,0.0
Another World,Ito,1,0.0009182736455463728,0,0.0
Ito,"kid, I like quartet",1,0.0009182736455463728,0,0.0
Program continued,Worldwide Supergirl,1,0.0009182736455463728,0,0.0
Drum Solo & Jam,Phantom Joke,1,0.0009182736455463728,0,0.0
101-kaime no Prologue,CAPACITY Koeru,1,0.0009182736455463728,0,0.0
Drum Solo & Jam,Sentimental Period,1,0.0009182736455463728,0,0.0
Koisuru Wakusei,Sentimental Period,2,0.0018365472910927456,0,0.0
Sekai wa Fancy,Sentimental Period,3,0.0027548209366391185,0,0.0
Kimi no Hitomi ni Koishi Tenai,Sentimental Period,3,0.0027548209366391185,0,0.0
Mermaid Scandalous,Sentimental Period,2,0.0018365472910927456,0,0.0
Mou Kimi ni Aenai,Sentimental Period,1,0.0009182736455463728,0,0.0
101-kaime no Prologue,Drum Solo & Jam,1,0.0009182736455463728,0,0.0
101-kaime no Prologue,Full Color Program,1,0.0009182736455463728,0,0.0
101-kaime no Prologue,Itsuka no Shounen,1,0.0009182736455463728,0,0.0
101-kaime no Prologue,"Catch up, latency",2,0.0018365472910927456,0,0.0
101-kaime no Prologue,Koisuru Wakusei,1,0.0009182736455463728,0,0.0
101-kaime no Prologue,Chandelier Waltz,1,0.0009182736455463728,0,0.0
101-kaime no Prologue,kaleido proud fiesta,1,0.0009182736455463728,0,0.0
101-kaime no Prologue,Sanpo Saki My Life,1,0.0009182736455463728,0,0.0
101-kaime no Prologue,Kimi no Hitomi ni Koishi Tenai,1,0.0009182736455463728,0,0.0
101-kaime no Prologue,Scarsdale,1,0.0009182736455463728,0,0.0
101-kaime no Prologue,Chaos ga Kiwamaru,3,0.0027548209366391185,0,0.0
101-kaime no Prologue,fake town baby,1,0.0009182736455463728,0,0.0
101-kaime no Prologue,Mou Kimi ni Aenai,1,0.0009182736455463728,0,0.0
Invisible Sensation,Mizu to Ame ni Tsuite,1,0.0009182736455463728,0,0.0
Dizzy Trickster,Drum Solo & Jam,1,0.0009182736455463728,0,0.0
Dizzy Trickster,Itsuka no Shounen,1,0.0009182736455463728,0,0.0
Dizzy Trickster,Koisuru Wakusei,1,0.0009182736455463728,0,0.0
Chandelier Waltz,Dizzy Trickster,1,0.0009182736455463728,0,0.0
Dizzy Trickster,kaleido proud fiesta,1,0.0009182736455463728,0,0.0
Dizzy Trickster,Sanpo Saki My Life,1,0.0009182736455463728,0,0.0
Hatch I need,Sentimental Period,2,0.0018365472910927456,0,0.0
Sentimental Period,Slow Curve wa Utenai (that made me crazy),2,0.0018365472910927456,0,0.0
Dizzy Trickster,Mou Kimi ni Aenai,1,0.0009182736455463728,0,0.0
Otonoba Chukan Shiken,Sentimental Period,3,0.0027548209366391185,0,0.0
Boujaku no Charisma,Tameiki shooting the MOON,1,0.0009182736455463728,0,0.0
Drum Solo & Jam,Orion wo Nazoru,1,0.0009182736455463728,0,0.0
Mou Kimi ni Aenai,Orion wo Nazoru,1,0.0009182736455463728,0,0.0
Drum Solo & Jam,Haru ga Kite Bokura,1,0.0009182736455463728,0,0.0
101-kaime no Prologue,Talk Corner,1,0.0009182736455463728,0,0.0
Haru ga Kite Bokura,Itsuka no Shounen,1,0.0009182736455463728,0,0.0
Linear Blue wo Kikinagara,Talk Corner,1,0.0009182736455463728,0,0.0
Sawarenai Uta,to the CIDER ROAD,1,0.0009182736455463728,0,0.0
Sawarenai Uta,like coffee no Omajinai,2,0.0018365472910927456,0,0.0
Momai termination,Otonoba Chukan Shiken,2,0.0018365472910927456,0,0.0
Interview,Sentimental Period,1,0.0009182736455463728,0,0.0
Sentimental Period,Simple Simple Anecdote,1,0.0009182736455463728,0,0.0
Haru ga Kite Bokura,Koisuru Wakusei,2,0.0018365472910927456,0,0.0
Haru ga Kite Bokura,Mou Kimi ni Aenai,1,0.0009182736455463728,0,0.0
101-kaime no Prologue,Sentimental Period,2,0.0018365472910927456,0,0.0
Dizzy Trickster,Sentimental Period,1,0.0009182736455463728,0,0.0
Andromeda,Toushindai no Chikyu,1,0.0009182736455463728,0,0.0
Andromeda,"Nigatsu, Hakuchu no Nagareboshi to Hikoukigumo",1,0.0009182736455463728,0,0.0
Mou Kimi ni Aenai,Sugar Song to Bitter Step,1,0.0009182736455463728,0,0.0
Mermaid Scandalous,Mou Kimi ni Aenai,1,0.0009182736455463728,0,0.0
Mou Kimi ni Aenai,fake town baby,1,0.0009182736455463728,0,0.0
Mermaid Scandalous,fake town baby,1,0.0009182736455463728,0,0.0
Kimi no Hitomi ni Koishi Tenai,Mou Kimi ni Aenai,1,0.0009182736455463728,0,0.0
Mou Kimi ni Aenai,Sanpo Saki My Life,1,0.0009182736455463728,0,0.0
Mermaid Scandalous,Sanpo Saki My Life,1,0.0009182736455463728,0,0.0
Dizzy Trickster,Scarsdale,1,0.0009182736455463728,0,0.0
Drum Solo & Jam,Invisible Sensation,1,0.0009182736455463728,0,0.0
Fool on the planet,Shoegazer Speaker,1,0.0009182736455463728,0,0.0
Itsuka no Shounen,Mermaid Scandalous,1,0.0009182736455463728,0,0.0
Drum Solo & Jam,Hatch I need,1,0.0009182736455463728,0,0.0
"Catch up, latency",Drum Solo & Jam,1,0.0009182736455463728,0,0.0
Drum Solo & Jam,Koisuru Wakusei,1,0.0009182736455463728,0,0.0
Chandelier Waltz,Drum Solo & Jam,1,0.0009182736455463728,0,0.0
Itsuka no Shounen,fake town baby,1,0.0009182736455463728,0,0.0
Chaos ga Kiwamaru,Itsuka no Shounen,1,0.0009182736455463728,0,0.0
Itsuka no Shounen,Tengoku to Jigoku,1,0.0009182736455463728,0,0.0
Itsuka no Shounen,Kimi no Hitomi ni Koishi Tenai,1,0.0009182736455463728,0,0.0
Itsuka no Shounen,kaleido proud fiesta,1,0.0009182736455463728,0,0.0
Itsuka no Shounen,Phantom Joke,1,0.0009182736455463728,0,0.0
Itsuka no Shounen,Sekai wa Fancy,1,0.0009182736455463728,0,0.0
Itsuka no Shounen,Koisuru Wakusei,1,0.0009182736455463728,0,0.0
"Catch up, latency",Itsuka no Shounen,1,0.0009182736455463728,0,0.0
Hatch I need,Itsuka no Shounen,1,0.0009182736455463728,0,0.0
Drum Solo & Jam,Sugar Song to Bitter Step,1,0.0009182736455463728,0,0.0
Drum Solo & Jam,Mou Kimi ni Aenai,1,0.0009182736455463728,0,0.0
Drum Solo & Jam,Sekai wa Fancy,1,0.0009182736455463728,0,0.0
Drum Solo & Jam,Mermaid Scandalous,1,0.0009182736455463728,0,0.0
Drum Solo & Jam,fake town baby,1,0.0009182736455463728,0,0.0
Chaos ga Kiwamaru,Drum Solo & Jam,1,0.0009182736455463728,0,0.0
Drum Solo & Jam,Scarsdale,1,0.0009182736455463728,0,0.0
Drum Solo & Jam,Tengoku to Jigoku,1,0.0009182736455463728,0,0.0
Drum Solo & Jam,Kimi no Hitomi ni Koishi Tenai,1,0.0009182736455463728,0,0.0
Drum Solo & Jam,Sanpo Saki My Life,1,0.0009182736455463728,0,0.0
Drum Solo & Jam,kaleido proud fiesta,1,0.0009182736455463728,0,0.0
Drum Solo & Jam,Itsuka no Shounen,1,0.0009182736455463728,0,0.0
Drum Solo & Jam,Full Color Program,1,0.0009182736455463728,0,0.0
Invisible Sensation,Itsuka no Shounen,1,0.0009182736455463728,0,0.0
Slow Curve wa Utenai (that made me crazy),fake town baby,1,0.0009182736455463728,0,0.0
Drum Solo & Jam,Otonoba Chukan Shiken,1,0.0009182736455463728,0,0.0
Mou Kimi ni Aenai,Phantom Joke,1,0.0009182736455463728,0,0.0
Itsuka no Shounen,Otonoba Chukan Shiken,1,0.0009182736455463728,0,0.0
Chandelier Waltz,Mou Kimi ni Aenai,1,0.0009182736455463728,0,0.0
"Catch up, latency",Otonoba Chukan Shiken,2,0.0018365472910927456,0,0.0
Chandelier Waltz,Mermaid Scandalous,1,0.0009182736455463728,0,0.0
Koisuru Wakusei,Mermaid Scandalous,1,0.0009182736455463728,0,0.0
Koisuru Wakusei,Otonoba Chukan Shiken,1,0.0009182736455463728,0,0.0
Koisuru Wakusei,Sanpo Saki My Life,1,0.0009182736455463728,0,0.0
Chandelier Waltz,Koisuru Wakusei,1,0.0009182736455463728,0,0.0
"Catch up, latency",Mou Kimi ni Aenai,1,0.0009182736455463728,0,0.0
"Catch up, latency",Mermaid Scandalous,2,0.0018365472910927456,0,0.0
"Catch up, latency",Sekai wa Fancy,2,0.0018365472910927456,0,0.0
"Catch up, latency",Koisuru Wakusei,1,0.0009182736455463728,0,0.0
Hatch I need,Mou Kimi ni Aenai,1,0.0009182736455463728,0,0.0
Hatch I need,fake town baby,1,0.0009182736455463728,0,0.0
Mou Kimi ni Aenai,Otonoba Chukan Shiken,1,0.0009182736455463728,0,0.0
"Catch up, latency",Hatch I need,3,0.0027548209366391185,0,0.0
Itsuka no Shounen,Sugar Song to Bitter Step,1,0.0009182736455463728,0,0.0
Drum Solo & Jam,Slow Curve wa Utenai (that made me crazy),1,0.0009182736455463728,0,0.0
Itsuka no Shounen,Slow Curve wa Utenai (that made me crazy),1,0.0009182736455463728,0,0.0
"Catch up, latency",Slow Curve wa Utenai (that made me crazy),2,0.0018365472910927456,0,0.0
Koisuru Wakusei,Slow Curve wa Utenai (that made me crazy),1,0.0009182736455463728,0,0.0
Scarsdale,Slow Curve wa Utenai (that made me crazy),1,0.0009182736455463728,0,0.0
Itsuka no Shounen,Mou Kimi ni Aenai,1,0.0009182736455463728,0,0.0
Seihitsu Kanbi Akigure Jojou,Tameiki shooting the MOON,1,0.0009182736455463728,0,0.0
Chaos ga Kiwamaru,Tameiki shooting the MOON,1,0.0009182736455463728,0,0.0
Anti-Trendy Club,Tameiki shooting the MOON,1,0.0009182736455463728,0,0.0
Messenger From Zen Sekai,kaleido proud fiesta,1,0.0009182736455463728,0,0.0
Full Color Program,Keyboard Solo,1,0.0009182736455463728,0,0.0
Micro Paradiso!,Shoegazer Speaker,1,0.0009182736455463728,0,0.0
Micro Paradiso!,Otonoba Chukan Shiken,1,0.0009182736455463728,0,0.0
Micro Paradiso!,Sayonara Dai Kyu Wakusei,1,0.0009182736455463728,0,0.0
Keyboard Solo,harmonized finale,1,0.0009182736455463728,0,0.0
Keyboard Solo,Sakura no Ato (all quartets lead to the?),1,0.0009182736455463728,0,0.0
Drum Solo,harmonized finale,3,0.0027548209366391185,0,0.0
Drum Solo,Keyboard Solo,1,0.0009182736455463728,0,0.0
Friday Novels,Keyboard Solo,1,0.0009182736455463728,0,0.0
Chaos ga Kiwamaru,Keyboard Solo,1,0.0009182736455463728,0,0.0
Ikenai fool logic,Keyboard Solo,1,0.0009182736455463728,0,0.0
Drum Solo,Ikenai fool logic,1,0.0009182736455463728,0,0.0
Friday Novels,Ikenai fool logic,1,0.0009182736455463728,0,0.0
Keyboard Solo,like coffee no Omajinai,1,0.0009182736455463728,0,0.0
Ikenai fool logic,like coffee no Omajinai,1,0.0009182736455463728,0,0.0
Koisuru Wakusei,harmonized finale,1,0.0009182736455463728,0,0.0
Keyboard Solo,Koisuru Wakusei,1,0.0009182736455463728,0,0.0
Friday Novels,Koisuru Wakusei,1,0.0009182736455463728,0,0.0
Koisuru Wakusei,like coffee no Omajinai,1,0.0009182736455463728,0,0.0
Micro Paradiso!,Sekai wa Fancy,1,0.0009182736455463728,0,0.0
Keyboard Solo,Sugar Song to Bitter Step,1,0.0009182736455463728,0,0.0
Andromeda,harmonized finale,1,0.0009182736455463728,0,0.0
Andromeda,Sakura no Ato (all quartets lead to the?),1,0.0009182736455463728,0,0.0
Andromeda,Keyboard Solo,1,0.0009182736455463728,0,0.0
Andromeda,Drum Solo,1,0.0009182736455463728,0,0.0
"Majority Report (darling, I love you)",instant EGOIST,1,0.0009182736455463728,0,0.0
Haru ga Kite Bokura,Messenger From Zen Sekai,1,0.0009182736455463728,0,0.0
Seihitsu Kanbi Akigure Jojou,like coffee no Omajinai,1,0.0009182736455463728,0,0.0
MR. Andy,instant EGOIST,1,0.0009182736455463728,0,0.0
Fool on the planet,Sugar Song to Bitter Step,1,0.0009182736455463728,0,0.0
CAPACITY Koeru,Micro Paradiso!,1,0.0009182736455463728,0,0.0
CAPACITY Koeru,Shoegazer Speaker,1,0.0009182736455463728,0,0.0
CAPACITY Koeru,Otonoba Chukan Shiken,1,0.0009182736455463728,0,0.0
CAPACITY Koeru,Seku x Kara x Shisonzuuru,1,0.0009182736455463728,0,0.0
101-kaime no Prologue,Aerial Alien,1,0.0009182736455463728,0,0.0
Aerial Alien,Micro Paradiso!,1,0.0009182736455463728,0,0.0
Aerial Alien,Sayonara Dai Kyu Wakusei,1,0.0009182736455463728,0,0.0
Aerial Alien,Seku x Kara x Shisonzuuru,1,0.0009182736455463728,0,0.0
101-kaime no Prologue,Micro Paradiso!,1,0.0009182736455463728,0,0.0
101-kaime no Prologue,Shoegazer Speaker,1,0.0009182736455463728,0,0.0
101-kaime no Prologue,Sayonara Dai Kyu Wakusei,1,0.0009182736455463728,0,0.0
101-kaime no Prologue,Siren in the Spy,1,0.0009182736455463728,0,0.0
Fool on the planet,Sakura no Ato (all quartets lead to the?),2,0.0018365472910927456,0,0.0
Fool on the planet,"kid, I like quartet",1,0.0009182736455463728,0,0.0
Fool on the planet,Otonoba Chukan Shiken,1,0.0009182736455463728,0,0.0
Fool on the planet,RUNNERS HIGH REPRISE,1,0.0009182736455463728,0,0.0
Fool on the planet,Ride on Time,1,0.0009182736455463728,0,0.0
Fool on the planet,Siren in the Spy,1,0.0009182736455463728,0,0.0
Fool on the planet,Momai termination,1,0.0009182736455463728,0,0.0
Boujaku no Charisma,Program continued,1,0.0009182736455463728,0,0.0
Natsukage Tail Light,instant EGOIST,2,0.0018365472910927456,0,0.0
"10% roll, 10% romance",Natsukage Tail Light,1,0.0009182736455463728,0,0.0
MR. Andy,Siren in the Spy,1,0.0009182736455463728,0,0.0
101-kaime no Prologue,Seku x Kara x Shisonzuuru,1,0.0009182736455463728,0,0.0
Andromeda,Friday Novels,1,0.0009182736455463728,0,0.0
Micro Paradiso!,Siren in the Spy,1,0.0009182736455463728,0,0.0
Sayonara Dai Kyu Wakusei,Shoegazer Speaker,1,0.0009182736455463728,0,0.0
Seku x Kara x Shisonzuuru,Shoegazer Speaker,2,0.0018365472910927456,0,0.0
Sawarenai Uta,mix juice no Iutouri,2,0.0018365472910927456,0,0.0
Haru ga Kite Bokura,Keyboard Solo,1,0.0009182736455463728,0,0.0
Haru ga Kite Bokura,like coffee no Omajinai,1,0.0009182736455463728,0,0.0
Andromeda,Haru ga Kite Bokura,1,0.0009182736455463728,0,0.0
Haru ga Kite Bokura,Kimi wa Tomodachi,1,0.0009182736455463728,0,0.0
Keyboard Solo,Orion wo Nazoru,1,0.0009182736455463728,0,0.0
Andromeda,Orion wo Nazoru,1,0.0009182736455463728,0,0.0
Keyboard Solo,kaleido proud fiesta,1,0.0009182736455463728,0,0.0
Andromeda,kaleido proud fiesta,1,0.0009182736455463728,0,0.0
Kimi wa Tomodachi,kaleido proud fiesta,1,0.0009182736455463728,0,0.0
Ikenai fool logic,Instrumental Jam,1,0.0009182736455463728,0,0.0
101-kaime no Prologue,Orion wo Nazoru,3,0.0027548209366391185,0,0.0
Instrumental Jam,Phrase Bottle Bye Bye,1,0.0009182736455463728,0,0.0
Haru ga Kite Bokura,Phrase Bottle Bye Bye,1,0.0009182736455463728,0,0.0
CAPACITY Koeru,Tameiki shooting the MOON,1,0.0009182736455463728,0,0.0
CAPACITY Koeru,Miss. Sandy,1,0.0009182736455463728,0,0.0
Nagareboshi wo Uchi Otose,like coffee no Omajinai,1,0.0009182736455463728,0,0.0
Mikansei Daisy,Momai termination,1,0.0009182736455463728,0,0.0
Deirai Kyousou Gakudan,Nagareboshi wo Uchi Otose,1,0.0009182736455463728,0,0.0
Deirai Kyousou Gakudan,Momai termination,1,0.0009182736455463728,0,0.0
Bachigai Hummingbird,Koisuru Wakusei,2,0.0018365472910927456,0,0.0
Koisuru Wakusei,Nani ka ga Kawari So,2,0.0018365472910927456,0,0.0
Dizzy Trickster,Orion wo Nazoru,1,0.0009182736455463728,0,0.0
Anti-Trendy Club,like coffee no Omajinai,1,0.0009182736455463728,0,0.0
Talk Corner,Yayoichou Lonely Planet,1,0.0009182736455463728,0,0.0
Andromeda,mix juice no Iutouri,1,0.0009182736455463728,0,0.0
Keyboard Solo,mix juice no Iutouri,1,0.0009182736455463728,0,0.0
Sekai wa Fancy,Seku x Kara x Shisonzuuru,1,0.0009182736455463728,0,0.0
Sayonara Dai Kyu Wakusei,Siren in the Spy,1,0.0009182736455463728,0,0.0
Andromeda,Chaos ga Kiwamaru,1,0.0009182736455463728,0,0.0
Andromeda,Ikenai fool logic,1,0.0009182736455463728,0,0.0
Andromeda,like coffee no Omajinai,1,0.0009182736455463728,0,0.0
Andromeda,Koisuru Wakusei,1,0.0009182736455463728,0,0.0
Andromeda,Sugar Song to Bitter Step,1,0.0009182736455463728,0,0.0
Keyboard Solo,Sawarenai Uta,1,0.0009182736455463728,0,0.0
Otonoba Chukan Shiken,Sayonara Dai Kyu Wakusei,1,0.0009182736455463728,0,0.0
Sayonara Dai Kyu Wakusei,Sekai wa Fancy,1,0.0009182736455463728,0,0.0
Friday Novels,Sawarenai Uta,1,0.0009182736455463728,0,0.0
Ikenai fool logic,Sawarenai Uta,1,0.0009182736455463728,0,0.0
Koisuru Wakusei,Sawarenai Uta,1,0.0009182736455463728,0,0.0
Andromeda,Sawarenai Uta,1,0.0009182736455463728,0,0.0
Kimi no Hitomi ni Koishi Tenai,Kimi wa Tomodachi,1,0.0009182736455463728,0,0.0
Sayonara Dai Kyu Wakusei,Seku x Kara x Shisonzuuru,1,0.0009182736455463728,0,0.0
Keyboard Solo,Tettoutetsubi Yonayona Drive,1,0.0009182736455463728,0,0.0
Andromeda,Tettoutetsubi Yonayona Drive,1,0.0009182736455463728,0,0.0
Keyboard Solo,Kimi wa Tomodachi,1,0.0009182736455463728,0,0.0
Chaos ga Kiwamaru,Kimi wa Tomodachi,1,0.0009182736455463728,0,0.0
Ikenai fool logic,Kimi wa Tomodachi,1,0.0009182736455463728,0,0.0
Kimi wa Tomodachi,Koisuru Wakusei,1,0.0009182736455463728,0,0.0
Andromeda,Kimi wa Tomodachi,1,0.0009182736455463728,0,0.0
Kimi wa Tomodachi,Sawarenai Uta,1,0.0009182736455463728,0,0.0
Keyboard Solo,Kimi no Hitomi ni Koishi Tenai,1,0.0009182736455463728,0,0.0
Andromeda,Kimi no Hitomi ni Koishi Tenai,1,0.0009182736455463728,0,0.0
Invisible Sensation,cody beats,1,0.0009182736455463728,0,0.0
Sayonara Dai Kyu Wakusei,mix juice no Iutouri,1,0.0009182736455463728,0,0.0
Ohitoyoshi Chameleom,Otonoba Chukan Shiken,1,0.0009182736455463728,0,0.0
Interview,Sekai wa Fancy,1,0.0009182736455463728,0,0.0
Hikari Nodokeki Haru no Hi ni,Sekai wa Fancy,1,0.0009182736455463728,0,0.0
Interview,Mermaid Scandalous,1,0.0009182736455463728,0,0.0
Scarsdale,UNO Story,1,0.0009182736455463728,0,0.0
Hikari Nodokeki Haru no Hi ni,Mermaid Scandalous,1,0.0009182736455463728,0,0.0
Mermaid Scandalous,Worldwide Supergirl,1,0.0009182736455463728,0,0.0
Interview,Slow Curve wa Utenai (that made me crazy),1,0.0009182736455463728,0,0.0
Hikari Nodokeki Haru no Hi ni,Slow Curve wa Utenai (that made me crazy),1,0.0009182736455463728,0,0.0
Slow Curve wa Utenai (that made me crazy),Worldwide Supergirl,1,0.0009182736455463728,0,0.0
Airabuniju,UNO Story,1,0.0009182736455463728,0,0.0
Bachigai Hummingbird,UNO Story,1,0.0009182736455463728,0,0.0
Deirai Kyousou Gakudan,UNO Story,1,0.0009182736455463728,0,0.0
Clover,UNO Story,1,0.0009182736455463728,0,0.0
Interview,Tengoku to Jigoku,1,0.0009182736455463728,0,0.0
Counter Identity,UNO Story,1,0.0009182736455463728,0,0.0
Interview,Simple Simple Anecdote,1,0.0009182736455463728,0,0.0
Ride on Time,UNO Story,1,0.0009182736455463728,0,0.0
Phantom Joke,Worldwide Supergirl,1,0.0009182736455463728,0,0.0
Drum Solo,Paradise Has No Border,1,0.0009182736455463728,0,0.0
5%,Galileo no Showcase,1,0.0009182736455463728,0,0.0
Ikenai fool logic,"kid, I like quartet",2,0.0018365472910927456,0,0.0
Nani ka ga Kawari So,Sentimental Period,2,0.0018365472910927456,0,0.0
Boujaku no Charisma,Sentimental Period,1,0.0009182736455463728,0,0.0
Cheap Cheap Endroll,Sentimental Period,1,0.0009182736455463728,0,0.0
Cheap Cheap Endroll,Koisuru Wakusei,1,0.0009182736455463728,0,0.0
Simple Simple Anecdote,Tettoutetsubi Yonayona Drive,1,0.0009182736455463728,0,0.0
Linear Blue wo Kikinagara,Simple Simple Anecdote,2,0.0018365472910927456,0,0.0
Galileo no Showcase,Mekator Jikuu Tankentai,1,0.0009182736455463728,0,0.0
Mekator Jikuu Tankentai,Worldwide Supergirl,1,0.0009182736455463728,0,0.0
Fool on the planet,MR. Andy,1,0.0009182736455463728,0,0.0
Bachigai Hummingbird,Fool on the planet,1,0.0009182736455463728,0,0.0
Fool on the planet,Serenade ga Tomaranai,1,0.0009182736455463728,0,0.0
Fool on the planet,crazy birthday,1,0.0009182736455463728,0,0.0
Fool on the planet,harmonized finale,1,0.0009182736455463728,0,0.0
Galileo no Showcase,Kakurenbo,1,0.0009182736455463728,0,0.0
MR. Andy,UNO Story,1,0.0009182736455463728,0,0.0
Sentimental Period,UNO Story,2,0.0018365472910927456,0,0.0
"Nigatsu, Hakuchu no Nagareboshi to Hikoukigumo",Orion wo Nazoru,1,0.0009182736455463728,0,0.0
Hikari Nodokeki Haru no Hi ni,Simple Simple Anecdote,1,0.0009182736455463728,0,0.0
Hikari Nodokeki Haru no Hi ni,Sesshoku Vigilante,1,0.0009182736455463728,0,0.0
Sesshoku Vigilante,Worldwide Supergirl,1,0.0009182736455463728,0,0.0
"Catch up, latency",Sesshoku Vigilante,1,0.0009182736455463728,0,0.0
Interview,Pistol Galaxy,1,0.0009182736455463728,0,0.0
Hikari Nodokeki Haru no Hi ni,Pistol Galaxy,1,0.0009182736455463728,0,0.0
Galileo no Showcase,Shiori,1,0.0009182736455463728,0,0.0
Atarashii Hikari,Galileo no Showcase,1,0.0009182736455463728,0,0.0
Diver's High,Galileo no Showcase,1,0.0009182736455463728,0,0.0
Galileo no Showcase,Snatchaway,1,0.0009182736455463728,0,0.0
Galileo no Showcase,SHORT CUTTER!,1,0.0009182736455463728,0,0.0
Black Market Blues,Galileo no Showcase,1,0.0009182736455463728,0,0.0
Kakurenbo,Momai termination,1,0.0009182736455463728,0,0.0
5%,Kakurenbo,1,0.0009182736455463728,0,0.0
Kakurenbo,Program continued,1,0.0009182736455463728,0,0.0
Kakurenbo,MR. Andy,1,0.0009182736455463728,0,0.0
Interview,Sesshoku Vigilante,1,0.0009182736455463728,0,0.0
Hatch I need,Worldwide Supergirl,1,0.0009182736455463728,0,0.0
Instrumental Jam,SHORT CUTTER!,1,0.0009182736455463728,0,0.0
Hatch I need,Hikari Nodokeki Haru no Hi ni,1,0.0009182736455463728,0,0.0
Simple Simple Anecdote,Worldwide Supergirl,1,0.0009182736455463728,0,0.0
"Catch up, latency",Interview,1,0.0009182736455463728,0,0.0
"Catch up, latency",Hikari Nodokeki Haru no Hi ni,1,0.0009182736455463728,0,0.0
Orion wo Nazoru,UNO Story,2,0.0018365472910927456,0,0.0
"Catch up, latency",Simple Simple Anecdote,1,0.0009182736455463728,0,0.0
Hatch I need,Interview,1,0.0009182736455463728,0,0.0
Fiction Freak Crisis,instant EGOIST,1,0.0009182736455463728,0,0.0
SHORT CUTTER!,Sayonara Dai Kyu Wakusei,1,0.0009182736455463728,0,0.0
Black Market Blues,Sugar Song to Bitter Step,1,0.0009182736455463728,0,0.0
Black Market Blues,Sayonara Dai Kyu Wakusei,1,0.0009182736455463728,0,0.0
Black Market Blues,Instrumental Jam,1,0.0009182736455463728,0,0.0
Instrumental Jam,Sayonara Dai Kyu Wakusei,1,0.0009182736455463728,0,0.0
SHORT CUTTER!,Sugar Song to Bitter Step,1,0.0009182736455463728,0,0.0
Black Market Blues,SHORT CUTTER!,1,0.0009182736455463728,0,0.0
Hikari Nodokeki Haru no Hi ni,Phantom Joke,1,0.0009182736455463728,0,0.0
Interview,Phantom Joke,1,0.0009182736455463728,0,0.0
Interview,Worldwide Supergirl,1,0.0009182736455463728,0,0.0
Introduction,Phantom Joke,1,0.0009182736455463728,0,0.0
Rising Hope,Sakura no Ato (all quartets lead to the?),1,0.0009182736455463728,0,0.0
Rising Hope,Shoegazer Speaker,1,0.0009182736455463728,0,0.0
Airabuniju,Phantom Joke,1,0.0009182736455463728,0,0.0
Airabuniju,Sekai wa Fancy,1,0.0009182736455463728,0,0.0
Instrumental Jam,S.S,1,0.0009182736455463728,0,0.0
Drum Solo,S.S,1,0.0009182736455463728,0,0.0
S.S,Sakura no Ato (all quartets lead to the?),1,0.0009182736455463728,0,0.0
S.S,Shoegazer Speaker,1,0.0009182736455463728,0,0.0
101-kaime no Prologue,Ikenai fool logic,2,0.0018365472910927456,0,0.0
23:25,Fiction Freak Crisis,1,0.0009182736455463728,0,0.0
Atorakushon ga Hajimaru (they call it “NO.6”),Hakoniwa Rock Show,1,0.0009182736455463728,0,0.0
Atorakushon ga Hajimaru (they call it “NO.6”),Tasogare in the Spy,1,0.0009182736455463728,0,0.0
Tasogare in the Spy,mix juice no Iutouri,1,0.0009182736455463728,0,0.0
Fiction Freak Crisis,Master Volume,1,0.0009182736455463728,0,0.0
Introduction,Master Volume,1,0.0009182736455463728,0,0.0
Drum Solo,Rising Hope,1,0.0009182736455463728,0,0.0
Airabuniju,Cheap Cheap Endroll,1,0.0009182736455463728,0,0.0
Instrumental Jam,Rising Hope,1,0.0009182736455463728,0,0.0
Bachigai Hummingbird,Rising Hope,1,0.0009182736455463728,0,0.0
Paradise Has No Border,Shoegazer Speaker,1,0.0009182736455463728,0,0.0
BUSTER DICE MISERY,Shigaru,1,0.0009182736455463728,0,0.0
BUSTER DICE MISERY,Rising Hope,1,0.0009182736455463728,0,0.0
BUSTER DICE MISERY,S.S,1,0.0009182736455463728,0,0.0
BUSTER DICE MISERY,Shoegazer Speaker,1,0.0009182736455463728,0,0.0
Bachigai Hummingbird,Shigaru,1,0.0009182736455463728,0,0.0
Bachigai Hummingbird,S.S,1,0.0009182736455463728,0,0.0
Rising Hope,S.S,1,0.0009182736455463728,0,0.0
Rising Hope,Shigaru,1,0.0009182736455463728,0,0.0
S.S,Shigaru,1,0.0009182736455463728,0,0.0
Instrumental Jam,Shigaru,1,0.0009182736455463728,0,0.0
Drum Solo,Shigaru,1,0.0009182736455463728,0,0.0
Sakura no Ato (all quartets lead to the?),Shigaru,1,0.0009182736455463728,0,0.0
Shigaru,Shoegazer Speaker,1,0.0009182736455463728,0,0.0
Fiction Freak Crisis,Introduction,1,0.0009182736455463728,0,0.0
101-kaime no Prologue,"kid, I like quartet",2,0.0018365472910927456,0,0.0
"Nigatsu, Hakuchu no Nagareboshi to Hikoukigumo",UNO Story,1,0.0009182736455463728,0,0.0
"Catch up, latency",Introduction,1,0.0009182736455463728,0,0.0
Momai termination,Worldwide Supergirl,1,0.0009182736455463728,0,0.0
Airabuniju,Silent Libre Mirage,1,0.0009182736455463728,0,0.0
Own Civilization (nano‐mile met),Sentimental Period,1,0.0009182736455463728,0,0.0
Airabuniju,Worldwide Supergirl,1,0.0009182736455463728,0,0.0
Airabuniju,Momai termination,1,0.0009182736455463728,0,0.0
Dareka ga Wasurete iru Kamoshirenai Bokura ni Daijina 001 no Koto,Momai termination,1,0.0009182736455463728,0,0.0
Mizu to Ame ni Tsuite,"kid, I like quartet",1,0.0009182736455463728,0,0.0
"Nigatsu, Hakuchu no Nagareboshi to Hikoukigumo",Protract Countdown,1,0.0009182736455463728,0,0.0
"I wanna believe, Yoru o Iku",Sentimental Period,1,0.0009182736455463728,0,0.0
"Nigatsu, Hakuchu no Nagareboshi to Hikoukigumo","kid, I like quartet",1,0.0009182736455463728,0,0.0
Mizu to Ame ni Tsuite,UNO Story,2,0.0018365472910927456,0,0.0
UNO Story,"kid, I like quartet",1,0.0009182736455463728,0,0.0
Radial Night Chaser,Tettoutetsubi Yonayona Drive,1,0.0009182736455463728,0,0.0
"I wanna believe, Yoru o Iku",Tettoutetsubi Yonayona Drive,1,0.0009182736455463728,0,0.0
Hikari Nodokeki Haru no Hi ni,Interview,1,0.0009182736455463728,0,0.0
Siren in the Spy,Worldwide Supergirl,1,0.0009182736455463728,0,0.0
Introduction,kaleido proud fiesta,1,0.0009182736455463728,0,0.0
Haru ga Kite Bokura,WINDOW Akeru,1,0.0009182736455463728,0,0.0
Introduction,WINDOW Akeru,1,0.0009182736455463728,0,0.0
Hatch I need,Introduction,1,0.0009182736455463728,0,0.0
Introduction,Sugar Song to Bitter Step,1,0.0009182736455463728,0,0.0
Introduction,Tengoku to Jigoku,1,0.0009182736455463728,0,0.0
Chandelier Waltz,"I wanna believe, Yoru o Iku",1,0.0009182736455463728,0,0.0
Haru ga Kite Bokura,Introduction,1,0.0009182736455463728,0,0.0
"Catch up, latency","I wanna believe, Yoru o Iku",1,0.0009182736455463728,0,0.0
"Catch up, latency",WINDOW Akeru,2,0.0018365472910927456,0,0.0
Pandemic Sudden Death,Sentimental Period,1,0.0009182736455463728,0,0.0
"I wanna believe, Yoru o Iku",Nani ka ga Kawari So,1,0.0009182736455463728,0,0.0
"I wanna believe, Yoru o Iku",Pandemic Sudden Death,1,0.0009182736455463728,0,0.0
"I wanna believe, Yoru o Iku",Own Civilization (nano‐mile met),1,0.0009182736455463728,0,0.0
"I wanna believe, Yoru o Iku",cody beats,1,0.0009182736455463728,0,0.0
Hatch I need,WINDOW Akeru,1,0.0009182736455463728,0,0.0
Radial Night Chaser,Sentimental Period,1,0.0009182736455463728,0,0.0
Kakurenbo,Sawarenai Uta,1,0.0009182736455463728,0,0.0
Kakurenbo,Shiori,1,0.0009182736455463728,0,0.0
Cyborg 99%,Kakurenbo,1,0.0009182736455463728,0,0.0
Pistol Galaxy,Yayoichou Lonely Planet,1,0.0009182736455463728,0,0.0
Black Market Blues,Shiori,1,0.0009182736455463728,0,0.0
Shiori,Sugar Song to Bitter Step,1,0.0009182736455463728,0,0.0
Cyborg 99%,Ride on Time,1,0.0009182736455463728,0,0.0
Cyborg 99%,Drum Solo,1,0.0009182736455463728,0,0.0
Hatch I need,Yayoichou Lonely Planet,1,0.0009182736455463728,0,0.0
Atarashii Hikari,Cyborg 99%,1,0.0009182736455463728,0,0.0
Cyborg 99%,Diver's High,1,0.0009182736455463728,0,0.0
Cyborg 99%,mix juice no Iutouri,1,0.0009182736455463728,0,0.0
Cyborg 99%,Snatchaway,1,0.0009182736455463728,0,0.0
Cyborg 99%,SHORT CUTTER!,1,0.0009182736455463728,0,0.0
Cyborg 99%,Sayonara Dai Kyu Wakusei,1,0.0009182736455463728,0,0.0
Black Market Blues,Cyborg 99%,1,0.0009182736455463728,0,0.0
Atarashii Hikari,Ride on Time,1,0.0009182736455463728,0,0.0
Diver's High,Ride on Time,1,0.0009182736455463728,0,0.0
Ride on Time,Snatchaway,1,0.0009182736455463728,0,0.0
Sayonara Dai Kyu Wakusei,Shiori,1,0.0009182736455463728,0,0.0
Instrumental Jam,Shiori,1,0.0009182736455463728,0,0.0
SHORT CUTTER!,Shiori,1,0.0009182736455463728,0,0.0
Drum Solo,Shiori,1,0.0009182736455463728,0,0.0
Hikari Nodokeki Haru no Hi ni,Yayoichou Lonely Planet,1,0.0009182736455463728,0,0.0
Cyborg 99%,Shiori,1,0.0009182736455463728,0,0.0
Ride on Time,Shiori,1,0.0009182736455463728,0,0.0
Mermaid Scandalous,Yayoichou Lonely Planet,1,0.0009182736455463728,0,0.0
Slow Curve wa Utenai (that made me crazy),Yayoichou Lonely Planet,1,0.0009182736455463728,0,0.0
Black Market Blues,Snatchaway,1,0.0009182736455463728,0,0.0
Atarashii Hikari,Shiori,1,0.0009182736455463728,0,0.0
"Catch up, latency",Yayoichou Lonely Planet,1,0.0009182736455463728,0,0.0
Diver's High,Shiori,1,0.0009182736455463728,0,0.0
Shiori,mix juice no Iutouri,1,0.0009182736455463728,0,0.0
Shiori,Tettoutetsubi Yonayona Drive,1,0.0009182736455463728,0,0.0
Tengoku to Jigoku,Yayoichou Lonely Planet,1,0.0009182736455463728,0,0.0
Shiori,Snatchaway,1,0.0009182736455463728,0,0.0
Simple Simple Anecdote,Yayoichou Lonely Planet,1,0.0009182736455463728,0,0.0
Sesshoku Vigilante,Yayoichou Lonely Planet,1,0.0009182736455463728,0,0.0
Ride on Time,SHORT CUTTER!,1,0.0009182736455463728,0,0.0
SHORT CUTTER!,Sawarenai Uta,1,0.0009182736455463728,0,0.0
Black Market Blues,Ride on Time,1,0.0009182736455463728,0,0.0
101-kaime no Prologue,Worldwide Supergirl,1,0.0009182736455463728,0,0.0
Diver's High,Snatchaway,1,0.0009182736455463728,0,0.0
Diver's High,SHORT CUTTER!,1,0.0009182736455463728,0,0.0
Diver's High,Instrumental Jam,1,0.0009182736455463728,0,0.0
Diver's High,Sayonara Dai Kyu Wakusei,1,0.0009182736455463728,0,0.0
Black Market Blues,Diver's High,1,0.0009182736455463728,0,0.0
Diver's High,Sugar Song to Bitter Step,1,0.0009182736455463728,0,0.0
Snatchaway,mix juice no Iutouri,1,0.0009182736455463728,0,0.0
SHORT CUTTER!,mix juice no Iutouri,1,0.0009182736455463728,0,0.0
Sayonara Dai Kyu Wakusei,Snatchaway,1,0.0009182736455463728,0,0.0
Instrumental Jam,Snatchaway,1,0.0009182736455463728,0,0.0
SHORT CUTTER!,Snatchaway,1,0.0009182736455463728,0,0.0
Black Market Blues,Tettoutetsubi Yonayona Drive,1,0.0009182736455463728,0,0.0
SHORT CUTTER!,Tettoutetsubi Yonayona Drive,1,0.0009182736455463728,0,0.0
Snatchaway,Tettoutetsubi Yonayona Drive,1,0.0009182736455463728,0,0.0
Diver's High,Tettoutetsubi Yonayona Drive,1,0.0009182736455463728,0,0.0
Diver's High,mix juice no Iutouri,1,0.0009182736455463728,0,0.0
Atarashii Hikari,Sugar Song to Bitter Step,1,0.0009182736455463728,0,0.0
Atarashii Hikari,Diver's High,1,0.0009182736455463728,0,0.0
Atarashii Hikari,Drum Solo,1,0.0009182736455463728,0,0.0
Diver's High,Drum Solo,1,0.0009182736455463728,0,0.0
Drum Solo,Snatchaway,1,0.0009182736455463728,0,0.0
101-kaime no Prologue,Interview,1,0.0009182736455463728,0,0.0
Drum Solo,SHORT CUTTER!,1,0.0009182736455463728,0,0.0
Black Market Blues,Drum Solo,1,0.0009182736455463728,0,0.0
Atarashii Hikari,mix juice no Iutouri,1,0.0009182736455463728,0,0.0
Atarashii Hikari,Black Market Blues,1,0.0009182736455463728,0,0.0
Atarashii Hikari,Tettoutetsubi Yonayona Drive,1,0.0009182736455463728,0,0.0
Atarashii Hikari,Snatchaway,1,0.0009182736455463728,0,0.0
Atarashii Hikari,SHORT CUTTER!,1,0.0009182736455463728,0,0.0
Atarashii Hikari,Instrumental Jam,1,0.0009182736455463728,0,0.0
Atarashii Hikari,Sayonara Dai Kyu Wakusei,1,0.0009182736455463728,0,0.0
101-kaime no Prologue,Hikari Nodokeki Haru no Hi ni,1,0.0009182736455463728,0,0.0
Black Market Blues,Sawarenai Uta,1,0.0009182736455463728,0,0.0
Interview,Yayoichou Lonely Planet,1,0.0009182736455463728,0,0.0
Kakurenbo,Ride on Time,1,0.0009182736455463728,0,0.0
5%,mix juice no Iutouri,1,0.0009182736455463728,0,0.0
Diver's High,Momai termination,1,0.0009182736455463728,0,0.0
Momai termination,mix juice no Iutouri,1,0.0009182736455463728,0,0.0
Momai termination,Snatchaway,1,0.0009182736455463728,0,0.0
Momai termination,SHORT CUTTER!,1,0.0009182736455463728,0,0.0
Momai termination,Sayonara Dai Kyu Wakusei,1,0.0009182736455463728,0,0.0
Snatchaway,Sugar Song to Bitter Step,1,0.0009182736455463728,0,0.0
Black Market Blues,Momai termination,1,0.0009182736455463728,0,0.0
5%,Program continued,1,0.0009182736455463728,0,0.0
5%,MR. Andy,1,0.0009182736455463728,0,0.0
5%,Sawarenai Uta,1,0.0009182736455463728,0,0.0
5%,Shiori,1,0.0009182736455463728,0,0.0
5%,Cyborg 99%,1,0.0009182736455463728,0,0.0
5%,Ride on Time,1,0.0009182736455463728,0,0.0
5%,Drum Solo,1,0.0009182736455463728,0,0.0
5%,Atarashii Hikari,1,0.0009182736455463728,0,0.0
Atarashii Hikari,Momai termination,1,0.0009182736455463728,0,0.0
Cyborg 99%,Momai termination,1,0.0009182736455463728,0,0.0
Momai termination,Shiori,1,0.0009182736455463728,0,0.0
Kakurenbo,SHORT CUTTER!,1,0.0009182736455463728,0,0.0
Drum Solo,Kakurenbo,1,0.0009182736455463728,0,0.0
Atarashii Hikari,Kakurenbo,1,0.0009182736455463728,0,0.0
Diver's High,Kakurenbo,1,0.0009182736455463728,0,0.0
Kakurenbo,mix juice no Iutouri,1,0.0009182736455463728,0,0.0
Kakurenbo,Tettoutetsubi Yonayona Drive,1,0.0009182736455463728,0,0.0
Kakurenbo,Snatchaway,1,0.0009182736455463728,0,0.0
Instrumental Jam,Kakurenbo,1,0.0009182736455463728,0,0.0
Momai termination,Sawarenai Uta,1,0.0009182736455463728,0,0.0
Kakurenbo,Sayonara Dai Kyu Wakusei,1,0.0009182736455463728,0,0.0
Black Market Blues,Kakurenbo,1,0.0009182736455463728,0,0.0
Kakurenbo,Sugar Song to Bitter Step,1,0.0009182736455463728,0,0.0
5%,Momai termination,1,0.0009182736455463728,0,0.0
Momai termination,Program continued,1,0.0009182736455463728,0,0.0
MR. Andy,Momai termination,1,0.0009182736455463728,0,0.0
5%,Diver's High,1,0.0009182736455463728,0,0.0
5%,Tettoutetsubi Yonayona Drive,1,0.0009182736455463728,0,0.0
Pistol Galaxy,Sesshoku Vigilante,1,0.0009182736455463728,0,0.0
Pistol Galaxy,Sekai wa Fancy,1,0.0009182736455463728,0,0.0
Program continued,Sayonara Dai Kyu Wakusei,1,0.0009182736455463728,0,0.0
Black Market Blues,Program continued,1,0.0009182736455463728,0,0.0
MR. Andy,Shiori,1,0.0009182736455463728,0,0.0
Cyborg 99%,MR. Andy,1,0.0009182736455463728,0,0.0
Atarashii Hikari,MR. Andy,1,0.0009182736455463728,0,0.0
Diver's High,MR. Andy,1,0.0009182736455463728,0,0.0
MR. Andy,Snatchaway,1,0.0009182736455463728,0,0.0
Black Market Blues,MR. Andy,1,0.0009182736455463728,0,0.0
Sawarenai Uta,Shiori,1,0.0009182736455463728,0,0.0
Cyborg 99%,Sawarenai Uta,1,0.0009182736455463728,0,0.0
Ride on Time,Sawarenai Uta,1,0.0009182736455463728,0,0.0
Atarashii Hikari,Sawarenai Uta,1,0.0009182736455463728,0,0.0
Diver's High,Sawarenai Uta,1,0.0009182736455463728,0,0.0
Sawarenai Uta,Snatchaway,1,0.0009182736455463728,0,0.0
Hatch I need,Pistol Galaxy,1,0.0009182736455463728,0,0.0
Program continued,SHORT CUTTER!,1,0.0009182736455463728,0,0.0
Program continued,Snatchaway,1,0.0009182736455463728,0,0.0
Program continued,mix juice no Iutouri,1,0.0009182736455463728,0,0.0
5%,Sayonara Dai Kyu Wakusei,1,0.0009182736455463728,0,0.0
5%,Snatchaway,1,0.0009182736455463728,0,0.0
5%,SHORT CUTTER!,1,0.0009182736455463728,0,0.0
Mermaid Scandalous,Pistol Galaxy,1,0.0009182736455463728,0,0.0
Pistol Galaxy,Slow Curve wa Utenai (that made me crazy),1,0.0009182736455463728,0,0.0
Pistol Galaxy,Tengoku to Jigoku,1,0.0009182736455463728,0,0.0
5%,Instrumental Jam,1,0.0009182736455463728,0,0.0
5%,Black Market Blues,1,0.0009182736455463728,0,0.0
Diver's High,Program continued,1,0.0009182736455463728,0,0.0
5%,Sugar Song to Bitter Step,1,0.0009182736455463728,0,0.0
Program continued,Shiori,1,0.0009182736455463728,0,0.0
Pistol Galaxy,Simple Simple Anecdote,1,0.0009182736455463728,0,0.0
Cyborg 99%,Program continued,1,0.0009182736455463728,0,0.0
Program continued,Ride on Time,1,0.0009182736455463728,0,0.0
Atarashii Hikari,Program continued,1,0.0009182736455463728,0,0.0
Paradise Has No Border,Sakura no Ato (all quartets lead to the?),1,0.0009182736455463728,0,0.0
Instrumental Jam,Paradise Has No Border,1,0.0009182736455463728,0,0.0
Counter Identity,Otonoba Chukan Shiken,1,0.0009182736455463728,0,0.0
Nani ka ga Kawari So,Radial Night Chaser,1,0.0009182736455463728,0,0.0
"Catch up, latency",Pandemic Sudden Death,1,0.0009182736455463728,0,0.0
Master Volume,Own Civilization (nano‐mile met),1,0.0009182736455463728,0,0.0
Nani ka ga Kawari So,Own Civilization (nano‐mile met),1,0.0009182736455463728,0,0.0
Natsukage Tail Light,Sentimental Period,1,0.0009182736455463728,0,0.0
Pandemic Sudden Death,cody beats,1,0.0009182736455463728,0,0.0
Own Civilization (nano‐mile met),cody beats,1,0.0009182736455463728,0,0.0
Santa Claus wa Juutai-chuu,Shoegazer Speaker,1,0.0009182736455463728,0,0.0
"I wanna believe, Yoru o Iku",Master Volume,1,0.0009182736455463728,0,0.0
"Catch up, latency",Shoegazer Speaker,1,0.0009182736455463728,0,0.0
BUSTER DICE MISERY,Haru ga Kite Bokura,1,0.0009182736455463728,0,0.0
Radial Night Chaser,Shoegazer Speaker,1,0.0009182736455463728,0,0.0
Dareka ga Wasurete iru Kamoshirenai Bokura ni Daijina 001 no Koto,Haru ga Kite Bokura,1,0.0009182736455463728,0,0.0
"Catch up, latency",RUNNERS HIGH REPRISE,2,0.0018365472910927456,0,0.0
"Catch up, latency",Dareka ga Wasurete iru Kamoshirenai Bokura ni Daijina 001 no Koto,1,0.0009182736455463728,0,0.0
Karakuri Karukare,RUNNERS HIGH REPRISE,1,0.0009182736455463728,0,0.0
Pandemic Sudden Death,Radial Night Chaser,1,0.0009182736455463728,0,0.0
Natsukage Tail Light,Talk Corner,1,0.0009182736455463728,0,0.0
Paradise Has No Border,S.S,1,0.0009182736455463728,0,0.0
Natsukage Tail Light,Yayoichou Lonely Planet,1,0.0009182736455463728,0,0.0
Sentimental Period,Sesshoku Vigilante,1,0.0009182736455463728,0,0.0
Pistol Galaxy,Sentimental Period,1,0.0009182736455463728,0,0.0
Sentimental Period,Yayoichou Lonely Planet,1,0.0009182736455463728,0,0.0
Sentimental Period,Talk Corner,1,0.0009182736455463728,0,0.0
Haru ga Kite Bokura,Interview,1,0.0009182736455463728,0,0.0
Haru ga Kite Bokura,Hikari Nodokeki Haru no Hi ni,1,0.0009182736455463728,0,0.0
Haru ga Kite Bokura,Worldwide Supergirl,1,0.0009182736455463728,0,0.0
Haru ga Kite Bokura,Pistol Galaxy,1,0.0009182736455463728,0,0.0
Haru ga Kite Bokura,Talk Corner,1,0.0009182736455463728,0,0.0
Boku wa Kimi ni Naritai,Hitori Omou wa Ame no Naka,2,0.0018365472910927456,0,0.0
Interview,Natsukage Tail Light,1,0.0009182736455463728,0,0.0
Hikari Nodokeki Haru no Hi ni,Natsukage Tail Light,1,0.0009182736455463728,0,0.0
Natsukage Tail Light,Worldwide Supergirl,1,0.0009182736455463728,0,0.0
"Catch up, latency",Natsukage Tail Light,1,0.0009182736455463728,0,0.0
Natsukage Tail Light,Pistol Galaxy,1,0.0009182736455463728,0,0.0
"Catch up, latency",Karakuri Karukare,1,0.0009182736455463728,0,0.0
Kimi no Hitomi ni Koishi Tenai,Worldwide Supergirl,1,0.0009182736455463728,0,0.0
RUNNERS HIGH REPRISE,Worldwide Supergirl,2,0.0018365472910927456,0,0.0
"Catch up, latency",Little Time Stop,1,0.0009182736455463728,0,0.0
Black Market Blues,mix juice no Iutouri,1,0.0009182736455463728,0,0.0
Little Time Stop,Program continued,1,0.0009182736455463728,0,0.0
Little Time Stop,Sugar Song to Bitter Step,1,0.0009182736455463728,0,0.0
"Catch up, latency",Pistol Galaxy,2,0.0018365472910927456,0,0.0
Phantom Joke,Pistol Galaxy,2,0.0018365472910927456,0,0.0
Pistol Galaxy,Program continued,1,0.0009182736455463728,0,0.0
Pistol Galaxy,Sugar Song to Bitter Step,1,0.0009182736455463728,0,0.0
"Catch up, latency",Santa Claus wa Juutai-chuu,2,0.0018365472910927456,0,0.0
Phantom Joke,Santa Claus wa Juutai-chuu,1,0.0009182736455463728,0,0.0
Phantom Joke,Snow Reverse,1,0.0009182736455463728,0,0.0
"Catch up, latency",Radial Night Chaser,3,0.0027548209366391185,0,0.0
Phantom Joke,Radial Night Chaser,1,0.0009182736455463728,0,0.0
"Catch up, latency",over driver,1,0.0009182736455463728,0,0.0
"Catch up, latency",Koko de Atta ga Kemonomichi,1,0.0009182736455463728,0,0.0
"Catch up, latency",flat song,1,0.0009182736455463728,0,0.0
Miss. Sandy,Sentimental Period,1,0.0009182736455463728,0,0.0
Light Flat,Serenade ga Tomaranai,1,0.0009182736455463728,0,0.0
Light Flat,Miss. Sandy,1,0.0009182736455463728,0,0.0
Signal ABC,Tameiki shooting the MOON,1,0.0009182736455463728,0,0.0
Little Time Stop,Phantom Joke,1,0.0009182736455463728,0,0.0
Hakoniwa Rock Show,RUNNERS HIGH REPRISE,1,0.0009182736455463728,0,0.0
23:25,Signal ABC,1,0.0009182736455463728,0,0.0
Signal ABC,Worldwide Supergirl,1,0.0009182736455463728,0,0.0
Otonoba Chukan Shiken,Worldwide Supergirl,1,0.0009182736455463728,0,0.0
Snow Reverse,Tameiki shooting the MOON,1,0.0009182736455463728,0,0.0
Otonoba Chukan Shiken,Tameiki shooting the MOON,1,0.0009182736455463728,0,0.0
Seku x Kara x Shisonzuuru,Serenade ga Tomaranai,1,0.0009182736455463728,0,0.0
Snow Reverse,Tengoku to Jigoku,1,0.0009182736455463728,0,0.0
Sentimental Period,Signal ABC,1,0.0009182736455463728,0,0.0
Gyakuten Sayonara,Miss. Sandy,1,0.0009182736455463728,0,0.0
Childhood Supernova,Serenade ga Tomaranai,1,0.0009182736455463728,0,0.0
Childhood Supernova,Seku x Kara x Shisonzuuru,1,0.0009182736455463728,0,0.0
Miss. Sandy,Seku x Kara x Shisonzuuru,1,0.0009182736455463728,0,0.0
Linear Blue wo Kikinagara,Yayoichou Lonely Planet,1,0.0009182736455463728,0,0.0
"8-Gatsu, Hirunaka no Nagareboshi to Hikouki-Gumo",Galileo no Showcase,1,0.0009182736455463728,0,0.0
BUSTER DICE MISERY,Galileo no Showcase,1,0.0009182736455463728,0,0.0
"8-Gatsu, Hirunaka no Nagareboshi to Hikouki-Gumo",Program continued,1,0.0009182736455463728,0,0.0
cody beats,harmonized finale,1,0.0009182736455463728,0,0.0
"8-Gatsu, Hirunaka no Nagareboshi to Hikouki-Gumo",harmonized finale,1,0.0009182736455463728,0,0.0
Linear Blue wo Kikinagara,Mizu to Ame ni Tsuite,1,0.0009182736455463728,0,0.0
"Catch up, latency",Counter Identity,1,0.0009182736455463728,0,0.0
Counter Identity,Program continued,1,0.0009182736455463728,0,0.0
"10% roll, 10% romance",Counter Identity,1,0.0009182736455463728,0,0.0
Counter Identity,Kimi no Hitomi ni Koishi Tenai,1,0.0009182736455463728,0,0.0
Counter Identity,Instrumental Jam,1,0.0009182736455463728,0,0.0
Counter Identity,fake town baby,1,0.0009182736455463728,0,0.0
"8-Gatsu, Hirunaka no Nagareboshi to Hikouki-Gumo",Counter Identity,1,0.0009182736455463728,0,0.0
"Catch up, latency",Sawarenai Uta,1,0.0009182736455463728,0,0.0
"Catch up, latency",cody beats,2,0.0018365472910927456,0,0.0
"8-Gatsu, Hirunaka no Nagareboshi to Hikouki-Gumo","Catch up, latency",1,0.0009182736455463728,0,0.0
"Catch up, latency",Mizu to Ame ni Tsuite,1,0.0009182736455463728,0,0.0
Program continued,cody beats,1,0.0009182736455463728,0,0.0
Mizu to Ame ni Tsuite,Ohitoyoshi Chameleom,1,0.0009182736455463728,0,0.0
"8-Gatsu, Hirunaka no Nagareboshi to Hikouki-Gumo",Ohitoyoshi Chameleom,1,0.0009182736455463728,0,0.0
Ohitoyoshi Chameleom,Sakura no Ato (all quartets lead to the?),1,0.0009182736455463728,0,0.0
Chandelier Waltz,Ohitoyoshi Chameleom,1,0.0009182736455463728,0,0.0
Mizu to Ame ni Tsuite,Otonoba Chukan Shiken,1,0.0009182736455463728,0,0.0
Ohitoyoshi Chameleom,harmonized finale,1,0.0009182736455463728,0,0.0
Linear Blue wo Kikinagara,Ohitoyoshi Chameleom,1,0.0009182736455463728,0,0.0
Counter Identity,Ohitoyoshi Chameleom,1,0.0009182736455463728,0,0.0
"Catch up, latency",Ohitoyoshi Chameleom,1,0.0009182736455463728,0,0.0
Ohitoyoshi Chameleom,Program continued,1,0.0009182736455463728,0,0.0
"10% roll, 10% romance",Ohitoyoshi Chameleom,1,0.0009182736455463728,0,0.0
Ohitoyoshi Chameleom,fake town baby,1,0.0009182736455463728,0,0.0
Ohitoyoshi Chameleom,Sawarenai Uta,1,0.0009182736455463728,0,0.0
Ohitoyoshi Chameleom,cody beats,1,0.0009182736455463728,0,0.0
Kimi no Hitomi ni Koishi Tenai,Ohitoyoshi Chameleom,1,0.0009182736455463728,0,0.0
Ohitoyoshi Chameleom,instant EGOIST,1,0.0009182736455463728,0,0.0
Ohitoyoshi Chameleom,Tengoku to Jigoku,1,0.0009182736455463728,0,0.0
Ohitoyoshi Chameleom,Ryusei no Squall,1,0.0009182736455463728,0,0.0
Program continued,fake town baby,1,0.0009182736455463728,0,0.0
Mizu to Ame ni Tsuite,Program continued,1,0.0009182736455463728,0,0.0
"8-Gatsu, Hirunaka no Nagareboshi to Hikouki-Gumo",Mizu to Ame ni Tsuite,1,0.0009182736455463728,0,0.0
"10% roll, 10% romance",Mizu to Ame ni Tsuite,1,0.0009182736455463728,0,0.0
Phantom Joke,Talk Corner,1,0.0009182736455463728,0,0.0
Talk Corner,Worldwide Supergirl,1,0.0009182736455463728,0,0.0
Hikari Nodokeki Haru no Hi ni,Talk Corner,1,0.0009182736455463728,0,0.0
Interview,Talk Corner,1,0.0009182736455463728,0,0.0
101-kaime no Prologue,Linear Blue wo Kikinagara,1,0.0009182736455463728,0,0.0
Mizu to Ame ni Tsuite,instant EGOIST,1,0.0009182736455463728,0,0.0
Mizu to Ame ni Tsuite,Tengoku to Jigoku,1,0.0009182736455463728,0,0.0
Mizu to Ame ni Tsuite,Sugar Song to Bitter Step,1,0.0009182736455463728,0,0.0
Instrumental Jam,Ryusei no Squall,1,0.0009182736455463728,0,0.0
"8-Gatsu, Hirunaka no Nagareboshi to Hikouki-Gumo",Ryusei no Squall,1,0.0009182736455463728,0,0.0
Mizu to Ame ni Tsuite,Ryusei no Squall,1,0.0009182736455463728,0,0.0
"8-Gatsu, Hirunaka no Nagareboshi to Hikouki-Gumo",Instrumental Jam,1,0.0009182736455463728,0,0.0
Instrumental Jam,Mizu to Ame ni Tsuite,1,0.0009182736455463728,0,0.0
Mizu to Ame ni Tsuite,fake town baby,1,0.0009182736455463728,0,0.0
Drum Solo,Mizu to Ame ni Tsuite,1,0.0009182736455463728,0,0.0
Sekai wa Fancy,Talk Corner,1,0.0009182736455463728,0,0.0
Mermaid Scandalous,Talk Corner,1,0.0009182736455463728,0,0.0
"8-Gatsu, Hirunaka no Nagareboshi to Hikouki-Gumo",instant EGOIST,1,0.0009182736455463728,0,0.0
Talk Corner,Tengoku to Jigoku,1,0.0009182736455463728,0,0.0
Instrumental Jam,Sawarenai Uta,2,0.0018365472910927456,0,0.0
Sawarenai Uta,fake town baby,1,0.0009182736455463728,0,0.0
"Catch up, latency",Talk Corner,1,0.0009182736455463728,0,0.0
"8-Gatsu, Hirunaka no Nagareboshi to Hikouki-Gumo",Sawarenai Uta,1,0.0009182736455463728,0,0.0
Simple Simple Anecdote,Talk Corner,1,0.0009182736455463728,0,0.0
Mizu to Ame ni Tsuite,Sawarenai Uta,1,0.0009182736455463728,0,0.0
Slow Curve wa Utenai (that made me crazy),Talk Corner,1,0.0009182736455463728,0,0.0
Drum Solo,instant EGOIST,1,0.0009182736455463728,0,0.0
Mizu to Ame ni Tsuite,Tettoutetsubi Yonayona Drive,1,0.0009182736455463728,0,0.0
cody beats,instant EGOIST,1,0.0009182736455463728,0,0.0
Tengoku to Jigoku,cody beats,1,0.0009182736455463728,0,0.0
Instrumental Jam,cody beats,1,0.0009182736455463728,0,0.0
cody beats,fake town baby,1,0.0009182736455463728,0,0.0
Kimi no Hitomi ni Koishi Tenai,Mizu to Ame ni Tsuite,1,0.0009182736455463728,0,0.0
"Catch up, latency",Signal ABC,1,0.0009182736455463728,0,0.0
"Catch up, latency",Mikazuki no Yoru no Mannaka,1,0.0009182736455463728,0,0.0
"Catch up, latency",Seku x Kara x Shisonzuuru,2,0.0018365472910927456,0,0.0
Ai Ga Arukai?,S.S,1,0.0009182736455463728,0,0.0
S.S,harmonized finale,1,0.0009182736455463728,0,0.0
Ai Ga Arukai?,Full Color Program,1,0.0009182736455463728,0,0.0
Full Color Program,Namida ga Koboretara,1,0.0009182736455463728,0,0.0
Full Color Program,Paradise Has No Border,1,0.0009182736455463728,0,0.0
Full Color Program,Shigaru,1,0.0009182736455463728,0,0.0
Full Color Program,Rising Hope,1,0.0009182736455463728,0,0.0
Full Color Program,S.S,1,0.0009182736455463728,0,0.0
Ai Ga Arukai?,Program continued,1,0.0009182736455463728,0,0.0
Ai Ga Arukai?,Chandelier Waltz,1,0.0009182736455463728,0,0.0
Ai Ga Arukai?,Namida ga Koboretara,1,0.0009182736455463728,0,0.0
Ai Ga Arukai?,Cheap Cheap Endroll,1,0.0009182736455463728,0,0.0
Ai Ga Arukai?,Paradise Has No Border,1,0.0009182736455463728,0,0.0
Ai Ga Arukai?,BUSTER DICE MISERY,1,0.0009182736455463728,0,0.0
Ai Ga Arukai?,Bachigai Hummingbird,1,0.0009182736455463728,0,0.0
Ai Ga Arukai?,Shigaru,1,0.0009182736455463728,0,0.0
Rising Hope,harmonized finale,1,0.0009182736455463728,0,0.0
101-kaime no Prologue,Pistol Galaxy,1,0.0009182736455463728,0,0.0
Shigaru,harmonized finale,1,0.0009182736455463728,0,0.0
Ai Ga Arukai?,Otonoba Chukan Shiken,1,0.0009182736455463728,0,0.0
Countdown,Galileo no Showcase,2,0.0018365472910927456,0,0.0
Instrumental Jam,RUNNERS HIGH,1,0.0009182736455463728,0,0.0
Airabuniju,Countdown,1,0.0009182736455463728,0,0.0
Drum Solo,RUNNERS HIGH,1,0.0009182736455463728,0,0.0
RUNNERS HIGH,Sakura no Ato (all quartets lead to the?),1,0.0009182736455463728,0,0.0
RUNNERS HIGH,Shoegazer Speaker,1,0.0009182736455463728,0,0.0
Namida ga Koboretara,Otonoba Chukan Shiken,1,0.0009182736455463728,0,0.0
Paradise Has No Border,harmonized finale,1,0.0009182736455463728,0,0.0
Otonoba Chukan Shiken,Paradise Has No Border,1,0.0009182736455463728,0,0.0
Otonoba Chukan Shiken,Shigaru,1,0.0009182736455463728,0,0.0
Otonoba Chukan Shiken,Rising Hope,1,0.0009182736455463728,0,0.0
Otonoba Chukan Shiken,S.S,1,0.0009182736455463728,0,0.0
Ai Ga Arukai?,harmonized finale,1,0.0009182736455463728,0,0.0
Namida ga Koboretara,harmonized finale,1,0.0009182736455463728,0,0.0
Ai Ga Arukai?,Rising Hope,1,0.0009182736455463728,0,0.0
Ai Ga Arukai?,Instrumental Jam,1,0.0009182736455463728,0,0.0
RUNNERS HIGH,S.S,1,0.0009182736455463728,0,0.0
Ai Ga Arukai?,Drum Solo,1,0.0009182736455463728,0,0.0
Namida ga Koboretara,S.S,1,0.0009182736455463728,0,0.0
Instrumental Jam,Namida ga Koboretara,1,0.0009182736455463728,0,0.0
Drum Solo,Namida ga Koboretara,1,0.0009182736455463728,0,0.0
Namida ga Koboretara,Sakura no Ato (all quartets lead to the?),1,0.0009182736455463728,0,0.0
Namida ga Koboretara,Shoegazer Speaker,1,0.0009182736455463728,0,0.0
Cheap Cheap Endroll,Paradise Has No Border,1,0.0009182736455463728,0,0.0
Countdown,Counter Identity,1,0.0009182736455463728,0,0.0
Countdown,Sentimental Period,2,0.0018365472910927456,0,0.0
Cheap Cheap Endroll,Shigaru,1,0.0009182736455463728,0,0.0
Cheap Cheap Endroll,Rising Hope,1,0.0009182736455463728,0,0.0
Cheap Cheap Endroll,S.S,1,0.0009182736455463728,0,0.0
BUSTER DICE MISERY,Paradise Has No Border,1,0.0009182736455463728,0,0.0
Bachigai Hummingbird,Paradise Has No Border,1,0.0009182736455463728,0,0.0
Paradise Has No Border,Shigaru,1,0.0009182736455463728,0,0.0
Paradise Has No Border,Rising Hope,1,0.0009182736455463728,0,0.0
Namida ga Koboretara,Rising Hope,1,0.0009182736455463728,0,0.0
Namida ga Koboretara,Shigaru,1,0.0009182736455463728,0,0.0
Bachigai Hummingbird,Namida ga Koboretara,1,0.0009182736455463728,0,0.0
Program continued,S.S,1,0.0009182736455463728,0,0.0
Ai Ga Arukai?,Sakura no Ato (all quartets lead to the?),1,0.0009182736455463728,0,0.0
Ai Ga Arukai?,Shoegazer Speaker,1,0.0009182736455463728,0,0.0
Namida ga Koboretara,Program continued,1,0.0009182736455463728,0,0.0
Paradise Has No Border,Program continued,1,0.0009182736455463728,0,0.0
Program continued,Shigaru,1,0.0009182736455463728,0,0.0
Program continued,Rising Hope,1,0.0009182736455463728,0,0.0
Chandelier Waltz,Namida ga Koboretara,1,0.0009182736455463728,0,0.0
BUSTER DICE MISERY,Namida ga Koboretara,1,0.0009182736455463728,0,0.0
Chandelier Waltz,Paradise Has No Border,1,0.0009182736455463728,0,0.0
Chandelier Waltz,Shigaru,1,0.0009182736455463728,0,0.0
Chandelier Waltz,Rising Hope,1,0.0009182736455463728,0,0.0
Chandelier Waltz,S.S,1,0.0009182736455463728,0,0.0
Cheap Cheap Endroll,Namida ga Koboretara,1,0.0009182736455463728,0,0.0
Namida ga Koboretara,Paradise Has No Border,1,0.0009182736455463728,0,0.0
Childhood Supernova,Countdown,1,0.0009182736455463728,0,0.0
Countdown,"kid, I like quartet",1,0.0009182736455463728,0,0.0
Phantom Joke,over driver,1,0.0009182736455463728,0,0.0
Otonoba Chukan Shiken,WINDOW Akeru,1,0.0009182736455463728,0,0.0
Hatch I need,Linear Blue wo Kikinagara,1,0.0009182736455463728,0,0.0
Linear Blue wo Kikinagara,Slow Curve wa Utenai (that made me crazy),1,0.0009182736455463728,0,0.0
Linear Blue wo Kikinagara,Mermaid Scandalous,1,0.0009182736455463728,0,0.0
Interview,Linear Blue wo Kikinagara,1,0.0009182736455463728,0,0.0
101-kaime no Prologue,Yayoichou Lonely Planet,1,0.0009182736455463728,0,0.0
Program continued,Signal ABC,1,0.0009182736455463728,0,0.0
Mikazuki no Yoru no Mannaka,Phantom Joke,1,0.0009182736455463728,0,0.0
Phantom Joke,Program continued,1,0.0009182736455463728,0,0.0
Phantom Joke,Seku x Kara x Shisonzuuru,1,0.0009182736455463728,0,0.0
Mikazuki no Yoru no Mannaka,Program continued,1,0.0009182736455463728,0,0.0
Mikazuki no Yoru no Mannaka,Sugar Song to Bitter Step,1,0.0009182736455463728,0,0.0
CAPACITY Koeru,"Majority Report (darling, I love you)",1,0.0009182736455463728,0,0.0
Clover,"Majority Report (darling, I love you)",1,0.0009182736455463728,0,0.0
"Majority Report (darling, I love you)",Ride on Time,1,0.0009182736455463728,0,0.0
Aerial Alien,Clover,1,0.0009182736455463728,0,0.0
Linear Blue wo Kikinagara,Sesshoku Vigilante,1,0.0009182736455463728,0,0.0
Ryusei Kouro,Serenade ga Tomaranai,1,0.0009182736455463728,0,0.0
Seku x Kara x Shisonzuuru,Sentimental Period,2,0.0018365472910927456,0,0.0
Karakuri Karukare,Seku x Kara x Shisonzuuru,1,0.0009182736455463728,0,0.0
Sugar Song to Bitter Step,over driver,1,0.0009182736455463728,0,0.0
Sentimental Period,Serenade ga Tomaranai,1,0.0009182736455463728,0,0.0
Countdown,Seku x Kara x Shisonzuuru,1,0.0009182736455463728,0,0.0
Koko de Atta ga Kemonomichi,Phantom Joke,1,0.0009182736455463728,0,0.0
Countdown,Dareka ga Wasurete iru Kamoshirenai Bokura ni Daijina 001 no Koto,1,0.0009182736455463728,0,0.0
Koko de Atta ga Kemonomichi,Sugar Song to Bitter Step,1,0.0009182736455463728,0,0.0
Countdown,Karakuri Karukare,1,0.0009182736455463728,0,0.0
Light Flat,Love Song wa Totsuzen ni? ~What is the name of that mystery??~,1,0.0009182736455463728,0,0.0
Countdown,Love Song wa Totsuzen ni? ~What is the name of that mystery??~,1,0.0009182736455463728,0,0.0
Phantom Joke,flat song,1,0.0009182736455463728,0,0.0
Program continued,flat song,1,0.0009182736455463728,0,0.0
Phantom Joke,Signal ABC,1,0.0009182736455463728,0,0.0
Light Flat,Seku x Kara x Shisonzuuru,2,0.0018365472910927456,0,0.0
Countdown,Light Flat,1,0.0009182736455463728,0,0.0
RUNNERS HIGH,WINDOW Akeru,1,0.0009182736455463728,0,0.0
Ai Ga Arukai?,WINDOW Akeru,1,0.0009182736455463728,0,0.0
Countdown,Snow Reverse,1,0.0009182736455463728,0,0.0
Program continued,WINDOW Akeru,1,0.0009182736455463728,0,0.0
RUNNERS HIGH,harmonized finale,1,0.0009182736455463728,0,0.0
Full Color Program,RUNNERS HIGH,1,0.0009182736455463728,0,0.0
Ai Ga Arukai?,RUNNERS HIGH,1,0.0009182736455463728,0,0.0
Program continued,RUNNERS HIGH,1,0.0009182736455463728,0,0.0
Chandelier Waltz,RUNNERS HIGH,1,0.0009182736455463728,0,0.0
Namida ga Koboretara,RUNNERS HIGH,1,0.0009182736455463728,0,0.0
Cheap Cheap Endroll,RUNNERS HIGH,1,0.0009182736455463728,0,0.0
Paradise Has No Border,RUNNERS HIGH,1,0.0009182736455463728,0,0.0
BUSTER DICE MISERY,RUNNERS HIGH,1,0.0009182736455463728,0,0.0
Bachigai Hummingbird,RUNNERS HIGH,1,0.0009182736455463728,0,0.0
RUNNERS HIGH,Shigaru,1,0.0009182736455463728,0,0.0
Toushindai no Chikyu,UNO Story,1,0.0009182736455463728,0,0.0
RUNNERS HIGH,Rising Hope,1,0.0009182736455463728,0,0.0
UNO Story,Worldwide Supergirl,1,0.0009182736455463728,0,0.0
Karakuri Karukare,UNO Story,1,0.0009182736455463728,0,0.0
Otonoba Chukan Shiken,RUNNERS HIGH,1,0.0009182736455463728,0,0.0
Orion wo Nazoru,S.S,1,0.0009182736455463728,0,0.0
Orion wo Nazoru,Rising Hope,1,0.0009182736455463728,0,0.0
S.S,WINDOW Akeru,1,0.0009182736455463728,0,0.0
Namida ga Koboretara,WINDOW Akeru,1,0.0009182736455463728,0,0.0
Cheap Cheap Endroll,WINDOW Akeru,1,0.0009182736455463728,0,0.0
Paradise Has No Border,WINDOW Akeru,1,0.0009182736455463728,0,0.0
Bachigai Hummingbird,Ryusei Kouro,1,0.0009182736455463728,0,0.0
Shigaru,WINDOW Akeru,1,0.0009182736455463728,0,0.0
Rising Hope,WINDOW Akeru,1,0.0009182736455463728,0,0.0
Orion wo Nazoru,RUNNERS HIGH,1,0.0009182736455463728,0,0.0
Orion wo Nazoru,Shigaru,1,0.0009182736455463728,0,0.0
Ai Ga Arukai?,Orion wo Nazoru,1,0.0009182736455463728,0,0.0
Linear Blue wo Kikinagara,Ryusei Kouro,1,0.0009182736455463728,0,0.0
Mizu to Ame ni Tsuite,Worldwide Supergirl,1,0.0009182736455463728,0,0.0
Namida ga Koboretara,Orion wo Nazoru,1,0.0009182736455463728,0,0.0
Dareka ga Wasurete iru Kamoshirenai Bokura ni Daijina 001 no Koto,Mizu to Ame ni Tsuite,1,0.0009182736455463728,0,0.0
Orion wo Nazoru,Paradise Has No Border,1,0.0009182736455463728,0,0.0
Hitori Omou wa Ame no Naka,Koko de Atta ga Kemonomichi,2,0.0018365472910927456,0,0.0
MIDNIGHT JUNGLE,Siren in the Spy,2,0.0018365472910927456,0,0.0
Hitori Omou wa Ame no Naka,Tarareba Watagashi,2,0.0018365472910927456,0,0.0
"8-Gatsu, Hirunaka no Nagareboshi to Hikouki-Gumo",Invisible Sensation,2,0.0018365472910927456,0,0.0
BUSTER DICE MISERY,Momai termination,1,0.0009182736455463728,0,0.0
BUSTER DICE MISERY,Silent Libre Mirage,1,0.0009182736455463728,0,0.0
Momai termination,Silent Libre Mirage,2,0.0018365472910927456,0,0.0
Momai termination,Toushindai no Chikyu,2,0.0018365472910927456,0,0.0
"8-Gatsu, Hirunaka no Nagareboshi to Hikouki-Gumo",Momai termination,1,0.0009182736455463728,0,0.0
"8-Gatsu, Hirunaka no Nagareboshi to Hikouki-Gumo",crazy birthday,1,0.0009182736455463728,0,0.0
"8-Gatsu, Hirunaka no Nagareboshi to Hikouki-Gumo",Silent Libre Mirage,1,0.0009182736455463728,0,0.0
"10% roll, 10% romance",Toushindai no Chikyu,2,0.0018365472910927456,0,0.0
Kimi no Hitomi ni Koishi Tenai,Tameiki shooting the MOON,3,0.0027548209366391185,0,0.0
Phantom Joke,Tameiki shooting the MOON,1,0.0009182736455463728,0,0.0
Fiction Freak Crisis,Tameiki shooting the MOON,1,0.0009182736455463728,0,0.0
Chandelier Waltz,Phantom Joke,3,0.0027548209366391185,0,0.0
Bachigai Hummingbird,Hatch I need,2,0.0018365472910927456,0,0.0
Hatch I need,Mikansei Daisy,1,0.0009182736455463728,0,0.0
Nani ka ga Kawari So,Silent Libre Mirage,1,0.0009182736455463728,0,0.0
Sayonara Dai Kyu Wakusei,Snow Reverse,5,0.004591368227731864,0,0.0
Light Flat,bad music disco,1,0.0009182736455463728,0,0.0
Jonetsu Satisfaction,Sanpo Saki My Life,1,0.0009182736455463728,0,0.0
5-bu-go no Stardust,bad music disco,1,0.0009182736455463728,0,0.0
Master Volume,bad music disco,2,0.0018365472910927456,0,0.0
Mizu to Ame ni Tsuite,bad music disco,3,0.0027548209366391185,0,0.0
Jonetsu Satisfaction,Ride on Time,1,0.0009182736455463728,0,0.0
Jonetsu Satisfaction,"Nigatsu, Hakuchu no Nagareboshi to Hikoukigumo",1,0.0009182736455463728,0,0.0
Jonetsu Satisfaction,Snow Reverse,1,0.0009182736455463728,0,0.0
Jonetsu Satisfaction,Light Flat,1,0.0009182736455463728,0,0.0
5-bu-go no Stardust,"Nigatsu, Hakuchu no Nagareboshi to Hikoukigumo",2,0.0018365472910927456,0,0.0
Jonetsu Satisfaction,Sayonara Dai Kyu Wakusei,1,0.0009182736455463728,0,0.0
5-bu-go no Stardust,Jonetsu Satisfaction,1,0.0009182736455463728,0,0.0
Jonetsu Satisfaction,Master Volume,1,0.0009182736455463728,0,0.0
Jonetsu Satisfaction,Mizu to Ame ni Tsuite,1,0.0009182736455463728,0,0.0
"Nigatsu, Hakuchu no Nagareboshi to Hikoukigumo",Ride on Time,7,0.006427915518824609,0,0.0
5-bu-go no Stardust,Ride on Time,5,0.004591368227731864,0,0.0
Hatch I need,Seihitsu Kanbi Akigure Jojou,1,0.0009182736455463728,0,0.0
Hatch I need,Ride on Time,1,0.0009182736455463728,0,0.0
Hatch I need,Master Volume,3,0.0027548209366391185,0,0.0
CAPACITY Koeru,Siren in the Spy,3,0.0027548209366391185,0,0.0
Another World,CAPACITY Koeru,2,0.0018365472910927456,0,0.0
Another World,Serenade ga Tomaranai,1,0.0009182736455463728,0,0.0
Another World,Chandelier Waltz,4,0.0036730945821854912,0,0.0
Light Flat,Ryusei Kouro,9,0.008264462809917356,0,0.0
CAPACITY Koeru,Tengoku to Jigoku,5,0.004591368227731864,0,0.0
CAPACITY Koeru,Sakura no Ato (all quartets lead to the?),6,0.005509641873278237,0,0.0
Kimi no Moto e,Siren in the Spy,1,0.0009182736455463728,0,0.0
Hatch I need,Shoegazer Speaker,2,0.0018365472910927456,0,0.0
Momai termination,Ride on Time,5,0.004591368227731864,0,0.0
Galileo no Showcase,Momai termination,3,0.0027548209366391185,0,0.0
Master Volume,Momai termination,2,0.0018365472910927456,0,0.0
Hoshi Oitachi no Inori,Sentimental Period,2,0.0018365472910927456,0,0.0
Hoshi Oitachi no Inori,Light Flat,2,0.0018365472910927456,0,0.0
Hoshi Oitachi no Inori,Itsuka no Shounen,2,0.0018365472910927456,0,0.0
CAPACITY Koeru,Ride on Time,5,0.004591368227731864,0,0.0
CAPACITY Koeru,Serenade ga Tomaranai,2,0.0018365472910927456,0,0.0
Sanpo Saki My Life,Serenade ga Tomaranai,5,0.004591368227731864,0,0.0
23:25,Another World,6,0.005509641873278237,0,0.0
Another World,Light Flat,13,0.011937557392102846,0,0.0
MR. Andy,mix juice no Iutouri,2,0.0018365472910927456,0,0.0
Clover,Tsuki to Tenbin,7,0.006427915518824609,0,0.0
Light Flat,Tsuki to Tenbin,9,0.008264462809917356,0,0.0
Sentimental Period,Tsuki to Tenbin,7,0.006427915518824609,0,0.0
Master Volume,Shoegazer Speaker,1,0.0009182736455463728,0,0.0
Master Volume,Phantom Joke,3,0.0027548209366391185,0,0.0
Ride on Time,Shoegazer Speaker,2,0.0018365472910927456,0,0.0
Nagareboshi wo Uchi Otose,Seihitsu Kanbi Akigure Jojou,1,0.0009182736455463728,0,0.0
Ride on Time,Seihitsu Kanbi Akigure Jojou,1,0.0009182736455463728,0,0.0
Mikansei Daisy,Shoegazer Speaker,5,0.004591368227731864,0,0.0
Mikansei Daisy,Phantom Joke,2,0.0018365472910927456,0,0.0
Mikansei Daisy,Seihitsu Kanbi Akigure Jojou,1,0.0009182736455463728,0,0.0
Sayonara Dai Kyu Wakusei,bad music disco,1,0.0009182736455463728,0,0.0
Sanpo Saki My Life,bad music disco,1,0.0009182736455463728,0,0.0
Atorakushon ga Hajimaru (they call it “NO.6”),Childhood Supernova,1,0.0009182736455463728,0,0.0
5-bu-go no Stardust,Hitori Omou wa Ame no Naka,3,0.0027548209366391185,0,0.0
WINDOW Akeru,bad music disco,1,0.0009182736455463728,0,0.0
Jonetsu Satisfaction,WINDOW Akeru,1,0.0009182736455463728,0,0.0
Alone,Hitori Omou wa Ame no Naka,1,0.0009182736455463728,0,0.0
Hitori Omou wa Ame no Naka,mouth to mouse(sent you),1,0.0009182736455463728,0,0.0
Hitori Omou wa Ame no Naka,bad music disco,1,0.0009182736455463728,0,0.0
Hitori Omou wa Ame no Naka,Jonetsu Satisfaction,1,0.0009182736455463728,0,0.0
Alone,Galileo no Showcase,1,0.0009182736455463728,0,0.0
Jonetsu Satisfaction,Sentimental Period,1,0.0009182736455463728,0,0.0
Alone,Full Color Program,1,0.0009182736455463728,0,0.0
Alone,Counter Identity,1,0.0009182736455463728,0,0.0
Alone,Hakoniwa Rock Show,1,0.0009182736455463728,0,0.0
Alone,mouth to mouse(sent you),1,0.0009182736455463728,0,0.0
Alone,MR. Andy,1,0.0009182736455463728,0,0.0
Alone,Sora no Tobikata,1,0.0009182736455463728,0,0.0
Alone,WINDOW Akeru,1,0.0009182736455463728,0,0.0
Sentimental Period,bad music disco,2,0.0018365472910927456,0,0.0
Snow Reverse,bad music disco,1,0.0009182736455463728,0,0.0
Kimi no Hitomi ni Koishi Tenai,Siren in the Spy,3,0.0027548209366391185,0,0.0
Friday Novels,Serenade ga Tomaranai,1,0.0009182736455463728,0,0.0
Friday Novels,Galileo no Showcase,1,0.0009182736455463728,0,0.0
"10% roll, 10% romance","Majority Report (darling, I love you)",3,0.0027548209366391185,0,0.0
"10% roll, 10% romance",Momai termination,2,0.0018365472910927456,0,0.0
"10% roll, 10% romance",Siren in the Spy,5,0.004591368227731864,0,0.0
Kimi no Hitomi ni Koishi Tenai,"Majority Report (darling, I love you)",2,0.0018365472910927456,0,0.0
"Majority Report (darling, I love you)",fake town baby,1,0.0009182736455463728,0,0.0
Alone,Sentimental Period,1,0.0009182736455463728,0,0.0
"Majority Report (darling, I love you)",Siren in the Spy,1,0.0009182736455463728,0,0.0
Momai termination,Seihitsu Kanbi Akigure Jojou,1,0.0009182736455463728,0,0.0
Momai termination,fake town baby,2,0.0018365472910927456,0,0.0
Siren in the Spy,fake town baby,3,0.0027548209366391185,0,0.0
Friday Novels,kaleido proud fiesta,2,0.0018365472910927456,0,0.0
Chaos ga Kiwamaru,Friday Novels,3,0.0027548209366391185,0,0.0
Alone,bad music disco,1,0.0009182736455463728,0,0.0
Alone,Jonetsu Satisfaction,1,0.0009182736455463728,0,0.0
Alone,Ride on Time,1,0.0009182736455463728,0,0.0
MR. Andy,bad music disco,1,0.0009182736455463728,0,0.0
bad music disco,mouth to mouse(sent you),2,0.0018365472910927456,0,0.0
Jonetsu Satisfaction,mouth to mouse(sent you),1,0.0009182736455463728,0,0.0
Ride on Time,mouth to mouse(sent you),2,0.0018365472910927456,0,0.0
"Nigatsu, Hakuchu no Nagareboshi to Hikoukigumo",mouth to mouse(sent you),1,0.0009182736455463728,0,0.0
Light Flat,mouth to mouse(sent you),3,0.0027548209366391185,0,0.0
Sayonara Dai Kyu Wakusei,mouth to mouse(sent you),5,0.004591368227731864,0,0.0
Jonetsu Satisfaction,MR. Andy,1,0.0009182736455463728,0,0.0
Alone,"Nigatsu, Hakuchu no Nagareboshi to Hikoukigumo",1,0.0009182736455463728,0,0.0
Sora no Tobikata,bad music disco,2,0.0018365472910927456,0,0.0
Jonetsu Satisfaction,Sora no Tobikata,1,0.0009182736455463728,0,0.0
"Nigatsu, Hakuchu no Nagareboshi to Hikoukigumo",Sora no Tobikata,2,0.0018365472910927456,0,0.0
Jonetsu Satisfaction,bad music disco,1,0.0009182736455463728,0,0.0
Ride on Time,bad music disco,2,0.0018365472910927456,0,0.0
"Nigatsu, Hakuchu no Nagareboshi to Hikoukigumo",bad music disco,1,0.0009182736455463728,0,0.0
Sora no Tobikata,mouth to mouse(sent you),1,0.0009182736455463728,0,0.0
Hakoniwa Rock Show,Jonetsu Satisfaction,1,0.0009182736455463728,0,0.0
Hakoniwa Rock Show,bad music disco,1,0.0009182736455463728,0,0.0
Counter Identity,Jonetsu Satisfaction,1,0.0009182736455463728,0,0.0
Counter Identity,bad music disco,1,0.0009182736455463728,0,0.0
Counter Identity,mouth to mouse(sent you),2,0.0018365472910927456,0,0.0
Full Color Program,Jonetsu Satisfaction,1,0.0009182736455463728,0,0.0
Full Color Program,bad music disco,1,0.0009182736455463728,0,0.0
Galileo no Showcase,Jonetsu Satisfaction,1,0.0009182736455463728,0,0.0
Galileo no Showcase,bad music disco,3,0.0027548209366391185,0,0.0
Alone,Mizu to Ame ni Tsuite,1,0.0009182736455463728,0,0.0
Alone,Master Volume,1,0.0009182736455463728,0,0.0
5-bu-go no Stardust,Alone,1,0.0009182736455463728,0,0.0
Alone,Sayonara Dai Kyu Wakusei,1,0.0009182736455463728,0,0.0
Alone,Light Flat,1,0.0009182736455463728,0,0.0
Alone,Sanpo Saki My Life,1,0.0009182736455463728,0,0.0
Alone,Snow Reverse,1,0.0009182736455463728,0,0.0
Clover,Hoshi Oitachi no Inori,2,0.0018365472910927456,0,0.0
Hoshi Oitachi no Inori,Karakuri Karukare,2,0.0018365472910927456,0,0.0
Deirai Kyousou Gakudan,Hoshi Oitachi no Inori,3,0.0027548209366391185,0,0.0
Messenger From Zen Sekai,bad music disco,2,0.0018365472910927456,0,0.0
Dance Party,Hakoniwa Rock Show,1,0.0009182736455463728,0,0.0
Dance Party,Sayonara Dai Kyu Wakusei,2,0.0018365472910927456,0,0.0
Andromeda,MR. Andy,5,0.004591368227731864,0,0.0
Andromeda,Itsuka no Shounen,3,0.0027548209366391185,0,0.0
Andromeda,Karakuri Karukare,2,0.0018365472910927456,0,0.0
Messenger From Zen Sekai,"Nigatsu, Hakuchu no Nagareboshi to Hikoukigumo",7,0.006427915518824609,0,0.0
Sayonara Summer Time Machine,Tengoku to Jigoku,4,0.0036730945821854912,0,0.0
Dance Party,Ryusei Kouro,1,0.0009182736455463728,0,0.0
Miss. Sandy,Sayonara Summer Time Machine,4,0.0036730945821854912,0,0.0
Sayonara Summer Time Machine,Shoegazer Speaker,5,0.004591368227731864,0,0.0
Signal ABC,Tengoku to Jigoku,5,0.004591368227731864,0,0.0
Deirai Kyousou Gakudan,Nani ka ga Kawari So,5,0.004591368227731864,0,0.0
Mikansei Daisy,Nani ka ga Kawari So,6,0.005509641873278237,0,0.0
Airabuniju,Nani ka ga Kawari So,4,0.0036730945821854912,0,0.0
Dance Party,Searchlight,1,0.0009182736455463728,0,0.0
Dance Party,Light Flat,1,0.0009182736455463728,0,0.0
Hakoniwa Rock Show,Hoshi Oitachi no Inori,2,0.0018365472910927456,0,0.0
Chaos ga Kiwamaru,Siren in the Spy,4,0.0036730945821854912,0,0.0
Program continued,instant EGOIST,2,0.0018365472910927456,0,0.0
BUSTER DICE MISERY,Program continued,2,0.0018365472910927456,0,0.0
Instrumental Jam,Program continued,4,0.0036730945821854912,0,0.0
Cheap Cheap Endroll,Program continued,2,0.0018365472910927456,0,0.0
Siren in the Spy,kaleido proud fiesta,3,0.0027548209366391185,0,0.0
Haru ga Kite Bokura,Siren in the Spy,3,0.0027548209366391185,0,0.0
Ryusei Kouro,Snow Reverse,3,0.0027548209366391185,0,0.0
Dance Party,Sentimental Period,2,0.0018365472910927456,0,0.0
Momai termination,Serenade ga Tomaranai,2,0.0018365472910927456,0,0.0
Sayonara Summer Time Machine,Toumei Ningen,1,0.0009182736455463728,0,0.0
Macaroni,Sayonara Summer Time Machine,1,0.0009182736455463728,0,0.0
Clover,Mikansei Daisy,1,0.0009182736455463728,0,0.0
Mikansei Daisy,Toumei Ningen,1,0.0009182736455463728,0,0.0
Macaroni,Mikansei Daisy,1,0.0009182736455463728,0,0.0
Deirai Kyousou Gakudan,Miss. Sandy,5,0.004591368227731864,0,0.0
Deirai Kyousou Gakudan,Signal ABC,4,0.0036730945821854912,0,0.0
Deirai Kyousou Gakudan,Shoegazer Speaker,4,0.0036730945821854912,0,0.0
FISH INN,Galileo no Showcase,1,0.0009182736455463728,0,0.0
Nagareboshi wo Uchi Otose,Toushindai no Chikyu,3,0.0027548209366391185,0,0.0
Fiction Freak Crisis,Otonoba Chukan Shiken,1,0.0009182736455463728,0,0.0
Karakuri Karukare,Tameiki shooting the MOON,2,0.0018365472910927456,0,0.0
Karakuri Karukare,Worldwide Supergirl,4,0.0036730945821854912,0,0.0
FISH INN,MR. Andy,1,0.0009182736455463728,0,0.0
FISH INN,Itsuka no Shounen,1,0.0009182736455463728,0,0.0
FISH INN,Sayonara Dai Kyu Wakusei,1,0.0009182736455463728,0,0.0
Mikansei Daisy,Miss. Sandy,4,0.0036730945821854912,0,0.0
23:25,FISH INN,1,0.0009182736455463728,0,0.0
"I wanna believe, Yoru o Iku",kaleido proud fiesta,1,0.0009182736455463728,0,0.0
"I wanna believe, Yoru o Iku",Linear Blue wo Kikinagara,1,0.0009182736455463728,0,0.0
"kid, I like quartet",mix juice no Iutouri,1,0.0009182736455463728,0,0.0
BUSTER DICE MISERY,Childhood Supernova,1,0.0009182736455463728,0,0.0
BUSTER DICE MISERY,"kid, I like quartet",1,0.0009182736455463728,0,0.0
Mekator Jikuu Tankentai,Toushindai no Chikyu,1,0.0009182736455463728,0,0.0
Nani ka ga Kawari So,Sekai wa Fancy,3,0.0027548209366391185,0,0.0
Chaos ga Kiwamaru,Nani ka ga Kawari So,8,0.0073461891643709825,0,0.0
Ikenai fool logic,Nani ka ga Kawari So,2,0.0018365472910927456,0,0.0
Nani ka ga Kawari So,Phrase Bottle Bye Bye,2,0.0018365472910927456,0,0.0
Karakuri Karukare,Tsuki to Tenbin,8,0.0073461891643709825,0,0.0
Itsuka no Shounen,Tsuki to Tenbin,1,0.0009182736455463728,0,0.0
Shoegazer Speaker,Signal ABC,4,0.0036730945821854912,0,0.0
Sakura no Ato (all quartets lead to the?),Signal ABC,4,0.0036730945821854912,0,0.0
Airabuniju,Shoegazer Speaker,4,0.0036730945821854912,0,0.0
Airabuniju,Signal ABC,4,0.0036730945821854912,0,0.0
Airabuniju,Siren in the Spy,5,0.004591368227731864,0,0.0
Miss. Sandy,Shoegazer Speaker,4,0.0036730945821854912,0,0.0
Miss. Sandy,Signal ABC,4,0.0036730945821854912,0,0.0
Miss. Sandy,Siren in the Spy,4,0.0036730945821854912,0,0.0
Mikansei Daisy,Signal ABC,4,0.0036730945821854912,0,0.0
Mikansei Daisy,Siren in the Spy,4,0.0036730945821854912,0,0.0
Instrumental Jam,instant EGOIST,3,0.0027548209366391185,0,0.0
Kimi no Hitomi ni Koishi Tenai,Program continued,2,0.0018365472910927456,0,0.0
Ryusei Kouro,"Yuunagi, Ensemble",3,0.0027548209366391185,0,0.0
Macaroni,Orion wo Nazoru,2,0.0018365472910927456,0,0.0
Another World,Otonoba Chukan Shiken,1,0.0009182736455463728,0,0.0
Nagareboshi wo Uchi Otose,Otonoba Chukan Shiken,1,0.0009182736455463728,0,0.0
Another World,Nagareboshi wo Uchi Otose,1,0.0009182736455463728,0,0.0
Scarsdale,crazy birthday,2,0.0018365472910927456,0,0.0
Airabuniju,CAPACITY Koeru,4,0.0036730945821854912,0,0.0
Orion wo Nazoru,Toumei Ningen,2,0.0018365472910927456,0,0.0
Linear Blue wo Kikinagara,Toumei Ningen,1,0.0009182736455463728,0,0.0
Kirai = Kirai,Sanpo Saki My Life,2,0.0018365472910927456,0,0.0
Linear Blue wo Kikinagara,Macaroni,1,0.0009182736455463728,0,0.0
Clover,Toumei Ningen,2,0.0018365472910927456,0,0.0
Clover,Macaroni,2,0.0018365472910927456,0,0.0
Scarsdale,Toumei Ningen,2,0.0018365472910927456,0,0.0
Macaroni,Toumei Ningen,2,0.0018365472910927456,0,0.0
Macaroni,Scarsdale,2,0.0018365472910927456,0,0.0
Galileo no Showcase,Nagareboshi wo Uchi Otose,1,0.0009182736455463728,0,0.0
Another World,Nani ka ga Kawari So,1,0.0009182736455463728,0,0.0
Galileo no Showcase,Nani ka ga Kawari So,2,0.0018365472910927456,0,0.0
"Majority Report (darling, I love you)",Nagareboshi wo Uchi Otose,1,0.0009182736455463728,0,0.0
Another World,"Majority Report (darling, I love you)",1,0.0009182736455463728,0,0.0
Hakoniwa Rock Show,"Majority Report (darling, I love you)",1,0.0009182736455463728,0,0.0
Hoshi Oitachi no Inori,Mizu to Ame ni Tsuite,3,0.0027548209366391185,0,0.0
Hoshi Oitachi no Inori,Master Volume,2,0.0018365472910927456,0,0.0
Another World,Hoshi Oitachi no Inori,2,0.0018365472910927456,0,0.0
5-bu-go no Stardust,Hoshi Oitachi no Inori,2,0.0018365472910927456,0,0.0
5-bu-go no Stardust,Another World,3,0.0027548209366391185,0,0.0
23:25,Hoshi Oitachi no Inori,2,0.0018365472910927456,0,0.0
Hoshi Oitachi no Inori,Sayonara Dai Kyu Wakusei,2,0.0018365472910927456,0,0.0
Galileo no Showcase,Hoshi Oitachi no Inori,3,0.0027548209366391185,0,0.0
Full Color Program,Hoshi Oitachi no Inori,2,0.0018365472910927456,0,0.0
Hoshi Oitachi no Inori,Searchlight,2,0.0018365472910927456,0,0.0
5-bu-go no Stardust,Searchlight,3,0.0027548209366391185,0,0.0
Sanpo Saki My Life,over driver,2,0.0018365472910927456,0,0.0
Bachigai Hummingbird,"Nigatsu, Hakuchu no Nagareboshi to Hikoukigumo",2,0.0018365472910927456,0,0.0
Master Volume,Otonoba Chukan Shiken,1,0.0009182736455463728,0,0.0
Clover,instant EGOIST,2,0.0018365472910927456,0,0.0
Love Song wa Totsuzen ni? ~What is the name of that mystery??~,Sakura no Ato (all quartets lead to the?),2,0.0018365472910927456,0,0.0
Boku wa Kimi ni Naritai,"Catch up, latency",1,0.0009182736455463728,0,0.0
5-bu-go no Stardust,"Catch up, latency",1,0.0009182736455463728,0,0.0
"Catch up, latency",Snow Reverse,2,0.0018365472910927456,0,0.0
City peel,mix juice no Iutouri,1,0.0009182736455463728,0,0.0
Linear Blue wo Kikinagara,instant EGOIST,6,0.005509641873278237,0,0.0
instant EGOIST,like coffee no Omajinai,5,0.004591368227731864,0,0.0
Airabuniju,over driver,1,0.0009182736455463728,0,0.0
Scarsdale,instant EGOIST,2,0.0018365472910927456,0,0.0
Clover,like coffee no Omajinai,3,0.0027548209366391185,0,0.0
Clover,Otonoba Chukan Shiken,1,0.0009182736455463728,0,0.0
Deirai Kyousou Gakudan,Serenade ga Tomaranai,1,0.0009182736455463728,0,0.0
Deirai Kyousou Gakudan,Otonoba Chukan Shiken,1,0.0009182736455463728,0,0.0
Scarsdale,Serenade ga Tomaranai,2,0.0018365472910927456,0,0.0
"Catch up, latency",Love Song wa Totsuzen ni? ~What is the name of that mystery??~,1,0.0009182736455463728,0,0.0
Program continued,Snow Reverse,4,0.0036730945821854912,0,0.0
5-bu-go no Stardust,Program continued,3,0.0027548209366391185,0,0.0
Boku wa Kimi ni Naritai,Program continued,3,0.0027548209366391185,0,0.0
"Catch up, latency",Program continued,3,0.0027548209366391185,0,0.0
Love Song wa Totsuzen ni? ~What is the name of that mystery??~,Program continued,3,0.0027548209366391185,0,0.0
"10% roll, 10% romance",Snow Reverse,1,0.0009182736455463728,0,0.0
"10% roll, 10% romance",Boku wa Kimi ni Naritai,1,0.0009182736455463728,0,0.0
"10% roll, 10% romance",Love Song wa Totsuzen ni? ~What is the name of that mystery??~,1,0.0009182736455463728,0,0.0
"10% roll, 10% romance",Program continued,3,0.0027548209366391185,0,0.0
Cheap Cheap Endroll,Master Volume,2,0.0018365472910927456,0,0.0
Friday Novels,Master Volume,3,0.0027548209366391185,0,0.0
Friday Novels,harmonized finale,2,0.0018365472910927456,0,0.0
Friday Novels,Kimi no Hitomi ni Koishi Tenai,3,0.0027548209366391185,0,0.0
Kirai = Kirai,"Nigatsu, Hakuchu no Nagareboshi to Hikoukigumo",1,0.0009182736455463728,0,0.0
"Nigatsu, Hakuchu no Nagareboshi to Hikoukigumo",Scarsdale,2,0.0018365472910927456,0,0.0
"Nigatsu, Hakuchu no Nagareboshi to Hikoukigumo",over driver,1,0.0009182736455463728,0,0.0
"10% roll, 10% romance",Friday Novels,5,0.004591368227731864,0,0.0
"10% roll, 10% romance",Miss. Sandy,1,0.0009182736455463728,0,0.0
Childhood Supernova,Mizu to Ame ni Tsuite,3,0.0027548209366391185,0,0.0
Hikari Nodokeki Haru no Hi ni,Karakuri Karukare,1,0.0009182736455463728,0,0.0
Ride on Time,Sayonara Summer Time Machine,1,0.0009182736455463728,0,0.0
Ride on Time,Ryusei no Squall,2,0.0018365472910927456,0,0.0
BUSTER DICE MISERY,Full Color Program,2,0.0018365472910927456,0,0.0
Childhood Supernova,Clover,7,0.006427915518824609,0,0.0
Childhood Supernova,"Nigatsu, Hakuchu no Nagareboshi to Hikoukigumo",3,0.0027548209366391185,0,0.0
Clover,Hikari Nodokeki Haru no Hi ni,2,0.0018365472910927456,0,0.0
Childhood Supernova,Hikari Nodokeki Haru no Hi ni,1,0.0009182736455463728,0,0.0
Koisuru Wakusei,Sakura no Ato (all quartets lead to the?),2,0.0018365472910927456,0,0.0
"10% roll, 10% romance",Scarsdale,1,0.0009182736455463728,0,0.0
Kimi no Hitomi ni Koishi Tenai,Numbness like a ginger,1,0.0009182736455463728,0,0.0
Ikenai fool logic,Kimi no Hitomi ni Koishi Tenai,3,0.0027548209366391185,0,0.0
"Catch up, latency",Scarsdale,2,0.0018365472910927456,0,0.0
Numbness like a ginger,Scarsdale,1,0.0009182736455463728,0,0.0
Numbness like a ginger,harmonized finale,2,0.0018365472910927456,0,0.0
Searchlight,"Yuunagi, Ensemble",4,0.0036730945821854912,0,0.0
Koisuru Wakusei,fake town baby,4,0.0036730945821854912,0,0.0
MIDNIGHT JUNGLE,instant EGOIST,2,0.0018365472910927456,0,0.0
CAPACITY Koeru,Clover,4,0.0036730945821854912,0,0.0
Ryusei Zenya,Sentimental Period,1,0.0009182736455463728,0,0.0
Light Flat,Searchlight,22,0.020202020202020204,0,0.0
Light Flat,Ryusei Zenya,1,0.0009182736455463728,0,0.0
Ryusei Zenya,Searchlight,1,0.0009182736455463728,0,0.0
Hakoniwa Rock Show,Ryusei Zenya,1,0.0009182736455463728,0,0.0
Ryusei Zenya,Sayonara Dai Kyu Wakusei,1,0.0009182736455463728,0,0.0
MR. Andy,like coffee no Omajinai,2,0.0018365472910927456,0,0.0
Millennium Happy Chainsaw Edge,Orion wo Nazoru,2,0.0018365472910927456,0,0.0
Scarsdale,like coffee no Omajinai,3,0.0027548209366391185,0,0.0
Clover,Tengoku to Jigoku,5,0.004591368227731864,0,0.0
Deirai Kyousou Gakudan,Pandemic Sudden Death,1,0.0009182736455463728,0,0.0
Airabuniju,Pandemic Sudden Death,1,0.0009182736455463728,0,0.0
Airabuniju,Tengoku to Jigoku,11,0.010101010101010102,0,0.0
Koisuru Wakusei,Orion wo Nazoru,7,0.006427915518824609,0,0.0
Scarsdale,fake town baby,2,0.0018365472910927456,0,0.0
Phantom Joke,Scarsdale,4,0.0036730945821854912,0,0.0
Scarsdale,harmonized finale,4,0.0036730945821854912,0,0.0
Full Color Program,Millennium Happy Chainsaw Edge,2,0.0018365472910927456,0,0.0
Hatch I need,Space Shuttle Lullaby,1,0.0009182736455463728,0,0.0
Childhood Supernova,Koisuru Wakusei,1,0.0009182736455463728,0,0.0
Full Color Program,Koisuru Wakusei,3,0.0027548209366391185,0,0.0
Chaos ga Kiwamaru,Childhood Supernova,1,0.0009182736455463728,0,0.0
Childhood Supernova,Millennium Happy Chainsaw Edge,1,0.0009182736455463728,0,0.0
Childhood Supernova,Space Shuttle Lullaby,1,0.0009182736455463728,0,0.0
Full Color Program,Space Shuttle Lullaby,1,0.0009182736455463728,0,0.0
Karakuri Karukare,mix juice no Iutouri,1,0.0009182736455463728,0,0.0
Orion wo Nazoru,Phrase Bottle Bye Bye,3,0.0027548209366391185,0,0.0
Momai termination,Phrase Bottle Bye Bye,2,0.0018365472910927456,0,0.0
Full Color Program,Phrase Bottle Bye Bye,3,0.0027548209366391185,0,0.0
Ikenai fool logic,Momai termination,4,0.0036730945821854912,0,0.0
Chaos ga Kiwamaru,Momai termination,5,0.004591368227731864,0,0.0
Momai termination,Sekai wa Fancy,6,0.005509641873278237,0,0.0
Hatch I need,Millennium Happy Chainsaw Edge,3,0.0027548209366391185,0,0.0
Childhood Supernova,Hatch I need,1,0.0009182736455463728,0,0.0
Hatch I need,Koisuru Wakusei,3,0.0027548209366391185,0,0.0
Childhood Supernova,kaleido proud fiesta,2,0.0018365472910927456,0,0.0
Fiction Freak Crisis,Nani ka ga Kawari So,3,0.0027548209366391185,0,0.0
Invisible Sensation,Nani ka ga Kawari So,8,0.0073461891643709825,0,0.0
Dareka ga Wasurete iru Kamoshirenai Bokura ni Daijina 001 no Koto,Nani ka ga Kawari So,2,0.0018365472910927456,0,0.0
Clover,Nani ka ga Kawari So,1,0.0009182736455463728,0,0.0
Dareka ga Wasurete iru Kamoshirenai Bokura ni Daijina 001 no Koto,Kimi no Hitomi ni Koishi Tenai,3,0.0027548209366391185,0,0.0
"10% roll, 10% romance",Nani ka ga Kawari So,5,0.004591368227731864,0,0.0
Otonoba Chukan Shiken,instant EGOIST,7,0.006427915518824609,0,0.0
Childhood Supernova,instant EGOIST,3,0.0027548209366391185,0,0.0
Galileo no Showcase,instant EGOIST,2,0.0018365472910927456,0,0.0
Aerial Alien,Childhood Supernova,1,0.0009182736455463728,0,0.0
Aerial Alien,Karakuri Karukare,1,0.0009182736455463728,0,0.0
Aerial Alien,instant EGOIST,1,0.0009182736455463728,0,0.0
Childhood Supernova,mix juice no Iutouri,2,0.0018365472910927456,0,0.0
23:25,Tsuki to Tenbin,11,0.010101010101010102,0,0.0
Ryusei no Squall,to the CIDER ROAD,1,0.0009182736455463728,0,0.0
Airabuniju,to the CIDER ROAD,1,0.0009182736455463728,0,0.0
23:25,"Nigatsu, Hakuchu no Nagareboshi to Hikoukigumo",6,0.005509641873278237,0,0.0
Instrumental Jam,Ride on Time,3,0.0027548209366391185,0,0.0
Kimi no Hitomi ni Koishi Tenai,Ride on Time,6,0.005509641873278237,0,0.0
Haru ga Kite Bokura,Ride on Time,6,0.005509641873278237,0,0.0
Haru ga Kite Bokura,Pandemic Sudden Death,2,0.0018365472910927456,0,0.0
Cheap Cheap Endroll,MR. Andy,3,0.0027548209366391185,0,0.0
MR. Andy,Sekai wa Fancy,1,0.0009182736455463728,0,0.0
Sayonara Dai Kyu Wakusei,Searchlight,16,0.014692378328741965,0,0.0
Andromeda,Sora no Tobikata,1,0.0009182736455463728,0,0.0
Another World,Searchlight,10,0.009182736455463728,0,0.0
Andromeda,Mizu to Ame ni Tsuite,4,0.0036730945821854912,0,0.0
Andromeda,Sayonara Dai Kyu Wakusei,4,0.0036730945821854912,0,0.0
Andromeda,Another World,3,0.0027548209366391185,0,0.0
Andromeda,Hakoniwa Rock Show,5,0.004591368227731864,0,0.0
Andromeda,Galileo no Showcase,9,0.008264462809917356,0,0.0
Ride on Time,Sugar Song to Bitter Step,18,0.01652892561983471,0,0.0
BUSTER DICE MISERY,Own Civilization (nano‐mile met),1,0.0009182736455463728,0,0.0
Bachigai Hummingbird,Numbness like a ginger,1,0.0009182736455463728,0,0.0
Numbness like a ginger,Tengoku to Jigoku,2,0.0018365472910927456,0,0.0
Sugar Song to Bitter Step,instant EGOIST,20,0.018365472910927456,0,0.0
Chaos ga Kiwamaru,instant EGOIST,4,0.0036730945821854912,0,0.0
Numbness like a ginger,instant EGOIST,2,0.0018365472910927456,0,0.0
instant EGOIST,kaleido proud fiesta,4,0.0036730945821854912,0,0.0
Counter Identity,Kirai = Kirai,2,0.0018365472910927456,0,0.0
City peel,Orion wo Nazoru,2,0.0018365472910927456,0,0.0
Fiction Freak Crisis,Orion wo Nazoru,4,0.0036730945821854912,0,0.0
"10% roll, 10% romance",City peel,2,0.0018365472910927456,0,0.0
Bachigai Hummingbird,City peel,2,0.0018365472910927456,0,0.0
Bachigai Hummingbird,Slow Curve wa Utenai (that made me crazy),2,0.0018365472910927456,0,0.0
City peel,Slow Curve wa Utenai (that made me crazy),1,0.0009182736455463728,0,0.0
City peel,Fiction Freak Crisis,1,0.0009182736455463728,0,0.0
City peel,Sakura no Ato (all quartets lead to the?),3,0.0027548209366391185,0,0.0
Andromeda,Searchlight,2,0.0018365472910927456,0,0.0
Andromeda,Ryusei Kouro,3,0.0027548209366391185,0,0.0
Serenade ga Tomaranai,Toushindai no Chikyu,1,0.0009182736455463728,0,0.0
Millennium Happy Chainsaw Edge,fake town baby,2,0.0018365472910927456,0,0.0
Toushindai no Chikyu,Tsuki to Tenbin,2,0.0018365472910927456,0,0.0
Full Color Program,Tsuki to Tenbin,8,0.0073461891643709825,0,0.0
City peel,instant EGOIST,1,0.0009182736455463728,0,0.0
fake town baby,instant EGOIST,3,0.0027548209366391185,0,0.0
Millennium Happy Chainsaw Edge,instant EGOIST,1,0.0009182736455463728,0,0.0
City peel,fake town baby,2,0.0018365472910927456,0,0.0
Millennium Happy Chainsaw Edge,Sakura no Ato (all quartets lead to the?),6,0.005509641873278237,0,0.0
Andromeda,Sentimental Period,5,0.004591368227731864,0,0.0
Airabuniju,Tettoutetsubi Yonayona Drive,5,0.004591368227731864,0,0.0
Coffee Cup Syndrome,Mikansei Daisy,2,0.0018365472910927456,0,0.0
Coffee Cup Syndrome,Serenade ga Tomaranai,1,0.0009182736455463728,0,0.0
Coffee Cup Syndrome,to the CIDER ROAD,1,0.0009182736455463728,0,0.0
Airabuniju,Serenade ga Tomaranai,1,0.0009182736455463728,0,0.0
Ryusei no Squall,Serenade ga Tomaranai,3,0.0027548209366391185,0,0.0
Galileo no Showcase,Tsuki to Tenbin,17,0.015610651974288337,0,0.0
Deirai Kyousou Gakudan,Tsuki to Tenbin,5,0.004591368227731864,0,0.0
MR. Andy,Tsuki to Tenbin,17,0.015610651974288337,0,0.0
Airabuniju,Miss. Sandy,5,0.004591368227731864,0,0.0
Airabuniju,Tameiki shooting the MOON,2,0.0018365472910927456,0,0.0
Pandemic Sudden Death,to the CIDER ROAD,2,0.0018365472910927456,0,0.0
Pandemic Sudden Death,crazy birthday,2,0.0018365472910927456,0,0.0
instant EGOIST,"kid, I like quartet",2,0.0018365472910927456,0,0.0
Serenade ga Tomaranai,instant EGOIST,4,0.0036730945821854912,0,0.0
Mekator Jikuu Tankentai,Serenade ga Tomaranai,1,0.0009182736455463728,0,0.0
Nani ka ga Kawari So,Phantom Joke,2,0.0018365472910927456,0,0.0
Nani ka ga Kawari So,Slow Curve wa Utenai (that made me crazy),1,0.0009182736455463728,0,0.0
Haru ga Kite Bokura,Nani ka ga Kawari So,4,0.0036730945821854912,0,0.0
Phantom Joke,Tasogare in the Spy,2,0.0018365472910927456,0,0.0
Slow Curve wa Utenai (that made me crazy),Tasogare in the Spy,1,0.0009182736455463728,0,0.0
Kimi no Hitomi ni Koishi Tenai,Tasogare in the Spy,2,0.0018365472910927456,0,0.0
Haru ga Kite Bokura,Tasogare in the Spy,3,0.0027548209366391185,0,0.0
Full Color Program,Ikenai fool logic,6,0.005509641873278237,0,0.0
Ride on Time,instant EGOIST,2,0.0018365472910927456,0,0.0
Andromeda,Master Volume,2,0.0018365472910927456,0,0.0
Nagareboshi wo Uchi Otose,RUNNERS HIGH REPRISE,2,0.0018365472910927456,0,0.0
Bachigai Hummingbird,flat song,2,0.0018365472910927456,0,0.0
Mikansei Daisy,RUNNERS HIGH REPRISE,2,0.0018365472910927456,0,0.0
Mikansei Daisy,flat song,2,0.0018365472910927456,0,0.0
Mikansei Daisy,Nagareboshi wo Uchi Otose,4,0.0036730945821854912,0,0.0
RUNNERS HIGH REPRISE,crazy birthday,3,0.0027548209366391185,0,0.0
Kimi no Moto e,RUNNERS HIGH REPRISE,2,0.0018365472910927456,0,0.0
Master Volume,RUNNERS HIGH REPRISE,2,0.0018365472910927456,0,0.0
BUSTER DICE MISERY,Nagareboshi wo Uchi Otose,2,0.0018365472910927456,0,0.0
crazy birthday,flat song,2,0.0018365472910927456,0,0.0
Kimi no Moto e,flat song,2,0.0018365472910927456,0,0.0
Nagareboshi wo Uchi Otose,flat song,2,0.0018365472910927456,0,0.0
Master Volume,flat song,2,0.0018365472910927456,0,0.0
Kimi no Moto e,Nagareboshi wo Uchi Otose,3,0.0027548209366391185,0,0.0
Master Volume,Nagareboshi wo Uchi Otose,4,0.0036730945821854912,0,0.0
BUSTER DICE MISERY,Master Volume,3,0.0027548209366391185,0,0.0
BUSTER DICE MISERY,flat song,2,0.0018365472910927456,0,0.0
Invisible Sensation,instant EGOIST,3,0.0027548209366391185,0,0.0
Sanpo Saki My Life,instant EGOIST,3,0.0027548209366391185,0,0.0
Invisible Sensation,Miss. Sandy,1,0.0009182736455463728,0,0.0
Miss. Sandy,Slow Curve wa Utenai (that made me crazy),1,0.0009182736455463728,0,0.0
Momai termination,Slow Curve wa Utenai (that made me crazy),1,0.0009182736455463728,0,0.0
Ikenai fool logic,Slow Curve wa Utenai (that made me crazy),2,0.0018365472910927456,0,0.0
Deirai Kyousou Gakudan,Siren in the Spy,5,0.004591368227731864,0,0.0
Messenger From Zen Sekai,Siren in the Spy,1,0.0009182736455463728,0,0.0
BUSTER DICE MISERY,Sanpo Saki My Life,1,0.0009182736455463728,0,0.0
BUSTER DICE MISERY,crazy birthday,3,0.0027548209366391185,0,0.0
MIDNIGHT JUNGLE,Sanpo Saki My Life,4,0.0036730945821854912,0,0.0
Sayonara Dai Kyu Wakusei,Tsuki to Tenbin,5,0.004591368227731864,0,0.0
Mizu to Ame ni Tsuite,Tsuki to Tenbin,3,0.0027548209366391185,0,0.0
Orion wo Nazoru,flat song,2,0.0018365472910927456,0,0.0
"10% roll, 10% romance",Mikansei Daisy,3,0.0027548209366391185,0,0.0
"10% roll, 10% romance",Kimi no Moto e,2,0.0018365472910927456,0,0.0
Linear Blue wo Kikinagara,Momai termination,4,0.0036730945821854912,0,0.0
Ride on Time,Ryusei Kouro,2,0.0018365472910927456,0,0.0
"Nigatsu, Hakuchu no Nagareboshi to Hikoukigumo",Sayonara Dai Kyu Wakusei,5,0.004591368227731864,0,0.0
Phantom Joke,Siren in the Spy,3,0.0027548209366391185,0,0.0
Siren in the Spy,mix juice no Iutouri,5,0.004591368227731864,0,0.0
Aerial Alien,Phantom Joke,2,0.0018365472910927456,0,0.0
Aerial Alien,Siren in the Spy,3,0.0027548209366391185,0,0.0
Seihitsu Kanbi Akigure Jojou,Siren in the Spy,3,0.0027548209366391185,0,0.0
Instrumental Jam,Siren in the Spy,2,0.0018365472910927456,0,0.0
Cheap Cheap Endroll,Phantom Joke,4,0.0036730945821854912,0,0.0
Cheap Cheap Endroll,Siren in the Spy,3,0.0027548209366391185,0,0.0
MR. Andy,Natsukage Tail Light,1,0.0009182736455463728,0,0.0
Andromeda,Sanpo Saki My Life,2,0.0018365472910927456,0,0.0
Andromeda,Coffee Cup Syndrome,1,0.0009182736455463728,0,0.0
Andromeda,"Yuunagi, Ensemble",5,0.004591368227731864,0,0.0
Andromeda,Deirai Kyousou Gakudan,1,0.0009182736455463728,0,0.0
Andromeda,Childhood Supernova,2,0.0018365472910927456,0,0.0
Andromeda,Ride on Time,1,0.0009182736455463728,0,0.0
Phantom Joke,mix juice no Iutouri,3,0.0027548209366391185,0,0.0
Sanpo Saki My Life,Siren in the Spy,3,0.0027548209366391185,0,0.0
Phantom Joke,Sanpo Saki My Life,4,0.0036730945821854912,0,0.0
Sanpo Saki My Life,Seihitsu Kanbi Akigure Jojou,3,0.0027548209366391185,0,0.0
Aerial Alien,Sanpo Saki My Life,2,0.0018365472910927456,0,0.0
Sanpo Saki My Life,mix juice no Iutouri,2,0.0018365472910927456,0,0.0
Ride on Time,Worldwide Supergirl,3,0.0027548209366391185,0,0.0
Millennium Happy Chainsaw Edge,Slow Curve wa Utenai (that made me crazy),2,0.0018365472910927456,0,0.0
Kimi no Hitomi ni Koishi Tenai,Millennium Happy Chainsaw Edge,2,0.0018365472910927456,0,0.0
Slow Curve wa Utenai (that made me crazy),WINDOW Akeru,1,0.0009182736455463728,0,0.0
Kimi no Hitomi ni Koishi Tenai,WINDOW Akeru,3,0.0027548209366391185,0,0.0
Nagareboshi wo Uchi Otose,Phantom Joke,3,0.0027548209366391185,0,0.0
Bachigai Hummingbird,Phantom Joke,4,0.0036730945821854912,0,0.0
Linear Blue wo Kikinagara,Nagareboshi wo Uchi Otose,1,0.0009182736455463728,0,0.0
MR. Andy,Nagareboshi wo Uchi Otose,1,0.0009182736455463728,0,0.0
Nagareboshi wo Uchi Otose,Natsukage Tail Light,1,0.0009182736455463728,0,0.0
Linear Blue wo Kikinagara,Natsukage Tail Light,2,0.0018365472910927456,0,0.0
Miss. Sandy,Sekai wa Fancy,1,0.0009182736455463728,0,0.0
Chaos ga Kiwamaru,Miss. Sandy,1,0.0009182736455463728,0,0.0
Ikenai fool logic,Miss. Sandy,1,0.0009182736455463728,0,0.0
Haru ga Kite Bokura,"Minority Report (darling, I love you)",1,0.0009182736455463728,0,0.0
Boujaku no Charisma,fake town baby,3,0.0027548209366391185,0,0.0
Boujaku no Charisma,Phantom Joke,3,0.0027548209366391185,0,0.0
Boujaku no Charisma,Sakura no Ato (all quartets lead to the?),3,0.0027548209366391185,0,0.0
Sesshoku Vigilante,kaleido proud fiesta,2,0.0018365472910927456,0,0.0
"Minority Report (darling, I love you)",kaleido proud fiesta,1,0.0009182736455463728,0,0.0
Orion wo Nazoru,Sesshoku Vigilante,3,0.0027548209366391185,0,0.0
"Minority Report (darling, I love you)",Sesshoku Vigilante,1,0.0009182736455463728,0,0.0
Bachigai Hummingbird,Natsukage Tail Light,3,0.0027548209366391185,0,0.0
Chaos ga Kiwamaru,Sesshoku Vigilante,2,0.0018365472910927456,0,0.0
Sakura no Ato (all quartets lead to the?),Sesshoku Vigilante,3,0.0027548209366391185,0,0.0
Hatch I need,"Minority Report (darling, I love you)",1,0.0009182736455463728,0,0.0
Chaos ga Kiwamaru,"Minority Report (darling, I love you)",1,0.0009182736455463728,0,0.0
"Minority Report (darling, I love you)",Sekai wa Fancy,1,0.0009182736455463728,0,0.0
Natsukage Tail Light,Orion wo Nazoru,2,0.0018365472910927456,0,0.0
Boujaku no Charisma,Invisible Sensation,7,0.006427915518824609,0,0.0
Boujaku no Charisma,Ikenai fool logic,1,0.0009182736455463728,0,0.0
Boujaku no Charisma,Numbness like a ginger,2,0.0018365472910927456,0,0.0
Boujaku no Charisma,"Catch up, latency",1,0.0009182736455463728,0,0.0
Boujaku no Charisma,Linear Blue wo Kikinagara,1,0.0009182736455463728,0,0.0
Boujaku no Charisma,Haru ga Kite Bokura,1,0.0009182736455463728,0,0.0
"10% roll, 10% romance",Boujaku no Charisma,1,0.0009182736455463728,0,0.0
Boujaku no Charisma,Tettoutetsubi Yonayona Drive,3,0.0027548209366391185,0,0.0
Boujaku no Charisma,Orion wo Nazoru,7,0.006427915518824609,0,0.0
"Catch up, latency",Cheap Cheap Endroll,1,0.0009182736455463728,0,0.0
Cheap Cheap Endroll,instant EGOIST,2,0.0018365472910927456,0,0.0
"Catch up, latency",instant EGOIST,3,0.0027548209366391185,0,0.0
5-bu-go no Stardust,Sayonara Dai Kyu Wakusei,11,0.010101010101010102,0,0.0
"8-Gatsu, Hirunaka no Nagareboshi to Hikouki-Gumo",Kimi no Moto e,1,0.0009182736455463728,0,0.0
MIDNIGHT JUNGLE,Master Volume,3,0.0027548209366391185,0,0.0
MIDNIGHT JUNGLE,Ride on Time,1,0.0009182736455463728,0,0.0
Master Volume,instant EGOIST,4,0.0036730945821854912,0,0.0
Kimi no Hitomi ni Koishi Tenai,Natsukage Tail Light,5,0.004591368227731864,0,0.0
WINDOW Akeru,meet the world time,1,0.0009182736455463728,0,0.0
Miss. Sandy,Momai termination,2,0.0018365472910927456,0,0.0
Aerial Alien,Sekai wa Fancy,2,0.0018365472910927456,0,0.0
"10% roll, 10% romance",Aerial Alien,1,0.0009182736455463728,0,0.0
"10% roll, 10% romance",Sesshoku Vigilante,1,0.0009182736455463728,0,0.0
"10% roll, 10% romance",Ride on Time,2,0.0018365472910927456,0,0.0
Aerial Alien,Sesshoku Vigilante,1,0.0009182736455463728,0,0.0
Aerial Alien,Ride on Time,2,0.0018365472910927456,0,0.0
Aerial Alien,Full Color Program,1,0.0009182736455463728,0,0.0
Aerial Alien,Master Volume,1,0.0009182736455463728,0,0.0
Counter Identity,Sayonara Dai Kyu Wakusei,10,0.009182736455463728,0,0.0
Ride on Time,Sesshoku Vigilante,1,0.0009182736455463728,0,0.0
Full Color Program,Sesshoku Vigilante,1,0.0009182736455463728,0,0.0
Master Volume,Sesshoku Vigilante,1,0.0009182736455463728,0,0.0
Master Volume,Sekai wa Fancy,1,0.0009182736455463728,0,0.0
Kimi no Hitomi ni Koishi Tenai,Miss. Sandy,1,0.0009182736455463728,0,0.0
Kimi no Hitomi ni Koishi Tenai,Momai termination,4,0.0036730945821854912,0,0.0
Master Volume,kaleido proud fiesta,2,0.0018365472910927456,0,0.0
Aerial Alien,kaleido proud fiesta,1,0.0009182736455463728,0,0.0
Dareka ga Wasurete iru Kamoshirenai Bokura ni Daijina 001 no Koto,MIDNIGHT JUNGLE,1,0.0009182736455463728,0,0.0
Fiction Freak Crisis,Tengoku to Jigoku,8,0.0073461891643709825,0,0.0
Dareka ga Wasurete iru Kamoshirenai Bokura ni Daijina 001 no Koto,Siren in the Spy,2,0.0018365472910927456,0,0.0
Dareka ga Wasurete iru Kamoshirenai Bokura ni Daijina 001 no Koto,instant EGOIST,1,0.0009182736455463728,0,0.0
Nagareboshi wo Uchi Otose,Ride on Time,4,0.0036730945821854912,0,0.0
Airabuniju,Nagareboshi wo Uchi Otose,1,0.0009182736455463728,0,0.0
Counter Identity,Nagareboshi wo Uchi Otose,2,0.0018365472910927456,0,0.0
Counter Identity,Tengoku to Jigoku,4,0.0036730945821854912,0,0.0
Airabuniju,harmonized finale,5,0.004591368227731864,0,0.0
Counter Identity,harmonized finale,3,0.0027548209366391185,0,0.0
Another World,Scarsdale,1,0.0009182736455463728,0,0.0
Sayonara Dai Kyu Wakusei,Scarsdale,3,0.0027548209366391185,0,0.0
Another World,Bachigai Hummingbird,3,0.0027548209366391185,0,0.0
Another World,meet the world time,1,0.0009182736455463728,0,0.0
Sayonara Dai Kyu Wakusei,meet the world time,3,0.0027548209366391185,0,0.0
BUSTER DICE MISERY,Siren in the Spy,2,0.0018365472910927456,0,0.0
Atorakushon ga Hajimaru (they call it “NO.6”),Siren in the Spy,1,0.0009182736455463728,0,0.0
Hitori Omou wa Ame no Naka,Santa Claus wa Juutai-chuu,2,0.0018365472910927456,0,0.0
"10% roll, 10% romance",Sayonara Dai Kyu Wakusei,1,0.0009182736455463728,0,0.0
Tettoutetsubi Yonayona Drive,mouth to mouse(sent you),1,0.0009182736455463728,0,0.0
Tettoutetsubi Yonayona Drive,Tsuki to Tenbin,1,0.0009182736455463728,0,0.0
Dance Party,Tettoutetsubi Yonayona Drive,1,0.0009182736455463728,0,0.0
Tsuki to Tenbin,mouth to mouse(sent you),1,0.0009182736455463728,0,0.0
Dance Party,mouth to mouse(sent you),1,0.0009182736455463728,0,0.0
"10% roll, 10% romance",Tsuki to Tenbin,1,0.0009182736455463728,0,0.0
"10% roll, 10% romance",Dance Party,1,0.0009182736455463728,0,0.0
Phantom Joke,Sayonara Summer Time Machine,1,0.0009182736455463728,0,0.0
Orion wo Nazoru,Tsuki to Tenbin,1,0.0009182736455463728,0,0.0
Dance Party,Orion wo Nazoru,1,0.0009182736455463728,0,0.0
Chaos ga Kiwamaru,Tsuki to Tenbin,1,0.0009182736455463728,0,0.0
Dance Party,Tsuki to Tenbin,1,0.0009182736455463728,0,0.0
Dance Party,MR. Andy,1,0.0009182736455463728,0,0.0
Dance Party,Galileo no Showcase,1,0.0009182736455463728,0,0.0
Phantom Joke,"kid, I like quartet",1,0.0009182736455463728,0,0.0
Sayonara Summer Time Machine,Sekai wa Fancy,2,0.0018365472910927456,0,0.0
Another World,"kid, I like quartet",2,0.0018365472910927456,0,0.0
BUSTER DICE MISERY,Serenade ga Tomaranai,1,0.0009182736455463728,0,0.0
Kirai = Kirai,Sayonara Dai Kyu Wakusei,1,0.0009182736455463728,0,0.0
Karakuri Karukare,"Majority Report (darling, I love you)",1,0.0009182736455463728,0,0.0
Gyakuten Sayonara,"Majority Report (darling, I love you)",1,0.0009182736455463728,0,0.0
"10% roll, 10% romance",Gyakuten Sayonara,1,0.0009182736455463728,0,0.0
Gyakuten Sayonara,Tengoku to Jigoku,1,0.0009182736455463728,0,0.0
BUSTER DICE MISERY,Karakuri Karukare,1,0.0009182736455463728,0,0.0
BUSTER DICE MISERY,Gyakuten Sayonara,1,0.0009182736455463728,0,0.0
Invisible Sensation,Sayonara Summer Time Machine,1,0.0009182736455463728,0,0.0
Gyakuten Sayonara,Serenade ga Tomaranai,2,0.0018365472910927456,0,0.0
Gyakuten Sayonara,Sugar Song to Bitter Step,1,0.0009182736455463728,0,0.0
Childhood Supernova,Haru ga Kite Bokura,2,0.0018365472910927456,0,0.0
Childhood Supernova,Kimi no Hitomi ni Koishi Tenai,1,0.0009182736455463728,0,0.0
Millennium Happy Chainsaw Edge,Nani ka ga Kawari So,1,0.0009182736455463728,0,0.0
Tameiki shooting the MOON,WINDOW Akeru,1,0.0009182736455463728,0,0.0
Chaos ga Kiwamaru,Sayonara Dai Kyu Wakusei,1,0.0009182736455463728,0,0.0
Chaos ga Kiwamaru,Dance Party,1,0.0009182736455463728,0,0.0
Dance Party,Full Color Program,1,0.0009182736455463728,0,0.0
Boujaku no Charisma,Full Color Program,1,0.0009182736455463728,0,0.0
Chandelier Waltz,Mizu to Ame ni Tsuite,2,0.0018365472910927456,0,0.0
Mizu to Ame ni Tsuite,Sakura no Ato (all quartets lead to the?),2,0.0018365472910927456,0,0.0
crazy birthday,mix juice no Iutouri,1,0.0009182736455463728,0,0.0
Boujaku no Charisma,Nani ka ga Kawari So,3,0.0027548209366391185,0,0.0
Anti-Trendy Club,Nani ka ga Kawari So,1,0.0009182736455463728,0,0.0
Boujaku no Charisma,to the CIDER ROAD,2,0.0018365472910927456,0,0.0
Invisible Sensation,to the CIDER ROAD,1,0.0009182736455463728,0,0.0
Cheap Cheap Endroll,crazy birthday,1,0.0009182736455463728,0,0.0
Chaos ga Kiwamaru,to the CIDER ROAD,2,0.0018365472910927456,0,0.0
Anti-Trendy Club,to the CIDER ROAD,2,0.0018365472910927456,0,0.0
Anti-Trendy Club,Full Color Program,1,0.0009182736455463728,0,0.0
Cheap Cheap Endroll,Ride on Time,1,0.0009182736455463728,0,0.0
Kimi no Moto e,Serenade ga Tomaranai,2,0.0018365472910927456,0,0.0
Nagareboshi wo Uchi Otose,Scarsdale,1,0.0009182736455463728,0,0.0
Ai wa Kitto,Sayonara Dai Kyu Wakusei,1,0.0009182736455463728,0,0.0
Ai wa Kitto,Galileo no Showcase,1,0.0009182736455463728,0,0.0
Ai wa Kitto,mouth to mouse(sent you),1,0.0009182736455463728,0,0.0
Childhood Supernova,Instrumental Jam,2,0.0018365472910927456,0,0.0
Childhood Supernova,Momai termination,1,0.0009182736455463728,0,0.0
23:25,Numbness like a ginger,1,0.0009182736455463728,0,0.0
Childhood Supernova,Numbness like a ginger,1,0.0009182736455463728,0,0.0
Momai termination,Numbness like a ginger,1,0.0009182736455463728,0,0.0
Instrumental Jam,Miss. Sandy,1,0.0009182736455463728,0,0.0
Childhood Supernova,Miss. Sandy,2,0.0018365472910927456,0,0.0
Miss. Sandy,Numbness like a ginger,1,0.0009182736455463728,0,0.0
Miss. Sandy,instant EGOIST,1,0.0009182736455463728,0,0.0
Haru ga Kite Bokura,Momai termination,1,0.0009182736455463728,0,0.0
Haru ga Kite Bokura,Miss. Sandy,1,0.0009182736455463728,0,0.0
Haru ga Kite Bokura,instant EGOIST,2,0.0018365472910927456,0,0.0
Momai termination,kaleido proud fiesta,1,0.0009182736455463728,0,0.0
Miss. Sandy,kaleido proud fiesta,1,0.0009182736455463728,0,0.0
Another World,Kirai = Kirai,1,0.0009182736455463728,0,0.0
Another World,Childhood Supernova,1,0.0009182736455463728,0,0.0
Childhood Supernova,Siren in the Spy,1,0.0009182736455463728,0,0.0
Haru ga Kite Bokura,Mikansei Daisy,1,0.0009182736455463728,0,0.0
Mikansei Daisy,Otonoba Chukan Shiken,1,0.0009182736455463728,0,0.0
Cheap Cheap Endroll,Mikansei Daisy,1,0.0009182736455463728,0,0.0
Counter Identity,Sugar Song to Bitter Step,2,0.0018365472910927456,0,0.0
Enogu,Sugar Song to Bitter Step,1,0.0009182736455463728,0,0.0
Enogu,Momai termination,1,0.0009182736455463728,0,0.0
Enogu,Invisible Sensation,1,0.0009182736455463728,0,0.0
Instrumental Jam,Nani ka ga Kawari So,3,0.0027548209366391185,0,0.0
Atorakushon ga Hajimaru (they call it “NO.6”),Sanpo Saki My Life,1,0.0009182736455463728,0,0.0
Invisible Sensation,Mikansei Daisy,1,0.0009182736455463728,0,0.0
Coffee Cup Syndrome,Searchlight,1,0.0009182736455463728,0,0.0
"Nigatsu, Hakuchu no Nagareboshi to Hikoukigumo",Searchlight,1,0.0009182736455463728,0,0.0
Protract Countdown,WINDOW Akeru,1,0.0009182736455463728,0,0.0
Sanpo Saki My Life,Sawarenai Uta,1,0.0009182736455463728,0,0.0
Boujaku no Charisma,Sanpo Saki My Life,1,0.0009182736455463728,0,0.0
MR. Andy,Serenade ga Tomaranai,2,0.0018365472910927456,0,0.0
Master Volume,Mermaid Scandalous,1,0.0009182736455463728,0,0.0
Sayonara Dai Kyu Wakusei,over driver,1,0.0009182736455463728,0,0.0
23:25,Haru ga Kite Bokura,2,0.0018365472910927456,0,0.0
"Catch up, latency",Kimi no Moto e,1,0.0009182736455463728,0,0.0
"Catch up, latency",Friday Novels,2,0.0018365472910927456,0,0.0
Friday Novels,Seihitsu Kanbi Akigure Jojou,2,0.0018365472910927456,0,0.0
Invisible Sensation,Worldwide Supergirl,2,0.0018365472910927456,0,0.0
Friday Novels,Worldwide Supergirl,1,0.0009182736455463728,0,0.0
Friday Novels,Kimi no Moto e,1,0.0009182736455463728,0,0.0
Atorakushon ga Hajimaru (they call it “NO.6”),Hatch I need,1,0.0009182736455463728,0,0.0
Mermaid Scandalous,Toushindai no Chikyu,1,0.0009182736455463728,0,0.0
23:25,Hatch I need,1,0.0009182736455463728,0,0.0
Hatch I need,Toushindai no Chikyu,1,0.0009182736455463728,0,0.0
Atorakushon ga Hajimaru (they call it “NO.6”),Mermaid Scandalous,1,0.0009182736455463728,0,0.0
Chaos ga Kiwamaru,Mermaid Scandalous,2,0.0018365472910927456,0,0.0
Chaos ga Kiwamaru,Toushindai no Chikyu,1,0.0009182736455463728,0,0.0
23:25,Mermaid Scandalous,1,0.0009182736455463728,0,0.0
Anti-Trendy Club,Sanpo Saki My Life,1,0.0009182736455463728,0,0.0
Boujaku no Charisma,Sawarenai Uta,2,0.0018365472910927456,0,0.0
Boujaku no Charisma,Karakuri Karukare,2,0.0018365472910927456,0,0.0
"Yuunagi, Ensemble",instant EGOIST,1,0.0009182736455463728,0,0.0
Andromeda,Clover,1,0.0009182736455463728,0,0.0
Andromeda,over driver,1,0.0009182736455463728,0,0.0
Andromeda,"kid, I like quartet",1,0.0009182736455463728,0,0.0
Andromeda,Chandelier Waltz,1,0.0009182736455463728,0,0.0
Andromeda,Full Color Program,3,0.0027548209366391185,0,0.0
Andromeda,Kirai = Kirai,1,0.0009182736455463728,0,0.0
instant EGOIST,over driver,1,0.0009182736455463728,0,0.0
Boujaku no Charisma,Pandemic Sudden Death,2,0.0018365472910927456,0,0.0
Another World,instant EGOIST,1,0.0009182736455463728,0,0.0
Sayonara Dai Kyu Wakusei,instant EGOIST,1,0.0009182736455463728,0,0.0
Snow Reverse,instant EGOIST,1,0.0009182736455463728,0,0.0
"Yuunagi, Ensemble",over driver,1,0.0009182736455463728,0,0.0
Kirai = Kirai,"Yuunagi, Ensemble",1,0.0009182736455463728,0,0.0
Another World,over driver,1,0.0009182736455463728,0,0.0
Andromeda,instant EGOIST,1,0.0009182736455463728,0,0.0
CAPACITY Koeru,Snow Reverse,1,0.0009182736455463728,0,0.0
CAPACITY Koeru,Sayonara Dai Kyu Wakusei,2,0.0018365472910927456,0,0.0
CAPACITY Koeru,"Yuunagi, Ensemble",1,0.0009182736455463728,0,0.0
CAPACITY Koeru,instant EGOIST,1,0.0009182736455463728,0,0.0
Andromeda,CAPACITY Koeru,1,0.0009182736455463728,0,0.0
Kirai = Kirai,Light Flat,1,0.0009182736455463728,0,0.0
Childhood Supernova,Light Flat,3,0.0027548209366391185,0,0.0
Light Flat,instant EGOIST,1,0.0009182736455463728,0,0.0
CAPACITY Koeru,Light Flat,1,0.0009182736455463728,0,0.0
Gyakuten Sayonara,Snow Answer,1,0.0009182736455463728,0,0.0
Anti-Trendy Club,Hakoniwa Rock Show,1,0.0009182736455463728,0,0.0
Anti-Trendy Club,Boujaku no Charisma,3,0.0027548209366391185,0,0.0
Boujaku no Charisma,Galileo no Showcase,2,0.0018365472910927456,0,0.0
Boujaku no Charisma,Hakoniwa Rock Show,1,0.0009182736455463728,0,0.0
Boujaku no Charisma,Seihitsu Kanbi Akigure Jojou,2,0.0018365472910927456,0,0.0
Boujaku no Charisma,Serenade ga Tomaranai,2,0.0018365472910927456,0,0.0
Orion wo Nazoru,SHORT CUTTER!,1,0.0009182736455463728,0,0.0
MR. Andy,SHORT CUTTER!,2,0.0018365472910927456,0,0.0
Sentimental Period,TOKYO,1,0.0009182736455463728,0,0.0
Invisible Sensation,Nagareboshi wo Uchi Otose,2,0.0018365472910927456,0,0.0
Tsuki to Tenbin,"Yuunagi, Ensemble",1,0.0009182736455463728,0,0.0
Sora no Tobikata,Tsuki to Tenbin,1,0.0009182736455463728,0,0.0
Clover,Tameiki shooting the MOON,2,0.0018365472910927456,0,0.0
Clover,to the CIDER ROAD,1,0.0009182736455463728,0,0.0
Haru ga Kite Bokura,Tameiki shooting the MOON,1,0.0009182736455463728,0,0.0
Nagareboshi wo Uchi Otose,Tameiki shooting the MOON,1,0.0009182736455463728,0,0.0
Instrumental Jam,Nagareboshi wo Uchi Otose,1,0.0009182736455463728,0,0.0
CAPACITY Koeru,Coffee Cup Syndrome,1,0.0009182736455463728,0,0.0
Natsukage Tail Light,Tasogare in the Spy,1,0.0009182736455463728,0,0.0
Natsukage Tail Light,Seihitsu Kanbi Akigure Jojou,1,0.0009182736455463728,0,0.0
Natsukage Tail Light,Ohitoyoshi Chameleom,1,0.0009182736455463728,0,0.0
Seihitsu Kanbi Akigure Jojou,Tasogare in the Spy,1,0.0009182736455463728,0,0.0
Ohitoyoshi Chameleom,Tasogare in the Spy,2,0.0018365472910927456,0,0.0
Haru ga Kite Bokura,Ohitoyoshi Chameleom,2,0.0018365472910927456,0,0.0
CAPACITY Koeru,Deirai Kyousou Gakudan,2,0.0018365472910927456,0,0.0
Bokutachi no Shippai,Master Volume,1,0.0009182736455463728,0,0.0
MR. Andy,TOKYO,1,0.0009182736455463728,0,0.0
Master Volume,"Minority Report (darling, I love you)",1,0.0009182736455463728,0,0.0
Childhood Supernova,fake town baby,1,0.0009182736455463728,0,0.0
Childhood Supernova,Friday Novels,1,0.0009182736455463728,0,0.0
Childhood Supernova,Orchestra o Mi ni Ikou,1,0.0009182736455463728,0,0.0
Bokutachi no Shippai,Childhood Supernova,1,0.0009182736455463728,0,0.0
"Minority Report (darling, I love you)",Orchestra o Mi ni Ikou,1,0.0009182736455463728,0,0.0
Bokutachi no Shippai,"Minority Report (darling, I love you)",1,0.0009182736455463728,0,0.0
Bokutachi no Shippai,fake town baby,1,0.0009182736455463728,0,0.0
Bokutachi no Shippai,Orchestra o Mi ni Ikou,1,0.0009182736455463728,0,0.0
Bokutachi no Shippai,Friday Novels,1,0.0009182736455463728,0,0.0
23:25,Orchestra o Mi ni Ikou,1,0.0009182736455463728,0,0.0
23:25,Bokutachi no Shippai,1,0.0009182736455463728,0,0.0
Bokutachi no Shippai,Drum Solo,1,0.0009182736455463728,0,0.0
Bokutachi no Shippai,Instrumental Jam,1,0.0009182736455463728,0,0.0
Instrumental Jam,Master Volume,1,0.0009182736455463728,0,0.0
Ohitoyoshi Chameleom,Scarsdale,1,0.0009182736455463728,0,0.0
Anti-Trendy Club,fake town baby,1,0.0009182736455463728,0,0.0
"Majority Report (darling, I love you)",Master Volume,1,0.0009182736455463728,0,0.0
Hitori Omou wa Ame no Naka,Seku x Kara x Shisonzuuru,2,0.0018365472910927456,0,0.0
Simple Simple Anecdote,fake town baby,1,0.0009182736455463728,0,0.0
Sakura no Ato (all quartets lead to the?),Simple Simple Anecdote,1,0.0009182736455463728,0,0.0
Hitori Omou wa Ame no Naka,UNO Story,2,0.0018365472910927456,0,0.0
Hitori Omou wa Ame no Naka,Love Song wa Totsuzen ni? ~What is the name of that mystery??~,2,0.0018365472910927456,0,0.0
Hitori Omou wa Ame no Naka,Radial Night Chaser,2,0.0018365472910927456,0,0.0
Hitori Omou wa Ame no Naka,Micro Paradiso!,2,0.0018365472910927456,0,0.0
Hitori Omou wa Ame no Naka,Kimi wa Iiko,2,0.0018365472910927456,0,0.0
Shoegazer Speaker,mix juice no Iutouri,1,0.0009182736455463728,0,0.0
Hitori Omou wa Ame no Naka,Program continued,2,0.0018365472910927456,0,0.0
Hitori Omou wa Ame no Naka,Sayonara Summer Time Machine,2,0.0018365472910927456,0,0.0
Dareka ga Wasurete iru Kamoshirenai Bokura ni Daijina 001 no Koto,Hitori Omou wa Ame no Naka,2,0.0018365472910927456,0,0.0
Hitori Omou wa Ame no Naka,over driver,2,0.0018365472910927456,0,0.0
Hitori Omou wa Ame no Naka,RUNNERS HIGH REPRISE,2,0.0018365472910927456,0,0.0
Hitori Omou wa Ame no Naka,Tokyo Scenario,2,0.0018365472910927456,0,0.0
Galileo no Showcase,Simple Simple Anecdote,1,0.0009182736455463728,0,0.0
Momai termination,Simple Simple Anecdote,1,0.0009182736455463728,0,0.0
Bachigai Hummingbird,Simple Simple Anecdote,2,0.0018365472910927456,0,0.0
Sesshoku Vigilante,fake town baby,1,0.0009182736455463728,0,0.0
Galileo no Showcase,Sesshoku Vigilante,1,0.0009182736455463728,0,0.0
Momai termination,Sesshoku Vigilante,1,0.0009182736455463728,0,0.0
Bachigai Hummingbird,Sesshoku Vigilante,1,0.0009182736455463728,0,0.0
Clover,Momai termination,1,0.0009182736455463728,0,0.0
Clover,Simple Simple Anecdote,1,0.0009182736455463728,0,0.0
Clover,Sesshoku Vigilante,1,0.0009182736455463728,0,0.0
Orion wo Nazoru,Simple Simple Anecdote,2,0.0018365472910927456,0,0.0
Natsukage Tail Light,Sakura no Ato (all quartets lead to the?),3,0.0027548209366391185,0,0.0
Natsukage Tail Light,fake town baby,1,0.0009182736455463728,0,0.0
Galileo no Showcase,Natsukage Tail Light,1,0.0009182736455463728,0,0.0
Momai termination,Natsukage Tail Light,1,0.0009182736455463728,0,0.0
Fiction Freak Crisis,Shoegazer Speaker,1,0.0009182736455463728,0,0.0
Sekai wa Fancy,Shoegazer Speaker,2,0.0018365472910927456,0,0.0
Childhood Supernova,"Minority Report (darling, I love you)",1,0.0009182736455463728,0,0.0
Bokutachi no Shippai,like coffee no Omajinai,1,0.0009182736455463728,0,0.0
Orchestra o Mi ni Ikou,like coffee no Omajinai,1,0.0009182736455463728,0,0.0
Nani ka ga Kawari So,fake town baby,2,0.0018365472910927456,0,0.0
Boujaku no Charisma,Friday Novels,1,0.0009182736455463728,0,0.0
Boujaku no Charisma,Cheap Cheap Endroll,2,0.0018365472910927456,0,0.0
23:25,Phantom Joke,3,0.0027548209366391185,0,0.0
BUSTER DICE MISERY,WINDOW Akeru,2,0.0018365472910927456,0,0.0
WINDOW Akeru,fake town baby,2,0.0018365472910927456,0,0.0
Fiction Freak Crisis,WINDOW Akeru,3,0.0027548209366391185,0,0.0
BUSTER DICE MISERY,Fiction Freak Crisis,1,0.0009182736455463728,0,0.0
Bokutachi no Shippai,Sanpo Saki My Life,1,0.0009182736455463728,0,0.0
Anti-Trendy Club,Orion wo Nazoru,2,0.0018365472910927456,0,0.0
Kimi no Hitomi ni Koishi Tenai,Space Shuttle Lullaby,1,0.0009182736455463728,0,0.0
"Catch up, latency",Sanpo Saki My Life,2,0.0018365472910927456,0,0.0
Sanpo Saki My Life,crazy birthday,3,0.0027548209366391185,0,0.0
"Minority Report (darling, I love you)",Sanpo Saki My Life,1,0.0009182736455463728,0,0.0
Friday Novels,Sanpo Saki My Life,1,0.0009182736455463728,0,0.0
23:25,Boujaku no Charisma,1,0.0009182736455463728,0,0.0
Protract Countdown,harmonized finale,1,0.0009182736455463728,0,0.0
Miss. Sandy,harmonized finale,1,0.0009182736455463728,0,0.0
Miss. Sandy,Protract Countdown,1,0.0009182736455463728,0,0.0
Deirai Kyousou Gakudan,harmonized finale,3,0.0027548209366391185,0,0.0
Clover,Miss. Sandy,1,0.0009182736455463728,0,0.0
Sanpo Saki My Life,like coffee no Omajinai,3,0.0027548209366391185,0,0.0
Miss. Sandy,Sanpo Saki My Life,2,0.0018365472910927456,0,0.0
3 minutes replay,Sayonara Summer Time Machine,1,0.0009182736455463728,0,0.0
23:25,TOKYO,1,0.0009182736455463728,0,0.0
Sayonara Dai Kyu Wakusei,TOKYO,1,0.0009182736455463728,0,0.0
Hakoniwa Rock Show,TOKYO,1,0.0009182736455463728,0,0.0
Galileo no Showcase,TOKYO,1,0.0009182736455463728,0,0.0
Deirai Kyousou Gakudan,TOKYO,1,0.0009182736455463728,0,0.0
Karakuri Karukare,TOKYO,1,0.0009182736455463728,0,0.0
Clover,TOKYO,1,0.0009182736455463728,0,0.0
Itsuka no Shounen,TOKYO,1,0.0009182736455463728,0,0.0
Orchestra o Mi ni Ikou,Sanpo Saki My Life,1,0.0009182736455463728,0,0.0
"10% roll, 10% romance",Light Flat,1,0.0009182736455463728,0,0.0
Bokutachi no Shippai,crazy birthday,1,0.0009182736455463728,0,0.0
Mikansei Daisy,Orchestra o Mi ni Ikou,1,0.0009182736455463728,0,0.0
Bokutachi no Shippai,Nani ka ga Kawari So,1,0.0009182736455463728,0,0.0
Master Volume,Nani ka ga Kawari So,2,0.0018365472910927456,0,0.0
Childhood Supernova,MIDNIGHT JUNGLE,1,0.0009182736455463728,0,0.0
Bokutachi no Shippai,MIDNIGHT JUNGLE,1,0.0009182736455463728,0,0.0
Friday Novels,Mikansei Daisy,1,0.0009182736455463728,0,0.0
Drum Solo,Mikansei Daisy,1,0.0009182736455463728,0,0.0
Bokutachi no Shippai,Mikansei Daisy,1,0.0009182736455463728,0,0.0
Light Flat,Nani ka ga Kawari So,1,0.0009182736455463728,0,0.0
"Catch up, latency",Childhood Supernova,1,0.0009182736455463728,0,0.0
Bokutachi no Shippai,"Catch up, latency",1,0.0009182736455463728,0,0.0
Phantom Joke,like coffee no Omajinai,1,0.0009182736455463728,0,0.0
Childhood Supernova,Phantom Joke,1,0.0009182736455463728,0,0.0
"Minority Report (darling, I love you)",Phantom Joke,1,0.0009182736455463728,0,0.0
"Minority Report (darling, I love you)",crazy birthday,1,0.0009182736455463728,0,0.0
Nani ka ga Kawari So,Orchestra o Mi ni Ikou,1,0.0009182736455463728,0,0.0
Childhood Supernova,Nani ka ga Kawari So,1,0.0009182736455463728,0,0.0
Nani ka ga Kawari So,like coffee no Omajinai,1,0.0009182736455463728,0,0.0
MIDNIGHT JUNGLE,Nani ka ga Kawari So,1,0.0009182736455463728,0,0.0
"10% roll, 10% romance","Minority Report (darling, I love you)",1,0.0009182736455463728,0,0.0
"10% roll, 10% romance",Childhood Supernova,1,0.0009182736455463728,0,0.0
"10% roll, 10% romance",like coffee no Omajinai,1,0.0009182736455463728,0,0.0
Bokutachi no Shippai,Light Flat,1,0.0009182736455463728,0,0.0
Light Flat,Orchestra o Mi ni Ikou,1,0.0009182736455463728,0,0.0
Instrumental Jam,Light Flat,1,0.0009182736455463728,0,0.0
Drum Solo,Light Flat,1,0.0009182736455463728,0,0.0
Friday Novels,Light Flat,1,0.0009182736455463728,0,0.0
Light Flat,"Minority Report (darling, I love you)",1,0.0009182736455463728,0,0.0
Light Flat,like coffee no Omajinai,1,0.0009182736455463728,0,0.0
Light Flat,crazy birthday,1,0.0009182736455463728,0,0.0
Light Flat,Phantom Joke,1,0.0009182736455463728,0,0.0
Light Flat,MIDNIGHT JUNGLE,1,0.0009182736455463728,0,0.0
"Catch up, latency",Worldwide Supergirl,3,0.0027548209366391185,0,0.0
BUSTER DICE MISERY,Worldwide Supergirl,1,0.0009182736455463728,0,0.0
BUSTER DICE MISERY,Seihitsu Kanbi Akigure Jojou,1,0.0009182736455463728,0,0.0
"Catch up, latency",mouth to mouse(sent you),1,0.0009182736455463728,0,0.0
Nani ka ga Kawari So,Ride on Time,2,0.0018365472910927456,0,0.0
Scarsdale,Tameiki shooting the MOON,4,0.0036730945821854912,0,0.0
Siren in the Spy,Tameiki shooting the MOON,1,0.0009182736455463728,0,0.0
Momai termination,Scarsdale,1,0.0009182736455463728,0,0.0
Scarsdale,Siren in the Spy,1,0.0009182736455463728,0,0.0
Ride on Time,Siren in the Spy,2,0.0018365472910927456,0,0.0
fake town baby,mouth to mouse(sent you),1,0.0009182736455463728,0,0.0
Nani ka ga Kawari So,Tameiki shooting the MOON,1,0.0009182736455463728,0,0.0
Chandelier Waltz,mouth to mouse(sent you),1,0.0009182736455463728,0,0.0
"Catch up, latency",Light Flat,2,0.0018365472910927456,0,0.0
Light Flat,fake town baby,2,0.0018365472910927456,0,0.0
Chandelier Waltz,Light Flat,2,0.0018365472910927456,0,0.0
"Catch up, latency",Sayonara Dai Kyu Wakusei,1,0.0009182736455463728,0,0.0
Sayonara Dai Kyu Wakusei,fake town baby,1,0.0009182736455463728,0,0.0
Nani ka ga Kawari So,Scarsdale,1,0.0009182736455463728,0,0.0
Counter Identity,Siren in the Spy,1,0.0009182736455463728,0,0.0
Instrumental Jam,Yayoichou Lonely Planet,1,0.0009182736455463728,0,0.0
Scarsdale,Tasogare in the Spy,2,0.0018365472910927456,0,0.0
Sanpo Saki My Life,Tasogare in the Spy,1,0.0009182736455463728,0,0.0
Nani ka ga Kawari So,Sanpo Saki My Life,2,0.0018365472910927456,0,0.0
Sanpo Saki My Life,Tameiki shooting the MOON,4,0.0036730945821854912,0,0.0
Momai termination,Sanpo Saki My Life,1,0.0009182736455463728,0,0.0
Counter Identity,Tasogare in the Spy,2,0.0018365472910927456,0,0.0
Tameiki shooting the MOON,Tasogare in the Spy,1,0.0009182736455463728,0,0.0
Ride on Time,Tasogare in the Spy,1,0.0009182736455463728,0,0.0
Counter Identity,Momai termination,2,0.0018365472910927456,0,0.0
Counter Identity,Mekator Jikuu Tankentai,1,0.0009182736455463728,0,0.0
Mekator Jikuu Tankentai,Tameiki shooting the MOON,1,0.0009182736455463728,0,0.0
Mekator Jikuu Tankentai,Scarsdale,1,0.0009182736455463728,0,0.0
Mekator Jikuu Tankentai,Ride on Time,2,0.0018365472910927456,0,0.0
Counter Identity,instant EGOIST,2,0.0018365472910927456,0,0.0
Counter Identity,Nani ka ga Kawari So,1,0.0009182736455463728,0,0.0
Yayoichou Lonely Planet,mix juice no Iutouri,1,0.0009182736455463728,0,0.0
Hakoniwa Rock Show,mix juice no Iutouri,3,0.0027548209366391185,0,0.0
"I wanna believe, Yoru o Iku",Kimi no Hitomi ni Koishi Tenai,2,0.0018365472910927456,0,0.0
Kimi no Hitomi ni Koishi Tenai,Kimi no Moto e,1,0.0009182736455463728,0,0.0
Otonoba Chukan Shiken,mouth to mouse(sent you),1,0.0009182736455463728,0,0.0
Instrumental Jam,mouth to mouse(sent you),1,0.0009182736455463728,0,0.0
Drum Solo,mouth to mouse(sent you),1,0.0009182736455463728,0,0.0
Kimi no Moto e,mouth to mouse(sent you),2,0.0018365472910927456,0,0.0
mouth to mouse(sent you),to the CIDER ROAD,1,0.0009182736455463728,0,0.0
Kimi no Hitomi ni Koishi Tenai,Yayoichou Lonely Planet,1,0.0009182736455463728,0,0.0
Kimi no Hitomi ni Koishi Tenai,to the CIDER ROAD,3,0.0027548209366391185,0,0.0
"I wanna believe, Yoru o Iku",Yayoichou Lonely Planet,1,0.0009182736455463728,0,0.0
Haru ga Kite Bokura,Yayoichou Lonely Planet,2,0.0018365472910927456,0,0.0
Haru ga Kite Bokura,Kimi no Moto e,1,0.0009182736455463728,0,0.0
Haru ga Kite Bokura,to the CIDER ROAD,1,0.0009182736455463728,0,0.0
Seihitsu Kanbi Akigure Jojou,Yayoichou Lonely Planet,1,0.0009182736455463728,0,0.0
Scarsdale,Yayoichou Lonely Planet,1,0.0009182736455463728,0,0.0
Full Color Program,Yayoichou Lonely Planet,1,0.0009182736455463728,0,0.0
Scarsdale,mouth to mouse(sent you),1,0.0009182736455463728,0,0.0
Seihitsu Kanbi Akigure Jojou,mouth to mouse(sent you),1,0.0009182736455463728,0,0.0
Sugar Song to Bitter Step,mouth to mouse(sent you),1,0.0009182736455463728,0,0.0
Yayoichou Lonely Planet,mouth to mouse(sent you),1,0.0009182736455463728,0,0.0
"I wanna believe, Yoru o Iku",to the CIDER ROAD,1,0.0009182736455463728,0,0.0
"I wanna believe, Yoru o Iku",Sakura no Ato (all quartets lead to the?),1,0.0009182736455463728,0,0.0
"I wanna believe, Yoru o Iku",Kimi no Moto e,1,0.0009182736455463728,0,0.0
Drum Solo,"I wanna believe, Yoru o Iku",1,0.0009182736455463728,0,0.0
"I wanna believe, Yoru o Iku",Phantom Joke,1,0.0009182736455463728,0,0.0
"I wanna believe, Yoru o Iku",Instrumental Jam,1,0.0009182736455463728,0,0.0
"I wanna believe, Yoru o Iku",Otonoba Chukan Shiken,1,0.0009182736455463728,0,0.0
Full Color Program,"I wanna believe, Yoru o Iku",1,0.0009182736455463728,0,0.0
Hakoniwa Rock Show,"I wanna believe, Yoru o Iku",1,0.0009182736455463728,0,0.0
"I wanna believe, Yoru o Iku",Scarsdale,1,0.0009182736455463728,0,0.0
"I wanna believe, Yoru o Iku",Seihitsu Kanbi Akigure Jojou,1,0.0009182736455463728,0,0.0
Bachigai Hummingbird,"I wanna believe, Yoru o Iku",1,0.0009182736455463728,0,0.0
"I wanna believe, Yoru o Iku",Sugar Song to Bitter Step,2,0.0018365472910927456,0,0.0
Kimagure Zattou,over driver,1,0.0009182736455463728,0,0.0
Clover,Kimagure Zattou,1,0.0009182736455463728,0,0.0
First Love,Kimagure Zattou,1,0.0009182736455463728,0,0.0
Chaos ga Kiwamaru,mouth to mouse(sent you),2,0.0018365472910927456,0,0.0
BUSTER DICE MISERY,Clover,1,0.0009182736455463728,0,0.0
BUSTER DICE MISERY,Dareka ga Wasurete iru Kamoshirenai Bokura ni Daijina 001 no Koto,2,0.0018365472910927456,0,0.0
kaleido proud fiesta,mouth to mouse(sent you),1,0.0009182736455463728,0,0.0
Enogu,kaleido proud fiesta,1,0.0009182736455463728,0,0.0
Tengoku to Jigoku,mouth to mouse(sent you),1,0.0009182736455463728,0,0.0
Bachigai Hummingbird,mouth to mouse(sent you),2,0.0018365472910927456,0,0.0
Millennium Happy Chainsaw Edge,mouth to mouse(sent you),1,0.0009182736455463728,0,0.0
Bachigai Hummingbird,Mou Kimi ni Aenai,1,0.0009182736455463728,0,0.0
Sekai wa Fancy,mouth to mouse(sent you),1,0.0009182736455463728,0,0.0
Mou Kimi ni Aenai,mouth to mouse(sent you),1,0.0009182736455463728,0,0.0
Siren in the Spy,mouth to mouse(sent you),1,0.0009182736455463728,0,0.0
Enogu,Tengoku to Jigoku,1,0.0009182736455463728,0,0.0
Bachigai Hummingbird,Enogu,1,0.0009182736455463728,0,0.0
Bachigai Hummingbird,Ikenai fool logic,1,0.0009182736455463728,0,0.0
Dareka ga Wasurete iru Kamoshirenai Bokura ni Daijina 001 no Koto,mix juice no Iutouri,1,0.0009182736455463728,0,0.0
Miss. Sandy,Ryusei no Squall,1,0.0009182736455463728,0,0.0
23:25,Hitori Omou wa Ame no Naka,2,0.0018365472910927456,0,0.0
"Nigatsu, Hakuchu no Nagareboshi to Hikoukigumo",Tsuki to Tenbin,1,0.0009182736455463728,0,0.0
Hakoniwa Rock Show,Tsuki to Tenbin,3,0.0027548209366391185,0,0.0
Messenger From Zen Sekai,Tsuki to Tenbin,1,0.0009182736455463728,0,0.0
Counter Identity,Tsuki to Tenbin,1,0.0009182736455463728,0,0.0
Hitori Omou wa Ame no Naka,Tsuki to Tenbin,1,0.0009182736455463728,0,0.0
Ryusei Kouro,Tsuki to Tenbin,2,0.0018365472910927456,0,0.0
Bachigai Hummingbird,Boujaku no Charisma,3,0.0027548209366391185,0,0.0
Another World,Snow Reverse,3,0.0027548209366391185,0,0.0
Another World,mouth to mouse(sent you),1,0.0009182736455463728,0,0.0
City peel,Siren in the Spy,1,0.0009182736455463728,0,0.0
City peel,Nani ka ga Kawari So,1,0.0009182736455463728,0,0.0
City peel,Haru ga Kite Bokura,1,0.0009182736455463728,0,0.0
Master Volume,Siren in the Spy,3,0.0027548209366391185,0,0.0
Siren in the Spy,"kid, I like quartet",2,0.0018365472910927456,0,0.0
Bachigai Hummingbird,Millennium Happy Chainsaw Edge,3,0.0027548209366391185,0,0.0
Chaos ga Kiwamaru,Enogu,2,0.0018365472910927456,0,0.0
First Love,over driver,1,0.0009182736455463728,0,0.0
Childhood Supernova,I Love Need You,1,0.0009182736455463728,0,0.0
Fiction Freak Crisis,Siren in the Spy,3,0.0027548209366391185,0,0.0
I Love Need You,MR. Andy,1,0.0009182736455463728,0,0.0
I Love Need You,cody beats,1,0.0009182736455463728,0,0.0
Clover,I Love Need You,1,0.0009182736455463728,0,0.0
Bachigai Hummingbird,I Love Need You,1,0.0009182736455463728,0,0.0
I Love Need You,Messenger From Zen Sekai,1,0.0009182736455463728,0,0.0
Full Color Program,I Love Need You,1,0.0009182736455463728,0,0.0
Enogu,Slow Curve wa Utenai (that made me crazy),1,0.0009182736455463728,0,0.0
Momai termination,Pandemic Sudden Death,1,0.0009182736455463728,0,0.0
First Love,Orion wo Nazoru,1,0.0009182736455463728,0,0.0
First Love,WINDOW Akeru,1,0.0009182736455463728,0,0.0
Kimagure Zattou,WINDOW Akeru,1,0.0009182736455463728,0,0.0
First Love,Sentimental Period,1,0.0009182736455463728,0,0.0
Clover,First Love,1,0.0009182736455463728,0,0.0
Invisible Sensation,Siren in the Spy,1,0.0009182736455463728,0,0.0
Hakoniwa Rock Show,Invisible Sensation,2,0.0018365472910927456,0,0.0
Fiction Freak Crisis,Karakuri Karukare,1,0.0009182736455463728,0,0.0
Mou Kimi ni Aenai,Siren in the Spy,1,0.0009182736455463728,0,0.0
Full Color Program,Mou Kimi ni Aenai,2,0.0018365472910927456,0,0.0
Mou Kimi ni Aenai,Sakura no Ato (all quartets lead to the?),1,0.0009182736455463728,0,0.0
Sekai wa Fancy,Siren in the Spy,4,0.0036730945821854912,0,0.0
Millennium Happy Chainsaw Edge,Siren in the Spy,1,0.0009182736455463728,0,0.0
Siren in the Spy,Slow Curve wa Utenai (that made me crazy),1,0.0009182736455463728,0,0.0
Mou Kimi ni Aenai,Slow Curve wa Utenai (that made me crazy),2,0.0018365472910927456,0,0.0
Ikenai fool logic,Siren in the Spy,1,0.0009182736455463728,0,0.0
Enogu,Siren in the Spy,1,0.0009182736455463728,0,0.0
Enogu,Full Color Program,2,0.0018365472910927456,0,0.0
Enogu,Sakura no Ato (all quartets lead to the?),1,0.0009182736455463728,0,0.0
Enogu,Mou Kimi ni Aenai,1,0.0009182736455463728,0,0.0
Enogu,Sekai wa Fancy,2,0.0018365472910927456,0,0.0
Enogu,Millennium Happy Chainsaw Edge,1,0.0009182736455463728,0,0.0
Otonoba Chukan Shiken,Yayoichou Lonely Planet,1,0.0009182736455463728,0,0.0
Phantom Joke,Yayoichou Lonely Planet,2,0.0018365472910927456,0,0.0
Mizu to Ame ni Tsuite,Ryusei Zenya,1,0.0009182736455463728,0,0.0
Coffee Cup Syndrome,Protract Countdown,1,0.0009182736455463728,0,0.0
Hoshi Oitachi no Inori,Kimi no Moto e,1,0.0009182736455463728,0,0.0
Hoshi Oitachi no Inori,Ryusei Zenya,1,0.0009182736455463728,0,0.0
Hoshi Oitachi no Inori,Toushindai no Chikyu,1,0.0009182736455463728,0,0.0
Coffee Cup Syndrome,Nani ka ga Kawari So,1,0.0009182736455463728,0,0.0
Coffee Cup Syndrome,Stay Mellow,1,0.0009182736455463728,0,0.0
Coffee Cup Syndrome,bad music disco,1,0.0009182736455463728,0,0.0
Coffee Cup Syndrome,Ryusei Zenya,1,0.0009182736455463728,0,0.0
Hoshi Oitachi no Inori,Protract Countdown,1,0.0009182736455463728,0,0.0
Messenger From Zen Sekai,Nani ka ga Kawari So,1,0.0009182736455463728,0,0.0
Nani ka ga Kawari So,Stay Mellow,1,0.0009182736455463728,0,0.0
Nani ka ga Kawari So,bad music disco,1,0.0009182736455463728,0,0.0
Nani ka ga Kawari So,Protract Countdown,1,0.0009182736455463728,0,0.0
Kimagure Zattou,Nani ka ga Kawari So,1,0.0009182736455463728,0,0.0
Kimi no Moto e,Nani ka ga Kawari So,1,0.0009182736455463728,0,0.0
Hoshi Oitachi no Inori,Kimagure Zattou,1,0.0009182736455463728,0,0.0
Hoshi Oitachi no Inori,Ride on Time,1,0.0009182736455463728,0,0.0
Drum Solo,Yayoichou Lonely Planet,1,0.0009182736455463728,0,0.0
Ryusei Kouro,bad music disco,1,0.0009182736455463728,0,0.0
bad music disco,cody beats,1,0.0009182736455463728,0,0.0
Ryusei Zenya,cody beats,1,0.0009182736455463728,0,0.0
Hoshi Oitachi no Inori,Ryusei Kouro,1,0.0009182736455463728,0,0.0
Coffee Cup Syndrome,Ryusei Kouro,1,0.0009182736455463728,0,0.0
Nani ka ga Kawari So,Ryusei Kouro,1,0.0009182736455463728,0,0.0
Ryusei Kouro,Stay Mellow,1,0.0009182736455463728,0,0.0
Kimagure Zattou,Ryusei Kouro,1,0.0009182736455463728,0,0.0
Hoshi Oitachi no Inori,bad music disco,1,0.0009182736455463728,0,0.0
Kimi no Moto e,Ryusei Kouro,1,0.0009182736455463728,0,0.0
Ryusei Kouro,Ryusei Zenya,1,0.0009182736455463728,0,0.0
Coffee Cup Syndrome,Hoshi Oitachi no Inori,1,0.0009182736455463728,0,0.0
Hoshi Oitachi no Inori,Nani ka ga Kawari So,1,0.0009182736455463728,0,0.0
Hoshi Oitachi no Inori,Messenger From Zen Sekai,1,0.0009182736455463728,0,0.0
Hoshi Oitachi no Inori,Stay Mellow,1,0.0009182736455463728,0,0.0
Nani ka ga Kawari So,Ryusei Zenya,1,0.0009182736455463728,0,0.0
Mizu to Ame ni Tsuite,Nani ka ga Kawari So,1,0.0009182736455463728,0,0.0
Deirai Kyousou Gakudan,Stay Mellow,1,0.0009182736455463728,0,0.0
Mizu to Ame ni Tsuite,Protract Countdown,2,0.0018365472910927456,0,0.0
Toushindai no Chikyu,bad music disco,1,0.0009182736455463728,0,0.0
Galileo no Showcase,Ryusei Zenya,1,0.0009182736455463728,0,0.0
Protract Countdown,Ride on Time,3,0.0027548209366391185,0,0.0
Ride on Time,Ryusei Zenya,1,0.0009182736455463728,0,0.0
Protract Countdown,Ryusei Zenya,1,0.0009182736455463728,0,0.0
Protract Countdown,Toushindai no Chikyu,3,0.0027548209366391185,0,0.0
Kimagure Zattou,Kimi no Moto e,1,0.0009182736455463728,0,0.0
Deirai Kyousou Gakudan,bad music disco,1,0.0009182736455463728,0,0.0
Kimagure Zattou,Ryusei Zenya,1,0.0009182736455463728,0,0.0
Kimagure Zattou,Toushindai no Chikyu,1,0.0009182736455463728,0,0.0
Kimagure Zattou,Mizu to Ame ni Tsuite,1,0.0009182736455463728,0,0.0
Kimi no Moto e,Ryusei Zenya,1,0.0009182736455463728,0,0.0
Kimi no Moto e,Mizu to Ame ni Tsuite,2,0.0018365472910927456,0,0.0
Ryusei Zenya,Toushindai no Chikyu,1,0.0009182736455463728,0,0.0
Ryusei Zenya,bad music disco,1,0.0009182736455463728,0,0.0
Kimi no Moto e,bad music disco,1,0.0009182736455463728,0,0.0
Kimagure Zattou,bad music disco,1,0.0009182736455463728,0,0.0
Protract Countdown,bad music disco,1,0.0009182736455463728,0,0.0
Mizu to Ame ni Tsuite,Stay Mellow,1,0.0009182736455463728,0,0.0
Stay Mellow,Toushindai no Chikyu,1,0.0009182736455463728,0,0.0
Ryusei Zenya,Stay Mellow,1,0.0009182736455463728,0,0.0
Kimi no Moto e,Stay Mellow,1,0.0009182736455463728,0,0.0
Kimagure Zattou,Stay Mellow,1,0.0009182736455463728,0,0.0
Protract Countdown,Stay Mellow,1,0.0009182736455463728,0,0.0
Ride on Time,Stay Mellow,1,0.0009182736455463728,0,0.0
Galileo no Showcase,Stay Mellow,1,0.0009182736455463728,0,0.0
Stay Mellow,bad music disco,1,0.0009182736455463728,0,0.0
Messenger From Zen Sekai,Ryusei Zenya,1,0.0009182736455463728,0,0.0
Messenger From Zen Sekai,Stay Mellow,1,0.0009182736455463728,0,0.0
Deirai Kyousou Gakudan,Ryusei Zenya,1,0.0009182736455463728,0,0.0
Deirai Kyousou Gakudan,Kimagure Zattou,1,0.0009182736455463728,0,0.0
Stay Mellow,cody beats,1,0.0009182736455463728,0,0.0
Nani ka ga Kawari So,cody beats,2,0.0018365472910927456,0,0.0
Hoshi Oitachi no Inori,cody beats,1,0.0009182736455463728,0,0.0
CAPACITY Koeru,Drum Solo,1,0.0009182736455463728,0,0.0
Cross Heart 1 Gousen (Advantage In a Long Time),Sakura no Ato (all quartets lead to the?),2,0.0018365472910927456,0,0.0
Silent Libre Mirage,Siren in the Spy,2,0.0018365472910927456,0,0.0
Kimi no Hitomi ni Koishi Tenai,Koisuru Wakusei,3,0.0027548209366391185,0,0.0
Boujaku no Charisma,Koisuru Wakusei,3,0.0027548209366391185,0,0.0
"8-Gatsu, Hirunaka no Nagareboshi to Hikouki-Gumo",CAPACITY Koeru,1,0.0009182736455463728,0,0.0
CAPACITY Koeru,Friday Novels,1,0.0009182736455463728,0,0.0
"8-Gatsu, Hirunaka no Nagareboshi to Hikouki-Gumo",fake town baby,2,0.0018365472910927456,0,0.0
Andromeda,Light Flat,3,0.0027548209366391185,0,0.0
"8-Gatsu, Hirunaka no Nagareboshi to Hikouki-Gumo",Master Volume,1,0.0009182736455463728,0,0.0
"8-Gatsu, Hirunaka no Nagareboshi to Hikouki-Gumo",Siren in the Spy,1,0.0009182736455463728,0,0.0
Friday Novels,fake town baby,2,0.0018365472910927456,0,0.0
Friday Novels,Siren in the Spy,1,0.0009182736455463728,0,0.0
Drum Solo,Master Volume,2,0.0018365472910927456,0,0.0
Drum Solo,Siren in the Spy,1,0.0009182736455463728,0,0.0
Cross Heart 1 Gousen (Advantage In a Long Time),Kimi no Moto e,2,0.0018365472910927456,0,0.0
Phantom Joke,to the CIDER ROAD,1,0.0009182736455463728,0,0.0
Kimi no Moto e,Phantom Joke,1,0.0009182736455463728,0,0.0
Instrumental Jam,to the CIDER ROAD,1,0.0009182736455463728,0,0.0
Instrumental Jam,Kimi no Moto e,1,0.0009182736455463728,0,0.0
Otonoba Chukan Shiken,to the CIDER ROAD,1,0.0009182736455463728,0,0.0
Hakoniwa Rock Show,Phantom Joke,1,0.0009182736455463728,0,0.0
Hakoniwa Rock Show,Instrumental Jam,1,0.0009182736455463728,0,0.0
Scarsdale,to the CIDER ROAD,1,0.0009182736455463728,0,0.0
Instrumental Jam,Scarsdale,1,0.0009182736455463728,0,0.0
Seihitsu Kanbi Akigure Jojou,to the CIDER ROAD,2,0.0018365472910927456,0,0.0
Kimi no Moto e,Seihitsu Kanbi Akigure Jojou,2,0.0018365472910927456,0,0.0
Otonoba Chukan Shiken,Seihitsu Kanbi Akigure Jojou,1,0.0009182736455463728,0,0.0
Hakoniwa Rock Show,Seihitsu Kanbi Akigure Jojou,2,0.0018365472910927456,0,0.0
Scarsdale,Seihitsu Kanbi Akigure Jojou,2,0.0018365472910927456,0,0.0
Sakura no Ato (all quartets lead to the?),Yayoichou Lonely Planet,1,0.0009182736455463728,0,0.0
Kimi no Moto e,Yayoichou Lonely Planet,1,0.0009182736455463728,0,0.0
Siren in the Spy,Toushindai no Chikyu,3,0.0027548209366391185,0,0.0
Andromeda,Tsuki to Tenbin,1,0.0009182736455463728,0,0.0
Ryusei Zenya,mouth to mouse(sent you),1,0.0009182736455463728,0,0.0
Mizu to Ame ni Tsuite,Scarsdale,2,0.0018365472910927456,0,0.0
Pandemic Sudden Death,Tameiki shooting the MOON,2,0.0018365472910927456,0,0.0
Cross Heart 1 Gousen (Advantage In a Long Time),Ryusei no Squall,1,0.0009182736455463728,0,0.0
Coffee Cup Syndrome,Hitori Omou wa Ame no Naka,1,0.0009182736455463728,0,0.0
Millennium Happy Chainsaw Edge,Nagareboshi wo Uchi Otose,1,0.0009182736455463728,0,0.0
Airabuniju,Kimi no Moto e,2,0.0018365472910927456,0,0.0
Bachigai Hummingbird,Mizu to Ame ni Tsuite,2,0.0018365472910927456,0,0.0
Kirai = Kirai,Mizu to Ame ni Tsuite,1,0.0009182736455463728,0,0.0
Searchlight,Tsuki to Tenbin,1,0.0009182736455463728,0,0.0
cody beats,mouth to mouse(sent you),1,0.0009182736455463728,0,0.0
Hoshi Oitachi no Inori,mouth to mouse(sent you),1,0.0009182736455463728,0,0.0
Nani ka ga Kawari So,mouth to mouse(sent you),1,0.0009182736455463728,0,0.0
Stay Mellow,mouth to mouse(sent you),1,0.0009182736455463728,0,0.0
Protract Countdown,mouth to mouse(sent you),1,0.0009182736455463728,0,0.0
Kimagure Zattou,mouth to mouse(sent you),1,0.0009182736455463728,0,0.0
MR. Andy,harmonized finale,4,0.0036730945821854912,0,0.0
MR. Andy,Tameiki shooting the MOON,2,0.0018365472910927456,0,0.0
Ai wa Kitto,Master Volume,1,0.0009182736455463728,0,0.0
Ai wa Kitto,Hakoniwa Rock Show,1,0.0009182736455463728,0,0.0
Ai wa Kitto,Sora no Tobikata,1,0.0009182736455463728,0,0.0
Ai wa Kitto,WINDOW Akeru,1,0.0009182736455463728,0,0.0
Cross Heart 1 Gousen (Advantage In a Long Time),Worldwide Supergirl,1,0.0009182736455463728,0,0.0
Cross Heart 1 Gousen (Advantage In a Long Time),mix juice no Iutouri,1,0.0009182736455463728,0,0.0
Master Volume,Silent Libre Mirage,1,0.0009182736455463728,0,0.0
Karakuri Karukare,Silent Libre Mirage,1,0.0009182736455463728,0,0.0
Karakuri Karukare,MIDNIGHT JUNGLE,1,0.0009182736455463728,0,0.0
"10% roll, 10% romance",Karakuri Karukare,2,0.0018365472910927456,0,0.0
Searchlight,Snow Reverse,1,0.0009182736455463728,0,0.0
Andromeda,Snow Reverse,2,0.0018365472910927456,0,0.0
23:25,Andromeda,4,0.0036730945821854912,0,0.0
Snow Reverse,Tsuki to Tenbin,1,0.0009182736455463728,0,0.0
Another World,Tsuki to Tenbin,1,0.0009182736455463728,0,0.0
Master Volume,Radial Night Chaser,1,0.0009182736455463728,0,0.0
